Unnamed: 0,elementId,activity_name,lifecycle:transition,start_timestamp,end_timestamp,case_id,resource,agent
17,173709_W_Completeren aanvraag_17,W_Completeren aanvraag,COMPLETE,2011-10-10 17:42:24.738000+00:00,2011-10-10 17:43:13.290000+00:00,173709,BC,28
63,173796_W_Nabellen offertes_63,W_Nabellen offertes,COMPLETE,2011-10-10 17:23:25.455000+00:00,2011-10-10 17:23:27.060000+00:00,173796,BT,45
64,173796_O_CANCELLED_64,O_CANCELLED,COMPLETE,2011-10-10 17:23:53.999000+00:00,2011-10-10 17:23:53.999000+00:00,173796,BT,45
65,173796_A_CANCELLED_65,A_CANCELLED,COMPLETE,2011-10-10 17:23:53.999000+00:00,2011-10-10 17:23:53.999000+00:00,173796,BT,45
66,173796_W_Nabellen offertes_66,W_Nabellen offertes,COMPLETE,2011-10-10 17:23:40.036000+00:00,2011-10-10 17:23:56.237000+00:00,173796,BT,45
93,173817_O_SENT_BACK_93,O_SENT_BACK,COMPLETE,2011-10-07 13:23:32.793000+00:00,2011-10-07 13:23:32.793000+00:00,173817,AP,15
94,173817_W_Nabellen offertes_94,W_Nabellen offertes,COMPLETE,2011-10-07 13:23:20.979000+00:00,2011-10-07 13:23:34.131000+00:00,173817,AP,15
95,173817_O_DECLINED_95,O_DECLINED,COMPLETE,2011-10-11 09:15:45.243000+00:00,2011-10-11 09:15:45.243000+00:00,173817,AF,5
96,173817_A_DECLINED_96,A_DECLINED,COMPLETE,2011-10-11 09:15:45.243000+00:00,2011-10-11 09:15:45.243000+00:00,173817,AF,5
97,173817_W_Valideren aanvraag_97,W_Valideren aanvraag,COMPLETE,2011-10-11 09:00:57.125000+00:00,2011-10-11 09:15:48.288000+00:00,173817,AF,5
118,173844_O_SENT_BACK_118,O_SENT_BACK,COMPLETE,2011-10-10 10:17:48.189000+00:00,2011-10-10 10:17:48.189000+00:00,173844,BJ,35
119,173844_W_Nabellen offertes_119,W_Nabellen offertes,COMPLETE,2011-10-10 10:17:24.272000+00:00,2011-10-10 10:17:49.568000+00:00,173844,BJ,35
120,173844_O_ACCEPTED_120,O_ACCEPTED,COMPLETE,2011-10-11 14:57:01.617000+00:00,2011-10-11 14:57:01.617000+00:00,173844,AG,6
121,173844_A_APPROVED_121,A_APPROVED,COMPLETE,2011-10-11 14:57:01.617000+00:00,2011-10-11 14:57:01.617000+00:00,173844,AG,6
122,173844_A_REGISTERED_122,A_REGISTERED,COMPLETE,2011-10-11 14:57:01.618000+00:00,2011-10-11 14:57:01.618000+00:00,173844,AG,6
123,173844_A_ACTIVATED_123,A_ACTIVATED,COMPLETE,2011-10-11 14:57:01.618000+00:00,2011-10-11 14:57:01.618000+00:00,173844,AG,6
124,173844_W_Valideren aanvraag_124,W_Valideren aanvraag,COMPLETE,2011-10-11 14:41:27.726000+00:00,2011-10-11 14:57:09.495000+00:00,173844,AG,6
212,173982_A_CANCELLED_212,A_CANCELLED,COMPLETE,2011-10-10 17:27:02.781000+00:00,2011-10-10 17:27:02.781000+00:00,173982,BL,37
213,173982_O_CANCELLED_213,O_CANCELLED,COMPLETE,2011-10-10 17:27:02.781000+00:00,2011-10-10 17:27:02.781000+00:00,173982,BL,37
214,173982_W_Nabellen offertes_214,W_Nabellen offertes,COMPLETE,2011-10-10 17:25:16.891000+00:00,2011-10-10 17:27:04.732000+00:00,173982,BL,37
243,174018_W_Nabellen offertes_243,W_Nabellen offertes,COMPLETE,2011-10-10 17:32:29.111000+00:00,2011-10-10 17:35:08.752000+00:00,174018,BL,37
244,174018_O_CANCELLED_244,O_CANCELLED,COMPLETE,2011-10-17 11:35:04.381000+00:00,2011-10-17 11:35:04.381000+00:00,174018,AS,18
245,174018_A_CANCELLED_245,A_CANCELLED,COMPLETE,2011-10-17 11:35:04.381000+00:00,2011-10-17 11:35:04.381000+00:00,174018,AS,18
246,174018_W_Nabellen offertes_246,W_Nabellen offertes,COMPLETE,2011-10-17 11:34:34.483000+00:00,2011-10-17 11:35:07.156000+00:00,174018,AS,18
390,174180_W_Nabellen offertes_390,W_Nabellen offertes,COMPLETE,2011-10-10 19:04:26.852000+00:00,2011-10-10 19:21:21.211000+00:00,174180,BL,37
391,174180_W_Nabellen offertes_391,W_Nabellen offertes,COMPLETE,2011-10-10 20:07:04.526000+00:00,2011-10-10 20:07:56.907000+00:00,174180,BL,37
392,174180_A_CANCELLED_392,A_CANCELLED,COMPLETE,2011-10-14 10:03:43.703000+00:00,2011-10-14 10:03:43.703000+00:00,174180,BT,45
393,174180_O_CANCELLED_393,O_CANCELLED,COMPLETE,2011-10-14 10:03:43.703000+00:00,2011-10-14 10:03:43.703000+00:00,174180,BT,45
394,174180_W_Nabellen offertes_394,W_Nabellen offertes,COMPLETE,2011-10-14 10:00:53.011000+00:00,2011-10-14 10:03:46.462000+00:00,174180,BT,45
450,174231_O_CANCELLED_450,O_CANCELLED,COMPLETE,2011-10-11 20:43:59.970000+00:00,2011-10-11 20:43:59.970000+00:00,174231,BL,37
451,174231_A_CANCELLED_451,A_CANCELLED,COMPLETE,2011-10-11 20:43:59.970000+00:00,2011-10-11 20:43:59.970000+00:00,174231,BL,37
452,174231_W_Nabellen offertes_452,W_Nabellen offertes,COMPLETE,2011-10-11 20:42:17.828000+00:00,2011-10-11 20:44:01.663000+00:00,174231,BL,37
514,174382_O_SENT_BACK_514,O_SENT_BACK,COMPLETE,2011-10-10 12:59:24.052000+00:00,2011-10-10 12:59:24.052000+00:00,174382,AP,15
515,174382_W_Nabellen offertes_515,W_Nabellen offertes,COMPLETE,2011-10-10 12:58:53.681000+00:00,2011-10-10 12:59:26.345000+00:00,174382,AP,15
516,174382_W_Valideren aanvraag_516,W_Valideren aanvraag,COMPLETE,2011-10-11 12:45:47.014000+00:00,2011-10-11 14:10:39.515000+00:00,174382,AC,2
517,174382_W_Valideren aanvraag_517,W_Valideren aanvraag,COMPLETE,2011-10-11 14:11:06.585000+00:00,2011-10-11 14:46:22.169000+00:00,174382,AC,2
518,174382_W_Nabellen incomplete dossiers_518,W_Nabellen incomplete dossiers,COMPLETE,2011-10-11 15:53:47.581000+00:00,2011-10-11 15:53:48.873000+00:00,174382,AO,14
519,174382_W_Nabellen incomplete dossiers_519,W_Nabellen incomplete dossiers,COMPLETE,2011-10-11 16:08:54.872000+00:00,2011-10-11 16:08:56.027000+00:00,174382,AO,14
520,174382_W_Nabellen incomplete dossiers_520,W_Nabellen incomplete dossiers,COMPLETE,2011-10-11 16:27:26.677000+00:00,2011-10-11 16:27:28.974000+00:00,174382,AO,14
521,174382_W_Nabellen incomplete dossiers_521,W_Nabellen incomplete dossiers,COMPLETE,2011-10-11 16:32:27.554000+00:00,2011-10-11 16:32:28.717000+00:00,174382,AO,14
522,174382_W_Nabellen incomplete dossiers_522,W_Nabellen incomplete dossiers,COMPLETE,2011-10-11 16:40:15.632000+00:00,2011-10-11 16:48:02.360000+00:00,174382,AO,14
523,174382_W_Nabellen incomplete dossiers_523,W_Nabellen incomplete dossiers,COMPLETE,2011-10-11 16:55:27.919000+00:00,2011-10-11 16:58:40.008000+00:00,174382,BP,41
524,174382_W_Nabellen incomplete dossiers_524,W_Nabellen incomplete dossiers,COMPLETE,2011-10-12 09:21:44.353000+00:00,2011-10-12 09:22:57.888000+00:00,174382,AP,15
525,174382_O_SELECTED_525,O_SELECTED,COMPLETE,2011-10-12 10:07:32.157000+00:00,2011-10-12 10:07:32.157000+00:00,174382,AC,2
526,174382_O_CANCELLED_526,O_CANCELLED,COMPLETE,2011-10-12 10:07:32.157000+00:00,2011-10-12 10:07:32.157000+00:00,174382,AC,2
527,174382_O_CREATED_527,O_CREATED,COMPLETE,2011-10-12 10:08:19.698000+00:00,2011-10-12 10:08:19.698000+00:00,174382,AC,2
528,174382_O_SENT_528,O_SENT,COMPLETE,2011-10-12 10:08:19.730000+00:00,2011-10-12 10:08:19.730000+00:00,174382,AC,2
529,174382_W_Valideren aanvraag_529,W_Valideren aanvraag,COMPLETE,2011-10-12 10:02:13.963000+00:00,2011-10-12 10:08:21.170000+00:00,174382,AC,2
530,174382_W_Nabellen incomplete dossiers_530,W_Nabellen incomplete dossiers,COMPLETE,2011-10-12 10:08:31.112000+00:00,2011-10-12 10:09:07.302000+00:00,174382,AC,2
531,174382_O_ACCEPTED_531,O_ACCEPTED,COMPLETE,2011-10-12 10:10:05.683000+00:00,2011-10-12 10:10:05.683000+00:00,174382,AC,2
532,174382_A_REGISTERED_532,A_REGISTERED,COMPLETE,2011-10-12 10:10:05.683000+00:00,2011-10-12 10:10:05.683000+00:00,174382,AC,2
533,174382_A_APPROVED_533,A_APPROVED,COMPLETE,2011-10-12 10:10:05.683000+00:00,2011-10-12 10:10:05.683000+00:00,174382,AC,2
534,174382_A_ACTIVATED_534,A_ACTIVATED,COMPLETE,2011-10-12 10:10:05.683000+00:00,2011-10-12 10:10:05.683000+00:00,174382,AC,2
535,174382_W_Nabellen incomplete dossiers_535,W_Nabellen incomplete dossiers,COMPLETE,2011-10-12 10:09:26.557000+00:00,2011-10-12 10:10:12.888000+00:00,174382,AC,2
545,174385_O_SENT_BACK_545,O_SENT_BACK,COMPLETE,2011-10-10 10:43:35.942000+00:00,2011-10-10 10:43:35.942000+00:00,174385,BJ,35
546,174385_W_Nabellen offertes_546,W_Nabellen offertes,COMPLETE,2011-10-10 10:42:35.321000+00:00,2011-10-10 10:43:37.930000+00:00,174385,BJ,35
547,174385_W_Valideren aanvraag_547,W_Valideren aanvraag,COMPLETE,2011-10-12 08:53:24.810000+00:00,2011-10-12 08:59:10.014000+00:00,174385,AG,6
548,174385_O_ACCEPTED_548,O_ACCEPTED,COMPLETE,2011-10-12 09:12:14.143000+00:00,2011-10-12 09:12:14.143000+00:00,174385,AG,6
549,174385_A_APPROVED_549,A_APPROVED,COMPLETE,2011-10-12 09:12:14.143000+00:00,2011-10-12 09:12:14.143000+00:00,174385,AG,6
550,174385_A_REGISTERED_550,A_REGISTERED,COMPLETE,2011-10-12 09:12:14.144000+00:00,2011-10-12 09:12:14.144000+00:00,174385,AG,6
551,174385_A_ACTIVATED_551,A_ACTIVATED,COMPLETE,2011-10-12 09:12:14.144000+00:00,2011-10-12 09:12:14.144000+00:00,174385,AG,6
552,174385_W_Valideren aanvraag_552,W_Valideren aanvraag,COMPLETE,2011-10-12 08:59:28.499000+00:00,2011-10-12 09:12:20.713000+00:00,174385,AG,6
565,174394_O_SENT_BACK_565,O_SENT_BACK,COMPLETE,2011-10-10 13:13:12.041000+00:00,2011-10-10 13:13:12.041000+00:00,174394,AP,15
566,174394_W_Nabellen offertes_566,W_Nabellen offertes,COMPLETE,2011-10-10 13:13:03.649000+00:00,2011-10-10 13:13:13.479000+00:00,174394,AP,15
567,174394_A_DECLINED_567,A_DECLINED,COMPLETE,2011-10-13 08:48:03.729000+00:00,2011-10-13 08:48:03.729000+00:00,174394,AF,5
568,174394_O_DECLINED_568,O_DECLINED,COMPLETE,2011-10-13 08:48:03.729000+00:00,2011-10-13 08:48:03.729000+00:00,174394,AF,5
569,174394_W_Valideren aanvraag_569,W_Valideren aanvraag,COMPLETE,2011-10-13 08:38:49.205000+00:00,2011-10-13 08:48:10.389000+00:00,174394,AF,5
649,174505_W_Nabellen offertes_649,W_Nabellen offertes,COMPLETE,2011-10-11 20:52:08.447000+00:00,2011-10-11 20:55:02.761000+00:00,174505,BR,43
650,174505_O_SENT_BACK_650,O_SENT_BACK,COMPLETE,2011-10-12 10:13:56.066000+00:00,2011-10-12 10:13:56.066000+00:00,174505,AP,15
651,174505_W_Nabellen offertes_651,W_Nabellen offertes,COMPLETE,2011-10-12 10:13:47.467000+00:00,2011-10-12 10:13:57.827000+00:00,174505,AP,15
652,174505_W_Valideren aanvraag_652,W_Valideren aanvraag,COMPLETE,2011-10-17 14:55:56.456000+00:00,2011-10-17 15:07:50.304000+00:00,174505,AG,6
653,174505_O_ACCEPTED_653,O_ACCEPTED,COMPLETE,2011-10-17 15:19:47.139000+00:00,2011-10-17 15:19:47.139000+00:00,174505,AG,6
654,174505_A_REGISTERED_654,A_REGISTERED,COMPLETE,2011-10-17 15:19:47.139000+00:00,2011-10-17 15:19:47.139000+00:00,174505,AG,6
655,174505_A_APPROVED_655,A_APPROVED,COMPLETE,2011-10-17 15:19:47.139000+00:00,2011-10-17 15:19:47.139000+00:00,174505,AG,6
656,174505_A_ACTIVATED_656,A_ACTIVATED,COMPLETE,2011-10-17 15:19:47.139000+00:00,2011-10-17 15:19:47.139000+00:00,174505,AG,6
657,174505_W_Valideren aanvraag_657,W_Valideren aanvraag,COMPLETE,2011-10-17 15:07:56.194000+00:00,2011-10-17 15:19:54.309000+00:00,174505,AG,6
818,174758_W_Valideren aanvraag_818,W_Valideren aanvraag,COMPLETE,2011-10-07 12:57:30.722000+00:00,2011-10-07 12:59:03.436000+00:00,174758,AQ,16
819,174758_W_Valideren aanvraag_819,W_Valideren aanvraag,COMPLETE,2011-10-07 13:09:57.340000+00:00,2011-10-07 13:11:47.412000+00:00,174758,BO,40
820,174758_W_Nabellen incomplete dossiers_820,W_Nabellen incomplete dossiers,COMPLETE,2011-10-07 13:12:01.719000+00:00,2011-10-07 13:13:45.456000+00:00,174758,BO,40
821,174758_W_Nabellen incomplete dossiers_821,W_Nabellen incomplete dossiers,COMPLETE,2011-10-14 09:13:20.662000+00:00,2011-10-14 09:14:04.755000+00:00,174758,BI,34
823,174758_W_Nabellen incomplete dossiers_823,W_Nabellen incomplete dossiers,COMPLETE,2011-10-18 09:11:45.585000+00:00,2011-10-18 09:12:05.668000+00:00,174758,BJ,35
824,174758_W_Valideren aanvraag_824,W_Valideren aanvraag,COMPLETE,2011-10-24 14:21:19.364000+00:00,2011-10-24 14:48:45.517000+00:00,174758,AC,2
825,174758_O_ACCEPTED_825,O_ACCEPTED,COMPLETE,2011-10-24 15:13:43.407000+00:00,2011-10-24 15:13:43.407000+00:00,174758,AC,2
826,174758_A_REGISTERED_826,A_REGISTERED,COMPLETE,2011-10-24 15:13:43.407000+00:00,2011-10-24 15:13:43.407000+00:00,174758,AC,2
827,174758_A_ACTIVATED_827,A_ACTIVATED,COMPLETE,2011-10-24 15:13:43.407000+00:00,2011-10-24 15:13:43.407000+00:00,174758,AC,2
828,174758_A_APPROVED_828,A_APPROVED,COMPLETE,2011-10-24 15:13:43.407000+00:00,2011-10-24 15:13:43.407000+00:00,174758,AC,2
829,174758_W_Valideren aanvraag_829,W_Valideren aanvraag,COMPLETE,2011-10-24 15:04:07.333000+00:00,2011-10-24 15:13:51.416000+00:00,174758,AC,2
846,174761_O_SENT_BACK_846,O_SENT_BACK,COMPLETE,2011-10-11 09:48:19.255000+00:00,2011-10-11 09:48:19.255000+00:00,174761,BJ,35
847,174761_W_Nabellen offertes_847,W_Nabellen offertes,COMPLETE,2011-10-11 09:47:47.027000+00:00,2011-10-11 09:48:20.927000+00:00,174761,BJ,35
848,174761_O_CANCELLED_848,O_CANCELLED,COMPLETE,2011-10-14 14:07:32.476000+00:00,2011-10-14 14:07:32.476000+00:00,174761,AC,2
849,174761_O_SELECTED_849,O_SELECTED,COMPLETE,2011-10-14 14:07:32.476000+00:00,2011-10-14 14:07:32.476000+00:00,174761,AC,2
850,174761_O_CREATED_850,O_CREATED,COMPLETE,2011-10-14 14:07:33.854000+00:00,2011-10-14 14:07:33.854000+00:00,174761,AC,2
851,174761_O_SENT_851,O_SENT,COMPLETE,2011-10-14 14:07:33.890000+00:00,2011-10-14 14:07:33.890000+00:00,174761,AC,2
852,174761_W_Valideren aanvraag_852,W_Valideren aanvraag,COMPLETE,2011-10-14 13:53:50.666000+00:00,2011-10-14 14:07:36.194000+00:00,174761,AC,2
853,174761_A_APPROVED_853,A_APPROVED,COMPLETE,2011-10-14 14:10:01.681000+00:00,2011-10-14 14:10:01.681000+00:00,174761,AC,2
854,174761_O_ACCEPTED_854,O_ACCEPTED,COMPLETE,2011-10-14 14:10:01.681000+00:00,2011-10-14 14:10:01.681000+00:00,174761,AC,2
855,174761_A_ACTIVATED_855,A_ACTIVATED,COMPLETE,2011-10-14 14:10:01.682000+00:00,2011-10-14 14:10:01.682000+00:00,174761,AC,2
856,174761_A_REGISTERED_856,A_REGISTERED,COMPLETE,2011-10-14 14:10:01.682000+00:00,2011-10-14 14:10:01.682000+00:00,174761,AC,2
857,174761_W_Nabellen incomplete dossiers_857,W_Nabellen incomplete dossiers,COMPLETE,2011-10-14 14:08:58.453000+00:00,2011-10-14 14:10:11.829000+00:00,174761,AC,2
941,174947_A_CANCELLED_941,A_CANCELLED,COMPLETE,2011-10-13 13:03:10.328000+00:00,2011-10-13 13:03:10.328000+00:00,174947,AQ,16
942,174947_O_CANCELLED_942,O_CANCELLED,COMPLETE,2011-10-13 13:03:10.328000+00:00,2011-10-13 13:03:10.328000+00:00,174947,AQ,16
943,174947_W_Nabellen offertes_943,W_Nabellen offertes,COMPLETE,2011-10-13 12:58:57.986000+00:00,2011-10-13 13:03:12.294000+00:00,174947,AQ,16
960,174953_O_SENT_BACK_960,O_SENT_BACK,COMPLETE,2011-10-10 10:19:37.898000+00:00,2011-10-10 10:19:37.898000+00:00,174953,BJ,35
961,174953_W_Nabellen offertes_961,W_Nabellen offertes,COMPLETE,2011-10-10 10:19:18.382000+00:00,2011-10-10 10:19:39.377000+00:00,174953,BJ,35
962,174953_O_ACCEPTED_962,O_ACCEPTED,COMPLETE,2011-10-12 10:39:57.662000+00:00,2011-10-12 10:39:57.662000+00:00,174953,AC,2
963,174953_A_APPROVED_963,A_APPROVED,COMPLETE,2011-10-12 10:39:57.662000+00:00,2011-10-12 10:39:57.662000+00:00,174953,AC,2
964,174953_A_REGISTERED_964,A_REGISTERED,COMPLETE,2011-10-12 10:39:57.662000+00:00,2011-10-12 10:39:57.662000+00:00,174953,AC,2
965,174953_A_ACTIVATED_965,A_ACTIVATED,COMPLETE,2011-10-12 10:39:57.663000+00:00,2011-10-12 10:39:57.663000+00:00,174953,AC,2
966,174953_W_Valideren aanvraag_966,W_Valideren aanvraag,COMPLETE,2011-10-12 10:21:26.938000+00:00,2011-10-12 10:40:04.253000+00:00,174953,AC,2
992,174985_A_CANCELLED_992,A_CANCELLED,COMPLETE,2011-10-13 13:08:40.379000+00:00,2011-10-13 13:08:40.379000+00:00,174985,AQ,16
993,174985_O_CANCELLED_993,O_CANCELLED,COMPLETE,2011-10-13 13:08:40.379000+00:00,2011-10-13 13:08:40.379000+00:00,174985,AQ,16
994,174985_W_Nabellen offertes_994,W_Nabellen offertes,COMPLETE,2011-10-13 13:04:52.847000+00:00,2011-10-13 13:08:42.461000+00:00,174985,AQ,16
1011,175000_W_Beoordelen fraude_1011,W_Beoordelen fraude,COMPLETE,2011-10-07 09:51:00.688000+00:00,2011-10-07 09:51:04.246000+00:00,175000,CF,57
1012,175000_A_DECLINED_1012,A_DECLINED,COMPLETE,2011-10-10 10:43:39.791000+00:00,2011-10-10 10:43:39.791000+00:00,175000,AD,3
1013,175000_W_Beoordelen fraude_1013,W_Beoordelen fraude,COMPLETE,2011-10-10 10:43:33.070000+00:00,2011-10-10 10:43:43.613000+00:00,175000,AD,3
1038,175027_O_SENT_BACK_1038,O_SENT_BACK,COMPLETE,2011-10-10 10:26:13.208000+00:00,2011-10-10 10:26:13.208000+00:00,175027,BJ,35
1039,175027_W_Nabellen offertes_1039,W_Nabellen offertes,COMPLETE,2011-10-10 10:24:37.549000+00:00,2011-10-10 10:26:15.835000+00:00,175027,BJ,35
1040,175027_W_Valideren aanvraag_1040,W_Valideren aanvraag,COMPLETE,2011-10-11 13:51:26.622000+00:00,2011-10-11 14:20:15.650000+00:00,175027,BJ,35
1041,175027_W_Valideren aanvraag_1041,W_Valideren aanvraag,COMPLETE,2011-10-11 16:07:20.472000+00:00,2011-10-11 16:07:29.162000+00:00,175027,BJ,35
1042,175027_W_Valideren aanvraag_1042,W_Valideren aanvraag,COMPLETE,2011-10-12 08:50:53.979000+00:00,2011-10-12 08:52:48.635000+00:00,175027,AG,6
1043,175027_W_Beoordelen fraude_1043,W_Beoordelen fraude,COMPLETE,2011-10-12 08:57:32.766000+00:00,2011-10-12 08:57:46.832000+00:00,175027,AJ,9
1044,175027_W_Valideren aanvraag_1044,W_Valideren aanvraag,COMPLETE,2011-10-12 08:59:16.415000+00:00,2011-10-12 08:59:23.274000+00:00,175027,AG,6
1045,175027_O_ACCEPTED_1045,O_ACCEPTED,COMPLETE,2011-10-12 09:30:12.591000+00:00,2011-10-12 09:30:12.591000+00:00,175027,AG,6
1046,175027_A_ACTIVATED_1046,A_ACTIVATED,COMPLETE,2011-10-12 09:30:12.592000+00:00,2011-10-12 09:30:12.592000+00:00,175027,AG,6
1047,175027_A_REGISTERED_1047,A_REGISTERED,COMPLETE,2011-10-12 09:30:12.592000+00:00,2011-10-12 09:30:12.592000+00:00,175027,AG,6
1048,175027_A_APPROVED_1048,A_APPROVED,COMPLETE,2011-10-12 09:30:12.592000+00:00,2011-10-12 09:30:12.592000+00:00,175027,AG,6
1049,175027_W_Valideren aanvraag_1049,W_Valideren aanvraag,COMPLETE,2011-10-12 09:13:08.896000+00:00,2011-10-12 09:30:18.351000+00:00,175027,AG,6
1077,175054_W_Nabellen offertes_1077,W_Nabellen offertes,COMPLETE,2011-10-13 13:15:22.924000+00:00,2011-10-13 13:18:00.040000+00:00,175054,AQ,16
1078,175054_W_Nabellen offertes_1078,W_Nabellen offertes,COMPLETE,2011-10-21 18:39:02.080000+00:00,2011-10-21 18:39:11.481000+00:00,175054,BU,46
1079,175054_W_Nabellen offertes_1079,W_Nabellen offertes,COMPLETE,2011-10-21 19:18:26.084000+00:00,2011-10-21 19:18:40.774000+00:00,175054,AF,5
1162,175156_A_DECLINED_1162,A_DECLINED,COMPLETE,2011-10-07 09:03:33.798000+00:00,2011-10-07 09:03:33.798000+00:00,175156,BH,33
1163,175156_W_Afhandelen leads_1163,W_Afhandelen leads,COMPLETE,2011-10-07 08:59:51.372000+00:00,2011-10-07 09:03:36.896000+00:00,175156,BH,33
1177,175186_A_PREACCEPTED_1177,A_PREACCEPTED,COMPLETE,2011-10-07 09:09:51.311000+00:00,2011-10-07 09:09:51.311000+00:00,175186,BH,33
1178,175186_W_Afhandelen leads_1178,W_Afhandelen leads,COMPLETE,2011-10-07 09:08:56.905000+00:00,2011-10-07 09:09:52.526000+00:00,175186,BH,33
1179,175186_A_DECLINED_1179,A_DECLINED,COMPLETE,2011-10-07 10:31:10.115000+00:00,2011-10-07 10:31:10.115000+00:00,175186,BT,45
1180,175186_W_Completeren aanvraag_1180,W_Completeren aanvraag,COMPLETE,2011-10-07 10:22:43.688000+00:00,2011-10-07 10:31:14.046000+00:00,175186,BT,45
1183,175189_A_PREACCEPTED_1183,A_PREACCEPTED,COMPLETE,2011-10-07 09:11:55.256000+00:00,2011-10-07 09:11:55.256000+00:00,175189,BH,33
1184,175189_W_Afhandelen leads_1184,W_Afhandelen leads,COMPLETE,2011-10-07 09:09:56.937000+00:00,2011-10-07 09:11:56.191000+00:00,175189,BH,33
1185,175189_W_Completeren aanvraag_1185,W_Completeren aanvraag,COMPLETE,2011-10-07 11:38:51.420000+00:00,2011-10-07 11:46:58.351000+00:00,175189,BT,45
1186,175189_A_DECLINED_1186,A_DECLINED,COMPLETE,2011-10-07 11:50:21.207000+00:00,2011-10-07 11:50:21.207000+00:00,175189,BT,45
1187,175189_W_Completeren aanvraag_1187,W_Completeren aanvraag,COMPLETE,2011-10-07 11:47:13.774000+00:00,2011-10-07 11:50:24.063000+00:00,175189,BT,45
1190,175201_A_DECLINED_1190,A_DECLINED,COMPLETE,2011-10-07 09:12:59.556000+00:00,2011-10-07 09:12:59.556000+00:00,175201,BH,33
1191,175201_W_Afhandelen leads_1191,W_Afhandelen leads,COMPLETE,2011-10-07 09:12:02.159000+00:00,2011-10-07 09:13:03.469000+00:00,175201,BH,33
1195,175219_A_ACCEPTED_1195,A_ACCEPTED,COMPLETE,2011-10-07 09:51:15.427000+00:00,2011-10-07 09:51:15.427000+00:00,175219,BT,45
1196,175219_W_Completeren aanvraag_1196,W_Completeren aanvraag,COMPLETE,2011-10-07 09:43:59.369000+00:00,2011-10-07 10:00:09.192000+00:00,175219,BT,45
1197,175219_A_CANCELLED_1197,A_CANCELLED,COMPLETE,2011-10-10 09:46:13.708000+00:00,2011-10-10 09:46:13.708000+00:00,175219,BI,34
1198,175219_W_Completeren aanvraag_1198,W_Completeren aanvraag,COMPLETE,2011-10-10 09:42:41.895000+00:00,2011-10-10 09:46:15.929000+00:00,175219,BI,34
1202,175225_A_SUBMITTED_1202,A_SUBMITTED,COMPLETE,2011-10-07 00:20:41.816000+00:00,2011-10-07 00:20:41.816000+00:00,175225,AA,0
1203,175225_A_PARTLYSUBMITTED_1203,A_PARTLYSUBMITTED,COMPLETE,2011-10-07 00:20:42.323000+00:00,2011-10-07 00:20:42.323000+00:00,175225,AA,0
1204,175225_A_DECLINED_1204,A_DECLINED,COMPLETE,2011-10-07 09:36:46.231000+00:00,2011-10-07 09:36:46.231000+00:00,175225,AQ,16
1205,175225_W_Afhandelen leads_1205,W_Afhandelen leads,COMPLETE,2011-10-07 09:31:18.962000+00:00,2011-10-07 09:36:49.135000+00:00,175225,AQ,16
1206,175228_A_SUBMITTED_1206,A_SUBMITTED,COMPLETE,2011-10-07 00:47:38.392000+00:00,2011-10-07 00:47:38.392000+00:00,175228,AA,0
1207,175228_A_PARTLYSUBMITTED_1207,A_PARTLYSUBMITTED,COMPLETE,2011-10-07 00:47:39.228000+00:00,2011-10-07 00:47:39.228000+00:00,175228,AA,0
1208,175228_A_DECLINED_1208,A_DECLINED,COMPLETE,2011-10-07 09:31:10.189000+00:00,2011-10-07 09:31:10.189000+00:00,175228,AQ,16
1209,175228_W_Afhandelen leads_1209,W_Afhandelen leads,COMPLETE,2011-10-07 09:18:05.333000+00:00,2011-10-07 09:31:13.558000+00:00,175228,AQ,16
1210,175242_A_SUBMITTED_1210,A_SUBMITTED,COMPLETE,2011-10-07 07:54:26.374000+00:00,2011-10-07 07:54:26.374000+00:00,175242,AA,0
1211,175242_A_PARTLYSUBMITTED_1211,A_PARTLYSUBMITTED,COMPLETE,2011-10-07 07:54:26.528000+00:00,2011-10-07 07:54:26.528000+00:00,175242,AA,0
1212,175242_A_DECLINED_1212,A_DECLINED,COMPLETE,2011-10-07 07:54:58.569000+00:00,2011-10-07 07:54:58.569000+00:00,175242,AA,0
1213,175245_A_SUBMITTED_1213,A_SUBMITTED,COMPLETE,2011-10-07 09:02:16.189000+00:00,2011-10-07 09:02:16.189000+00:00,175245,AA,0
1214,175245_A_PARTLYSUBMITTED_1214,A_PARTLYSUBMITTED,COMPLETE,2011-10-07 09:02:16.355000+00:00,2011-10-07 09:02:16.355000+00:00,175245,AA,0
1215,175245_A_DECLINED_1215,A_DECLINED,COMPLETE,2011-10-07 09:38:45.098000+00:00,2011-10-07 09:38:45.098000+00:00,175245,BH,33
1216,175245_W_Afhandelen leads_1216,W_Afhandelen leads,COMPLETE,2011-10-07 09:36:44.459000+00:00,2011-10-07 09:38:48.098000+00:00,175245,BH,33
1217,175251_A_SUBMITTED_1217,A_SUBMITTED,COMPLETE,2011-10-07 09:22:24.750000+00:00,2011-10-07 09:22:24.750000+00:00,175251,AA,0
1218,175251_A_PARTLYSUBMITTED_1218,A_PARTLYSUBMITTED,COMPLETE,2011-10-07 09:22:25.177000+00:00,2011-10-07 09:22:25.177000+00:00,175251,AA,0
1219,175251_A_PREACCEPTED_1219,A_PREACCEPTED,COMPLETE,2011-10-07 09:23:11.054000+00:00,2011-10-07 09:23:11.054000+00:00,175251,AA,0
1220,175251_W_Completeren aanvraag_1220,W_Completeren aanvraag,COMPLETE,2011-10-07 09:23:25.839000+00:00,2011-10-07 09:28:28.471000+00:00,175251,BH,33
1221,175251_A_ACCEPTED_1221,A_ACCEPTED,COMPLETE,2011-10-07 09:33:45.329000+00:00,2011-10-07 09:33:45.329000+00:00,175251,BH,33
1222,175251_A_FINALIZED_1222,A_FINALIZED,COMPLETE,2011-10-07 09:36:29.029000+00:00,2011-10-07 09:36:29.029000+00:00,175251,BH,33
1223,175251_O_SELECTED_1223,O_SELECTED,COMPLETE,2011-10-07 09:36:29.029000+00:00,2011-10-07 09:36:29.029000+00:00,175251,BH,33
1224,175251_O_CREATED_1224,O_CREATED,COMPLETE,2011-10-07 09:36:29.694000+00:00,2011-10-07 09:36:29.694000+00:00,175251,BH,33
1225,175251_O_SENT_1225,O_SENT,COMPLETE,2011-10-07 09:36:29.735000+00:00,2011-10-07 09:36:29.735000+00:00,175251,BH,33
1226,175251_W_Completeren aanvraag_1226,W_Completeren aanvraag,COMPLETE,2011-10-07 09:28:33.443000+00:00,2011-10-07 09:36:31.360000+00:00,175251,BH,33
1227,175251_W_Nabellen offertes_1227,W_Nabellen offertes,COMPLETE,2011-10-14 12:01:50.608000+00:00,2011-10-14 12:03:59.126000+00:00,175251,BT,45
1231,175257_A_SUBMITTED_1231,A_SUBMITTED,COMPLETE,2011-10-07 09:55:51.974000+00:00,2011-10-07 09:55:51.974000+00:00,175257,AA,0
1232,175257_A_PARTLYSUBMITTED_1232,A_PARTLYSUBMITTED,COMPLETE,2011-10-07 09:55:52.160000+00:00,2011-10-07 09:55:52.160000+00:00,175257,AA,0
1233,175257_A_DECLINED_1233,A_DECLINED,COMPLETE,2011-10-07 11:03:49.400000+00:00,2011-10-07 11:03:49.400000+00:00,175257,AQ,16
1234,175257_W_Afhandelen leads_1234,W_Afhandelen leads,COMPLETE,2011-10-07 11:03:17.637000+00:00,2011-10-07 11:03:52.754000+00:00,175257,AQ,16
1235,175269_A_SUBMITTED_1235,A_SUBMITTED,COMPLETE,2011-10-07 10:05:24.045000+00:00,2011-10-07 10:05:24.045000+00:00,175269,AA,0
1236,175269_A_PARTLYSUBMITTED_1236,A_PARTLYSUBMITTED,COMPLETE,2011-10-07 10:05:24.181000+00:00,2011-10-07 10:05:24.181000+00:00,175269,AA,0
1237,175269_A_DECLINED_1237,A_DECLINED,COMPLETE,2011-10-07 10:05:59.138000+00:00,2011-10-07 10:05:59.138000+00:00,175269,AA,0
1238,175272_A_SUBMITTED_1238,A_SUBMITTED,COMPLETE,2011-10-07 10:07:04.521000+00:00,2011-10-07 10:07:04.521000+00:00,175272,AA,0
1239,175272_A_PARTLYSUBMITTED_1239,A_PARTLYSUBMITTED,COMPLETE,2011-10-07 10:07:04.686000+00:00,2011-10-07 10:07:04.686000+00:00,175272,AA,0
1240,175272_A_DECLINED_1240,A_DECLINED,COMPLETE,2011-10-07 10:07:44.372000+00:00,2011-10-07 10:07:44.372000+00:00,175272,AA,0
1241,175284_A_SUBMITTED_1241,A_SUBMITTED,COMPLETE,2011-10-07 10:53:31.329000+00:00,2011-10-07 10:53:31.329000+00:00,175284,AA,0
1242,175284_A_PARTLYSUBMITTED_1242,A_PARTLYSUBMITTED,COMPLETE,2011-10-07 10:53:31.461000+00:00,2011-10-07 10:53:31.461000+00:00,175284,AA,0
1243,175284_A_DECLINED_1243,A_DECLINED,COMPLETE,2011-10-07 10:56:25.374000+00:00,2011-10-07 10:56:25.374000+00:00,175284,BT,45
1244,175284_W_Afhandelen leads_1244,W_Afhandelen leads,COMPLETE,2011-10-07 10:54:25.905000+00:00,2011-10-07 10:56:28.955000+00:00,175284,BT,45
1245,175287_A_SUBMITTED_1245,A_SUBMITTED,COMPLETE,2011-10-07 11:26:49.737000+00:00,2011-10-07 11:26:49.737000+00:00,175287,AA,0
1246,175287_A_PARTLYSUBMITTED_1246,A_PARTLYSUBMITTED,COMPLETE,2011-10-07 11:26:50.183000+00:00,2011-10-07 11:26:50.183000+00:00,175287,AA,0
1247,175287_A_PREACCEPTED_1247,A_PREACCEPTED,COMPLETE,2011-10-07 12:05:06.749000+00:00,2011-10-07 12:05:06.749000+00:00,175287,BH,33
1248,175287_W_Afhandelen leads_1248,W_Afhandelen leads,COMPLETE,2011-10-07 11:58:20.027000+00:00,2011-10-07 12:05:08.013000+00:00,175287,BH,33
1249,175287_W_Completeren aanvraag_1249,W_Completeren aanvraag,COMPLETE,2011-10-07 13:42:53.953000+00:00,2011-10-07 13:44:37.236000+00:00,175287,BD,29
1250,175287_W_Completeren aanvraag_1250,W_Completeren aanvraag,COMPLETE,2011-10-07 16:28:49.348000+00:00,2011-10-07 16:29:00.269000+00:00,175287,BT,45
1251,175287_A_ACCEPTED_1251,A_ACCEPTED,COMPLETE,2011-10-07 19:20:22.790000+00:00,2011-10-07 19:20:22.790000+00:00,175287,BR,43
1252,175287_O_SELECTED_1252,O_SELECTED,COMPLETE,2011-10-07 19:22:03.995000+00:00,2011-10-07 19:22:03.995000+00:00,175287,BR,43
1253,175287_A_FINALIZED_1253,A_FINALIZED,COMPLETE,2011-10-07 19:22:03.995000+00:00,2011-10-07 19:22:03.995000+00:00,175287,BR,43
1254,175287_O_CREATED_1254,O_CREATED,COMPLETE,2011-10-07 19:22:05.253000+00:00,2011-10-07 19:22:05.253000+00:00,175287,BR,43
1255,175287_O_SENT_1255,O_SENT,COMPLETE,2011-10-07 19:22:05.303000+00:00,2011-10-07 19:22:05.303000+00:00,175287,BR,43
1256,175287_W_Completeren aanvraag_1256,W_Completeren aanvraag,COMPLETE,2011-10-07 18:57:45.838000+00:00,2011-10-07 19:22:07.596000+00:00,175287,BR,43
1257,175287_W_Nabellen offertes_1257,W_Nabellen offertes,COMPLETE,2011-10-07 19:23:49.849000+00:00,2011-10-07 19:26:17.998000+00:00,175287,BR,43
1258,175287_W_Nabellen offertes_1258,W_Nabellen offertes,COMPLETE,2011-10-13 18:54:12.193000+00:00,2011-10-13 18:56:19.898000+00:00,175287,BQ,42
1259,175287_W_Nabellen offertes_1259,W_Nabellen offertes,COMPLETE,2011-10-21 12:35:03.063000+00:00,2011-10-21 12:36:47.097000+00:00,175287,BS,44
1260,175287_W_Nabellen offertes_1260,W_Nabellen offertes,COMPLETE,2011-10-21 18:14:49.433000+00:00,2011-10-21 18:15:05.540000+00:00,175287,BT,45
1261,175287_W_Nabellen offertes_1261,W_Nabellen offertes,COMPLETE,2011-10-21 18:16:09.063000+00:00,2011-10-21 18:16:16.083000+00:00,175287,BT,45
1262,175287_W_Nabellen offertes_1262,W_Nabellen offertes,COMPLETE,2011-10-21 18:18:51.843000+00:00,2011-10-21 18:22:08.569000+00:00,175287,BT,45
1269,175290_A_SUBMITTED_1269,A_SUBMITTED,COMPLETE,2011-10-07 11:27:06.560000+00:00,2011-10-07 11:27:06.560000+00:00,175290,AA,0
1270,175290_A_PARTLYSUBMITTED_1270,A_PARTLYSUBMITTED,COMPLETE,2011-10-07 11:27:06.820000+00:00,2011-10-07 11:27:06.820000+00:00,175290,AA,0
1271,175290_A_DECLINED_1271,A_DECLINED,COMPLETE,2011-10-07 11:28:15.469000+00:00,2011-10-07 11:28:15.469000+00:00,175290,AA,0
1272,175296_A_SUBMITTED_1272,A_SUBMITTED,COMPLETE,2011-10-07 11:43:53.583000+00:00,2011-10-07 11:43:53.583000+00:00,175296,AA,0
1273,175296_A_PARTLYSUBMITTED_1273,A_PARTLYSUBMITTED,COMPLETE,2011-10-07 11:43:53.706000+00:00,2011-10-07 11:43:53.706000+00:00,175296,AA,0
1274,175296_A_DECLINED_1274,A_DECLINED,COMPLETE,2011-10-07 11:44:35.441000+00:00,2011-10-07 11:44:35.441000+00:00,175296,AA,0
1275,175308_A_SUBMITTED_1275,A_SUBMITTED,COMPLETE,2011-10-07 12:04:48.136000+00:00,2011-10-07 12:04:48.136000+00:00,175308,AA,0
1276,175308_A_PARTLYSUBMITTED_1276,A_PARTLYSUBMITTED,COMPLETE,2011-10-07 12:04:48.436000+00:00,2011-10-07 12:04:48.436000+00:00,175308,AA,0
1277,175308_A_DECLINED_1277,A_DECLINED,COMPLETE,2011-10-07 12:05:41.286000+00:00,2011-10-07 12:05:41.286000+00:00,175308,AA,0
1278,175317_A_SUBMITTED_1278,A_SUBMITTED,COMPLETE,2011-10-07 12:24:19.209000+00:00,2011-10-07 12:24:19.209000+00:00,175317,AA,0
1279,175317_A_PARTLYSUBMITTED_1279,A_PARTLYSUBMITTED,COMPLETE,2011-10-07 12:24:19.391000+00:00,2011-10-07 12:24:19.391000+00:00,175317,AA,0
1280,175317_A_DECLINED_1280,A_DECLINED,COMPLETE,2011-10-07 12:24:52.821000+00:00,2011-10-07 12:24:52.821000+00:00,175317,AA,0
1281,175320_A_SUBMITTED_1281,A_SUBMITTED,COMPLETE,2011-10-07 12:31:03.536000+00:00,2011-10-07 12:31:03.536000+00:00,175320,AA,0
1282,175320_A_PARTLYSUBMITTED_1282,A_PARTLYSUBMITTED,COMPLETE,2011-10-07 12:31:03.704000+00:00,2011-10-07 12:31:03.704000+00:00,175320,AA,0
1283,175320_A_DECLINED_1283,A_DECLINED,COMPLETE,2011-10-07 12:31:39.431000+00:00,2011-10-07 12:31:39.431000+00:00,175320,AA,0
1284,175326_A_SUBMITTED_1284,A_SUBMITTED,COMPLETE,2011-10-07 12:52:57.834000+00:00,2011-10-07 12:52:57.834000+00:00,175326,AA,0
1285,175326_A_PARTLYSUBMITTED_1285,A_PARTLYSUBMITTED,COMPLETE,2011-10-07 12:52:57.956000+00:00,2011-10-07 12:52:57.956000+00:00,175326,AA,0
1286,175326_A_DECLINED_1286,A_DECLINED,COMPLETE,2011-10-07 12:53:32.465000+00:00,2011-10-07 12:53:32.465000+00:00,175326,AA,0
1287,175341_A_SUBMITTED_1287,A_SUBMITTED,COMPLETE,2011-10-07 14:02:13.706000+00:00,2011-10-07 14:02:13.706000+00:00,175341,AA,0
1288,175341_A_PARTLYSUBMITTED_1288,A_PARTLYSUBMITTED,COMPLETE,2011-10-07 14:02:14.835000+00:00,2011-10-07 14:02:14.835000+00:00,175341,AA,0
1289,175341_A_PREACCEPTED_1289,A_PREACCEPTED,COMPLETE,2011-10-07 14:03:06.862000+00:00,2011-10-07 14:03:06.862000+00:00,175341,AA,0
1290,175341_W_Completeren aanvraag_1290,W_Completeren aanvraag,COMPLETE,2011-10-07 14:44:19.453000+00:00,2011-10-07 14:46:38.811000+00:00,175341,BD,29
1291,175341_W_Completeren aanvraag_1291,W_Completeren aanvraag,COMPLETE,2011-10-07 17:41:41.923000+00:00,2011-10-08 14:52:58.245000+00:00,175341,BR,43
1293,175341_W_Completeren aanvraag_1293,W_Completeren aanvraag,COMPLETE,2011-10-10 10:01:15.581000+00:00,2011-10-10 10:17:16.816000+00:00,175341,BI,34
1294,175341_W_Completeren aanvraag_1294,W_Completeren aanvraag,COMPLETE,2011-10-17 11:15:25.209000+00:00,2011-10-17 11:19:12.373000+00:00,175341,BC,28
1297,175350_A_SUBMITTED_1297,A_SUBMITTED,COMPLETE,2011-10-07 14:07:09.357000+00:00,2011-10-07 14:07:09.357000+00:00,175350,AA,0
1298,175350_A_PARTLYSUBMITTED_1298,A_PARTLYSUBMITTED,COMPLETE,2011-10-07 14:07:09.573000+00:00,2011-10-07 14:07:09.573000+00:00,175350,AA,0
1299,175350_A_DECLINED_1299,A_DECLINED,COMPLETE,2011-10-07 14:08:11.863000+00:00,2011-10-07 14:08:11.863000+00:00,175350,AA,0
1300,175356_A_SUBMITTED_1300,A_SUBMITTED,COMPLETE,2011-10-07 14:12:08.935000+00:00,2011-10-07 14:12:08.935000+00:00,175356,AA,0
1301,175356_A_PARTLYSUBMITTED_1301,A_PARTLYSUBMITTED,COMPLETE,2011-10-07 14:12:09.223000+00:00,2011-10-07 14:12:09.223000+00:00,175356,AA,0
1302,175356_A_DECLINED_1302,A_DECLINED,COMPLETE,2011-10-07 14:12:51.879000+00:00,2011-10-07 14:12:51.879000+00:00,175356,AA,0
1303,175359_A_SUBMITTED_1303,A_SUBMITTED,COMPLETE,2011-10-07 14:19:14.728000+00:00,2011-10-07 14:19:14.728000+00:00,175359,AA,0
1304,175359_A_PARTLYSUBMITTED_1304,A_PARTLYSUBMITTED,COMPLETE,2011-10-07 14:19:14.956000+00:00,2011-10-07 14:19:14.956000+00:00,175359,AA,0
1305,175359_A_PREACCEPTED_1305,A_PREACCEPTED,COMPLETE,2011-10-07 14:46:03.701000+00:00,2011-10-07 14:46:03.701000+00:00,175359,BH,33
1306,175359_W_Afhandelen leads_1306,W_Afhandelen leads,COMPLETE,2011-10-07 14:43:35.650000+00:00,2011-10-07 14:46:04.822000+00:00,175359,BH,33
1307,175359_A_DECLINED_1307,A_DECLINED,COMPLETE,2011-10-07 15:36:05.773000+00:00,2011-10-07 15:36:05.773000+00:00,175359,BH,33
1308,175359_W_Completeren aanvraag_1308,W_Completeren aanvraag,COMPLETE,2011-10-07 15:20:44.599000+00:00,2011-10-07 15:36:08.808000+00:00,175359,BH,33
1309,175362_A_SUBMITTED_1309,A_SUBMITTED,COMPLETE,2011-10-07 14:45:47.512000+00:00,2011-10-07 14:45:47.512000+00:00,175362,AA,0
1310,175362_A_PARTLYSUBMITTED_1310,A_PARTLYSUBMITTED,COMPLETE,2011-10-07 14:45:47.662000+00:00,2011-10-07 14:45:47.662000+00:00,175362,AA,0
1311,175362_A_DECLINED_1311,A_DECLINED,COMPLETE,2011-10-07 14:46:44.484000+00:00,2011-10-07 14:46:44.484000+00:00,175362,AA,0
1312,175368_A_SUBMITTED_1312,A_SUBMITTED,COMPLETE,2011-10-07 15:00:26.088000+00:00,2011-10-07 15:00:26.088000+00:00,175368,AA,0
1313,175368_A_PARTLYSUBMITTED_1313,A_PARTLYSUBMITTED,COMPLETE,2011-10-07 15:00:26.284000+00:00,2011-10-07 15:00:26.284000+00:00,175368,AA,0
1314,175368_W_Afhandelen leads_1314,W_Afhandelen leads,COMPLETE,2011-10-07 15:44:13.775000+00:00,2011-10-07 15:44:24.604000+00:00,175368,BT,45
1315,175368_A_DECLINED_1315,A_DECLINED,COMPLETE,2011-10-07 16:15:24.466000+00:00,2011-10-07 16:15:24.466000+00:00,175368,AG,6
1316,175368_W_Afhandelen leads_1316,W_Afhandelen leads,COMPLETE,2011-10-07 16:12:45.035000+00:00,2011-10-07 16:15:27.357000+00:00,175368,AG,6
1317,175371_A_SUBMITTED_1317,A_SUBMITTED,COMPLETE,2011-10-07 15:01:17.151000+00:00,2011-10-07 15:01:17.151000+00:00,175371,AA,0
1318,175371_A_PARTLYSUBMITTED_1318,A_PARTLYSUBMITTED,COMPLETE,2011-10-07 15:01:17.332000+00:00,2011-10-07 15:01:17.332000+00:00,175371,AA,0
1319,175371_A_PREACCEPTED_1319,A_PREACCEPTED,COMPLETE,2011-10-07 15:02:04.019000+00:00,2011-10-07 15:02:04.019000+00:00,175371,AA,0
1320,175371_A_CANCELLED_1320,A_CANCELLED,COMPLETE,2011-10-07 15:15:35.699000+00:00,2011-10-07 15:15:35.699000+00:00,175371,BT,45
1321,175371_W_Completeren aanvraag_1321,W_Completeren aanvraag,COMPLETE,2011-10-07 15:15:10.237000+00:00,2011-10-07 15:15:37.746000+00:00,175371,BT,45
1322,175404_A_SUBMITTED_1322,A_SUBMITTED,COMPLETE,2011-10-07 16:30:44.733000+00:00,2011-10-07 16:30:44.733000+00:00,175404,AA,0
1323,175404_A_PARTLYSUBMITTED_1323,A_PARTLYSUBMITTED,COMPLETE,2011-10-07 16:30:45.045000+00:00,2011-10-07 16:30:45.045000+00:00,175404,AA,0
1324,175404_A_DECLINED_1324,A_DECLINED,COMPLETE,2011-10-07 16:31:40.711000+00:00,2011-10-07 16:31:40.711000+00:00,175404,AA,0
1325,175413_A_SUBMITTED_1325,A_SUBMITTED,COMPLETE,2011-10-07 17:16:05.252000+00:00,2011-10-07 17:16:05.252000+00:00,175413,AA,0
1326,175413_A_PARTLYSUBMITTED_1326,A_PARTLYSUBMITTED,COMPLETE,2011-10-07 17:16:05.402000+00:00,2011-10-07 17:16:05.402000+00:00,175413,AA,0
1327,175413_A_PREACCEPTED_1327,A_PREACCEPTED,COMPLETE,2011-10-07 17:16:43.332000+00:00,2011-10-07 17:16:43.332000+00:00,175413,AA,0
1328,175413_A_ACCEPTED_1328,A_ACCEPTED,COMPLETE,2011-10-07 17:56:22.231000+00:00,2011-10-07 17:56:22.231000+00:00,175413,BR,43
1329,175413_A_FINALIZED_1329,A_FINALIZED,COMPLETE,2011-10-07 17:58:44.434000+00:00,2011-10-07 17:58:44.434000+00:00,175413,BR,43
1330,175413_O_SELECTED_1330,O_SELECTED,COMPLETE,2011-10-07 17:58:44.434000+00:00,2011-10-07 17:58:44.434000+00:00,175413,BR,43
1331,175413_O_CREATED_1331,O_CREATED,COMPLETE,2011-10-07 17:58:45.733000+00:00,2011-10-07 17:58:45.733000+00:00,175413,BR,43
1332,175413_O_SENT_1332,O_SENT,COMPLETE,2011-10-07 17:58:45.887000+00:00,2011-10-07 17:58:45.887000+00:00,175413,BR,43
1333,175413_W_Completeren aanvraag_1333,W_Completeren aanvraag,COMPLETE,2011-10-07 17:46:24.426000+00:00,2011-10-07 17:58:47.329000+00:00,175413,BR,43
1334,175413_A_CANCELLED_1334,A_CANCELLED,COMPLETE,2011-10-14 18:54:22.623000+00:00,2011-10-14 18:54:22.623000+00:00,175413,AS,18
1335,175413_O_CANCELLED_1335,O_CANCELLED,COMPLETE,2011-10-14 18:54:22.623000+00:00,2011-10-14 18:54:22.623000+00:00,175413,AS,18
1336,175413_W_Nabellen offertes_1336,W_Nabellen offertes,COMPLETE,2011-10-14 18:52:49.276000+00:00,2011-10-14 18:54:24.767000+00:00,175413,AS,18
1337,175416_A_SUBMITTED_1337,A_SUBMITTED,COMPLETE,2011-10-07 17:27:33.129000+00:00,2011-10-07 17:27:33.129000+00:00,175416,AA,0
1338,175416_A_PARTLYSUBMITTED_1338,A_PARTLYSUBMITTED,COMPLETE,2011-10-07 17:27:33.731000+00:00,2011-10-07 17:27:33.731000+00:00,175416,AA,0
1339,175416_A_DECLINED_1339,A_DECLINED,COMPLETE,2011-10-07 17:28:06.601000+00:00,2011-10-07 17:28:06.601000+00:00,175416,AA,0
1340,175422_A_SUBMITTED_1340,A_SUBMITTED,COMPLETE,2011-10-07 17:36:02.392000+00:00,2011-10-07 17:36:02.392000+00:00,175422,AA,0
1341,175422_A_PARTLYSUBMITTED_1341,A_PARTLYSUBMITTED,COMPLETE,2011-10-07 17:36:02.557000+00:00,2011-10-07 17:36:02.557000+00:00,175422,AA,0
1342,175422_A_DECLINED_1342,A_DECLINED,COMPLETE,2011-10-07 20:26:48.634000+00:00,2011-10-07 20:26:48.634000+00:00,175422,AT,19
1343,175422_W_Afhandelen leads_1343,W_Afhandelen leads,COMPLETE,2011-10-07 20:26:26.735000+00:00,2011-10-07 20:26:51.935000+00:00,175422,AT,19
1344,175431_A_SUBMITTED_1344,A_SUBMITTED,COMPLETE,2011-10-07 17:53:46.566000+00:00,2011-10-07 17:53:46.566000+00:00,175431,AA,0
1345,175431_A_PARTLYSUBMITTED_1345,A_PARTLYSUBMITTED,COMPLETE,2011-10-07 17:53:46.667000+00:00,2011-10-07 17:53:46.667000+00:00,175431,AA,0
1346,175431_A_DECLINED_1346,A_DECLINED,COMPLETE,2011-10-07 17:54:45.574000+00:00,2011-10-07 17:54:45.574000+00:00,175431,AA,0
1347,175440_A_SUBMITTED_1347,A_SUBMITTED,COMPLETE,2011-10-07 18:21:39.112000+00:00,2011-10-07 18:21:39.112000+00:00,175440,AA,0
1348,175440_A_PARTLYSUBMITTED_1348,A_PARTLYSUBMITTED,COMPLETE,2011-10-07 18:21:39.243000+00:00,2011-10-07 18:21:39.243000+00:00,175440,AA,0
1349,175440_A_DECLINED_1349,A_DECLINED,COMPLETE,2011-10-07 18:22:13.338000+00:00,2011-10-07 18:22:13.338000+00:00,175440,AA,0
1350,175443_A_SUBMITTED_1350,A_SUBMITTED,COMPLETE,2011-10-07 18:22:06.706000+00:00,2011-10-07 18:22:06.706000+00:00,175443,AA,0
1351,175443_A_PARTLYSUBMITTED_1351,A_PARTLYSUBMITTED,COMPLETE,2011-10-07 18:22:06.872000+00:00,2011-10-07 18:22:06.872000+00:00,175443,AA,0
1352,175443_A_DECLINED_1352,A_DECLINED,COMPLETE,2011-10-07 18:22:39.813000+00:00,2011-10-07 18:22:39.813000+00:00,175443,AA,0
1353,175446_A_SUBMITTED_1353,A_SUBMITTED,COMPLETE,2011-10-07 18:27:36.522000+00:00,2011-10-07 18:27:36.522000+00:00,175446,AA,0
1354,175446_A_PARTLYSUBMITTED_1354,A_PARTLYSUBMITTED,COMPLETE,2011-10-07 18:27:36.820000+00:00,2011-10-07 18:27:36.820000+00:00,175446,AA,0
1355,175446_A_DECLINED_1355,A_DECLINED,COMPLETE,2011-10-07 20:30:57.588000+00:00,2011-10-07 20:30:57.588000+00:00,175446,AT,19
1356,175446_W_Afhandelen leads_1356,W_Afhandelen leads,COMPLETE,2011-10-07 20:30:41.108000+00:00,2011-10-07 20:31:00.447000+00:00,175446,AT,19
1357,175449_A_SUBMITTED_1357,A_SUBMITTED,COMPLETE,2011-10-07 18:33:52.143000+00:00,2011-10-07 18:33:52.143000+00:00,175449,AA,0
1358,175449_A_PARTLYSUBMITTED_1358,A_PARTLYSUBMITTED,COMPLETE,2011-10-07 18:33:52.228000+00:00,2011-10-07 18:33:52.228000+00:00,175449,AA,0
1359,175449_A_DECLINED_1359,A_DECLINED,COMPLETE,2011-10-07 18:34:24.432000+00:00,2011-10-07 18:34:24.432000+00:00,175449,AA,0
1360,175452_A_SUBMITTED_1360,A_SUBMITTED,COMPLETE,2011-10-07 18:36:39.504000+00:00,2011-10-07 18:36:39.504000+00:00,175452,AA,0
1361,175452_A_PARTLYSUBMITTED_1361,A_PARTLYSUBMITTED,COMPLETE,2011-10-07 18:36:39.801000+00:00,2011-10-07 18:36:39.801000+00:00,175452,AA,0
1362,175452_A_DECLINED_1362,A_DECLINED,COMPLETE,2011-10-07 20:32:18.423000+00:00,2011-10-07 20:32:18.423000+00:00,175452,AT,19
1363,175452_W_Afhandelen leads_1363,W_Afhandelen leads,COMPLETE,2011-10-07 20:31:03.188000+00:00,2011-10-07 20:32:21.031000+00:00,175452,AT,19
1364,175458_A_SUBMITTED_1364,A_SUBMITTED,COMPLETE,2011-10-07 18:56:44.412000+00:00,2011-10-07 18:56:44.412000+00:00,175458,AA,0
1365,175458_A_PARTLYSUBMITTED_1365,A_PARTLYSUBMITTED,COMPLETE,2011-10-07 18:56:44.645000+00:00,2011-10-07 18:56:44.645000+00:00,175458,AA,0
1366,175458_A_DECLINED_1366,A_DECLINED,COMPLETE,2011-10-07 18:57:24.797000+00:00,2011-10-07 18:57:24.797000+00:00,175458,AA,0
1367,175461_A_SUBMITTED_1367,A_SUBMITTED,COMPLETE,2011-10-07 19:05:59.986000+00:00,2011-10-07 19:05:59.986000+00:00,175461,AA,0
1368,175461_A_PARTLYSUBMITTED_1368,A_PARTLYSUBMITTED,COMPLETE,2011-10-07 19:06:00.073000+00:00,2011-10-07 19:06:00.073000+00:00,175461,AA,0
1369,175461_A_DECLINED_1369,A_DECLINED,COMPLETE,2011-10-07 19:06:36.397000+00:00,2011-10-07 19:06:36.397000+00:00,175461,AA,0
1370,175464_A_SUBMITTED_1370,A_SUBMITTED,COMPLETE,2011-10-07 19:07:05.899000+00:00,2011-10-07 19:07:05.899000+00:00,175464,AA,0
1371,175464_A_PARTLYSUBMITTED_1371,A_PARTLYSUBMITTED,COMPLETE,2011-10-07 19:07:06.046000+00:00,2011-10-07 19:07:06.046000+00:00,175464,AA,0
1372,175464_A_DECLINED_1372,A_DECLINED,COMPLETE,2011-10-07 19:07:38.713000+00:00,2011-10-07 19:07:38.713000+00:00,175464,AA,0
1373,175467_A_SUBMITTED_1373,A_SUBMITTED,COMPLETE,2011-10-07 19:08:23.952000+00:00,2011-10-07 19:08:23.952000+00:00,175467,AA,0
1374,175467_A_PARTLYSUBMITTED_1374,A_PARTLYSUBMITTED,COMPLETE,2011-10-07 19:08:24.132000+00:00,2011-10-07 19:08:24.132000+00:00,175467,AA,0
1375,175467_A_DECLINED_1375,A_DECLINED,COMPLETE,2011-10-07 19:09:04.212000+00:00,2011-10-07 19:09:04.212000+00:00,175467,AA,0
1376,175470_A_SUBMITTED_1376,A_SUBMITTED,COMPLETE,2011-10-07 19:14:05.636000+00:00,2011-10-07 19:14:05.636000+00:00,175470,AA,0
1377,175470_A_PARTLYSUBMITTED_1377,A_PARTLYSUBMITTED,COMPLETE,2011-10-07 19:14:05.762000+00:00,2011-10-07 19:14:05.762000+00:00,175470,AA,0
1378,175470_A_DECLINED_1378,A_DECLINED,COMPLETE,2011-10-07 19:14:42.636000+00:00,2011-10-07 19:14:42.636000+00:00,175470,AA,0
1379,175482_A_SUBMITTED_1379,A_SUBMITTED,COMPLETE,2011-10-07 20:01:14.247000+00:00,2011-10-07 20:01:14.247000+00:00,175482,AA,0
1380,175482_A_PARTLYSUBMITTED_1380,A_PARTLYSUBMITTED,COMPLETE,2011-10-07 20:01:14.801000+00:00,2011-10-07 20:01:14.801000+00:00,175482,AA,0
1381,175482_A_DECLINED_1381,A_DECLINED,COMPLETE,2011-10-07 20:01:53.023000+00:00,2011-10-07 20:01:53.023000+00:00,175482,AA,0
1382,175488_A_SUBMITTED_1382,A_SUBMITTED,COMPLETE,2011-10-07 21:21:21.142000+00:00,2011-10-07 21:21:21.142000+00:00,175488,AA,0
1383,175488_A_PARTLYSUBMITTED_1383,A_PARTLYSUBMITTED,COMPLETE,2011-10-07 21:21:21.293000+00:00,2011-10-07 21:21:21.293000+00:00,175488,AA,0
1391,175500_A_SUBMITTED_1391,A_SUBMITTED,COMPLETE,2011-10-07 22:40:10.783000+00:00,2011-10-07 22:40:10.783000+00:00,175500,AA,0
1392,175500_A_PARTLYSUBMITTED_1392,A_PARTLYSUBMITTED,COMPLETE,2011-10-07 22:40:10.873000+00:00,2011-10-07 22:40:10.873000+00:00,175500,AA,0
1393,175500_A_DECLINED_1393,A_DECLINED,COMPLETE,2011-10-07 22:40:50.063000+00:00,2011-10-07 22:40:50.063000+00:00,175500,AA,0
1394,175519_A_SUBMITTED_1394,A_SUBMITTED,COMPLETE,2011-10-07 23:13:36.975000+00:00,2011-10-07 23:13:36.975000+00:00,175519,AA,0
1395,175519_A_PARTLYSUBMITTED_1395,A_PARTLYSUBMITTED,COMPLETE,2011-10-07 23:13:43.642000+00:00,2011-10-07 23:13:43.642000+00:00,175519,AA,0
1401,175522_A_SUBMITTED_1401,A_SUBMITTED,COMPLETE,2011-10-07 23:57:07.332000+00:00,2011-10-07 23:57:07.332000+00:00,175522,AA,0
1402,175522_A_PARTLYSUBMITTED_1402,A_PARTLYSUBMITTED,COMPLETE,2011-10-07 23:57:07.504000+00:00,2011-10-07 23:57:07.504000+00:00,175522,AA,0
1440,175546_O_SENT_BACK_1440,O_SENT_BACK,COMPLETE,2011-10-21 09:35:44.220000+00:00,2011-10-21 09:35:44.220000+00:00,175546,BJ,35
1441,175546_W_Nabellen offertes_1441,W_Nabellen offertes,COMPLETE,2011-10-21 09:34:54.682000+00:00,2011-10-21 09:35:46.008000+00:00,175546,BJ,35
1487,175585_O_CANCELLED_1487,O_CANCELLED,COMPLETE,2011-10-17 20:42:04.209000+00:00,2011-10-17 20:42:04.209000+00:00,175585,AT,19
1488,175585_O_SELECTED_1488,O_SELECTED,COMPLETE,2011-10-17 20:42:04.210000+00:00,2011-10-17 20:42:04.210000+00:00,175585,AT,19
1489,175585_O_CREATED_1489,O_CREATED,COMPLETE,2011-10-17 20:42:06.253000+00:00,2011-10-17 20:42:06.253000+00:00,175585,AT,19
1490,175585_O_SENT_1490,O_SENT,COMPLETE,2011-10-17 20:42:06.283000+00:00,2011-10-17 20:42:06.283000+00:00,175585,AT,19
1491,175585_W_Nabellen offertes_1491,W_Nabellen offertes,COMPLETE,2011-10-17 20:40:00.477000+00:00,2011-10-17 20:42:08.385000+00:00,175585,AT,19
1492,175585_W_Nabellen offertes_1492,W_Nabellen offertes,COMPLETE,2011-10-17 20:42:29.782000+00:00,2011-10-17 20:44:17.816000+00:00,175585,AT,19
1493,175585_O_SENT_BACK_1493,O_SENT_BACK,COMPLETE,2011-10-24 12:20:16.746000+00:00,2011-10-24 12:20:16.746000+00:00,175585,BJ,35
1494,175585_W_Nabellen offertes_1494,W_Nabellen offertes,COMPLETE,2011-10-24 12:04:00.101000+00:00,2011-10-24 12:20:18.377000+00:00,175585,BJ,35
1512,175591_A_ACCEPTED_1512,A_ACCEPTED,COMPLETE,2011-10-10 09:19:25.742000+00:00,2011-10-10 09:19:25.742000+00:00,175591,BS,44
1513,175591_A_FINALIZED_1513,A_FINALIZED,COMPLETE,2011-10-10 09:22:09.431000+00:00,2011-10-10 09:22:09.431000+00:00,175591,BS,44
1514,175591_O_SELECTED_1514,O_SELECTED,COMPLETE,2011-10-10 09:22:09.431000+00:00,2011-10-10 09:22:09.431000+00:00,175591,BS,44
1515,175591_O_CREATED_1515,O_CREATED,COMPLETE,2011-10-10 09:22:11.008000+00:00,2011-10-10 09:22:11.008000+00:00,175591,BS,44
1516,175591_O_SENT_1516,O_SENT,COMPLETE,2011-10-10 09:22:11.038000+00:00,2011-10-10 09:22:11.038000+00:00,175591,BS,44
1517,175591_W_Completeren aanvraag_1517,W_Completeren aanvraag,COMPLETE,2011-10-10 09:14:04.628000+00:00,2011-10-10 09:22:12.810000+00:00,175591,BS,44
1518,175591_W_Nabellen offertes_1518,W_Nabellen offertes,COMPLETE,2011-10-10 09:22:36.791000+00:00,2011-10-10 09:23:12.106000+00:00,175591,BS,44
1519,175591_W_Nabellen offertes_1519,W_Nabellen offertes,COMPLETE,2011-10-17 17:37:42.470000+00:00,2011-10-17 17:40:02.324000+00:00,175591,BL,37
1520,175591_W_Nabellen offertes_1520,W_Nabellen offertes,COMPLETE,2011-10-19 10:41:18.616000+00:00,2011-10-19 10:42:31.697000+00:00,175591,BQ,42
1521,175591_W_Nabellen offertes_1521,W_Nabellen offertes,COMPLETE,2011-10-19 13:32:35.817000+00:00,2011-10-19 13:34:17.115000+00:00,175591,BS,44
1522,175591_W_Nabellen offertes_1522,W_Nabellen offertes,COMPLETE,2011-10-19 13:34:35.303000+00:00,2011-10-19 13:34:42.992000+00:00,175591,BS,44
1523,175591_W_Nabellen offertes_1523,W_Nabellen offertes,COMPLETE,2011-10-19 17:11:34.026000+00:00,2011-10-19 17:26:36.171000+00:00,175591,BL,37
1524,175591_W_Nabellen offertes_1524,W_Nabellen offertes,COMPLETE,2011-10-19 18:41:29.050000+00:00,2011-10-19 18:43:01.752000+00:00,175591,BC,28
1532,175600_A_ACCEPTED_1532,A_ACCEPTED,COMPLETE,2011-10-10 09:07:44.892000+00:00,2011-10-10 09:07:44.892000+00:00,175600,BS,44
1533,175600_O_SELECTED_1533,O_SELECTED,COMPLETE,2011-10-10 09:11:33.866000+00:00,2011-10-10 09:11:33.866000+00:00,175600,BS,44
1534,175600_A_FINALIZED_1534,A_FINALIZED,COMPLETE,2011-10-10 09:11:33.866000+00:00,2011-10-10 09:11:33.866000+00:00,175600,BS,44
1535,175600_O_CREATED_1535,O_CREATED,COMPLETE,2011-10-10 09:11:58.406000+00:00,2011-10-10 09:11:58.406000+00:00,175600,BS,44
1536,175600_O_SENT_1536,O_SENT,COMPLETE,2011-10-10 09:11:58.446000+00:00,2011-10-10 09:11:58.446000+00:00,175600,BS,44
1537,175600_W_Completeren aanvraag_1537,W_Completeren aanvraag,COMPLETE,2011-10-10 08:54:40.089000+00:00,2011-10-10 09:12:00.741000+00:00,175600,BS,44
1538,175600_W_Nabellen offertes_1538,W_Nabellen offertes,COMPLETE,2011-10-10 09:12:16.475000+00:00,2011-10-10 09:13:45.406000+00:00,175600,BS,44
1539,175600_W_Nabellen offertes_1539,W_Nabellen offertes,COMPLETE,2011-10-17 17:25:04.748000+00:00,2011-10-17 17:28:33.601000+00:00,175600,BL,37
1540,175600_W_Nabellen offertes_1540,W_Nabellen offertes,COMPLETE,2011-10-20 20:37:43.382000+00:00,2011-10-20 20:39:49.454000+00:00,175600,AU,20
1542,175600_W_Nabellen offertes_1542,W_Nabellen offertes,COMPLETE,2011-10-24 20:52:34.535000+00:00,2011-10-24 20:54:15.539000+00:00,175600,BQ,42
1549,175603_A_DECLINED_1549,A_DECLINED,COMPLETE,2011-10-10 09:01:24.080000+00:00,2011-10-10 09:01:24.080000+00:00,175603,AN,13
1550,175603_W_Afhandelen leads_1550,W_Afhandelen leads,COMPLETE,2011-10-10 09:00:31.176000+00:00,2011-10-10 09:01:28.833000+00:00,175603,AN,13
1566,175624_A_ACCEPTED_1566,A_ACCEPTED,COMPLETE,2011-10-10 09:33:20.375000+00:00,2011-10-10 09:33:20.375000+00:00,175624,BS,44
1567,175624_O_SELECTED_1567,O_SELECTED,COMPLETE,2011-10-10 09:34:43.330000+00:00,2011-10-10 09:34:43.330000+00:00,175624,BS,44
1568,175624_A_FINALIZED_1568,A_FINALIZED,COMPLETE,2011-10-10 09:34:43.330000+00:00,2011-10-10 09:34:43.330000+00:00,175624,BS,44
1569,175624_O_CREATED_1569,O_CREATED,COMPLETE,2011-10-10 09:34:44.797000+00:00,2011-10-10 09:34:44.797000+00:00,175624,BS,44
1570,175624_O_SENT_1570,O_SENT,COMPLETE,2011-10-10 09:34:44.824000+00:00,2011-10-10 09:34:44.824000+00:00,175624,BS,44
1571,175624_W_Completeren aanvraag_1571,W_Completeren aanvraag,COMPLETE,2011-10-10 09:23:46.854000+00:00,2011-10-10 09:34:46.640000+00:00,175624,BS,44
1572,175624_W_Nabellen offertes_1572,W_Nabellen offertes,COMPLETE,2011-10-10 09:44:23.901000+00:00,2011-10-10 09:52:22.400000+00:00,175624,BS,44
1573,175624_O_SENT_BACK_1573,O_SENT_BACK,COMPLETE,2011-10-17 11:03:07.602000+00:00,2011-10-17 11:03:07.602000+00:00,175624,BJ,35
1574,175624_W_Nabellen offertes_1574,W_Nabellen offertes,COMPLETE,2011-10-17 11:02:39.466000+00:00,2011-10-17 11:03:09.102000+00:00,175624,BJ,35
1575,175624_O_ACCEPTED_1575,O_ACCEPTED,COMPLETE,2011-10-17 14:34:26.711000+00:00,2011-10-17 14:34:26.711000+00:00,175624,BB,27
1576,175624_A_REGISTERED_1576,A_REGISTERED,COMPLETE,2011-10-17 14:34:26.711000+00:00,2011-10-17 14:34:26.711000+00:00,175624,BB,27
1577,175624_A_APPROVED_1577,A_APPROVED,COMPLETE,2011-10-17 14:34:26.711000+00:00,2011-10-17 14:34:26.711000+00:00,175624,BB,27
1578,175624_A_ACTIVATED_1578,A_ACTIVATED,COMPLETE,2011-10-17 14:34:26.712000+00:00,2011-10-17 14:34:26.712000+00:00,175624,BB,27
1579,175624_W_Valideren aanvraag_1579,W_Valideren aanvraag,COMPLETE,2011-10-17 14:17:46.712000+00:00,2011-10-17 14:34:34.891000+00:00,175624,BB,27
1582,175627_W_Afhandelen leads_1582,W_Afhandelen leads,COMPLETE,2011-10-10 09:07:33.137000+00:00,2011-10-10 09:08:39.445000+00:00,175627,AN,13
1583,175627_W_Afhandelen leads_1583,W_Afhandelen leads,COMPLETE,2011-10-10 09:24:54.822000+00:00,2011-10-10 09:25:24.392000+00:00,175627,AN,13
1584,175627_W_Afhandelen leads_1584,W_Afhandelen leads,COMPLETE,2011-10-10 09:42:58.944000+00:00,2011-10-10 09:44:52.589000+00:00,175627,AN,13
1585,175627_W_Afhandelen leads_1585,W_Afhandelen leads,COMPLETE,2011-10-10 10:11:17.410000+00:00,2011-10-10 10:12:35.853000+00:00,175627,AN,13
1586,175627_W_Afhandelen leads_1586,W_Afhandelen leads,COMPLETE,2011-10-10 11:45:11.603000+00:00,2011-10-10 11:47:47.741000+00:00,175627,AE,4
1587,175627_A_PREACCEPTED_1587,A_PREACCEPTED,COMPLETE,2011-10-10 11:53:20.369000+00:00,2011-10-10 11:53:20.369000+00:00,175627,AE,4
1588,175627_W_Afhandelen leads_1588,W_Afhandelen leads,COMPLETE,2011-10-10 11:48:26.691000+00:00,2011-10-10 11:53:22.492000+00:00,175627,AE,4
1589,175627_A_ACCEPTED_1589,A_ACCEPTED,COMPLETE,2011-10-10 13:26:09.673000+00:00,2011-10-10 13:26:09.673000+00:00,175627,BS,44
1590,175627_A_FINALIZED_1590,A_FINALIZED,COMPLETE,2011-10-10 13:28:25.632000+00:00,2011-10-10 13:28:25.632000+00:00,175627,BS,44
1591,175627_O_SELECTED_1591,O_SELECTED,COMPLETE,2011-10-10 13:28:25.632000+00:00,2011-10-10 13:28:25.632000+00:00,175627,BS,44
1592,175627_O_CREATED_1592,O_CREATED,COMPLETE,2011-10-10 13:28:27.030000+00:00,2011-10-10 13:28:27.030000+00:00,175627,BS,44
1593,175627_O_SENT_1593,O_SENT,COMPLETE,2011-10-10 13:28:27.080000+00:00,2011-10-10 13:28:27.080000+00:00,175627,BS,44
1594,175627_W_Completeren aanvraag_1594,W_Completeren aanvraag,COMPLETE,2011-10-10 13:09:06.837000+00:00,2011-10-10 13:28:28.859000+00:00,175627,BS,44
1595,175627_O_SENT_BACK_1595,O_SENT_BACK,COMPLETE,2011-10-14 10:50:15.753000+00:00,2011-10-14 10:50:15.753000+00:00,175627,AI,8
1596,175627_W_Nabellen offertes_1596,W_Nabellen offertes,COMPLETE,2011-10-14 10:49:57.693000+00:00,2011-10-14 10:50:17.283000+00:00,175627,AI,8
1597,175627_A_ACTIVATED_1597,A_ACTIVATED,COMPLETE,2011-10-18 13:19:02.053000+00:00,2011-10-18 13:19:02.053000+00:00,175627,AJ,9
1598,175627_A_APPROVED_1598,A_APPROVED,COMPLETE,2011-10-18 13:19:02.053000+00:00,2011-10-18 13:19:02.053000+00:00,175627,AJ,9
1599,175627_O_ACCEPTED_1599,O_ACCEPTED,COMPLETE,2011-10-18 13:19:02.053000+00:00,2011-10-18 13:19:02.053000+00:00,175627,AJ,9
1600,175627_A_REGISTERED_1600,A_REGISTERED,COMPLETE,2011-10-18 13:19:02.053000+00:00,2011-10-18 13:19:02.053000+00:00,175627,AJ,9
1601,175627_W_Valideren aanvraag_1601,W_Valideren aanvraag,COMPLETE,2011-10-18 12:56:12.073000+00:00,2011-10-18 13:19:09.693000+00:00,175627,AJ,9
1616,175648_A_DECLINED_1616,A_DECLINED,COMPLETE,2011-10-10 09:46:37.497000+00:00,2011-10-10 09:46:37.497000+00:00,175648,AN,13
1617,175648_W_Afhandelen leads_1617,W_Afhandelen leads,COMPLETE,2011-10-10 09:44:54.659000+00:00,2011-10-10 09:46:40.237000+00:00,175648,AN,13
1620,175654_A_DECLINED_1620,A_DECLINED,COMPLETE,2011-10-10 09:32:55.425000+00:00,2011-10-10 09:32:55.425000+00:00,175654,AN,13
1621,175654_W_Afhandelen leads_1621,W_Afhandelen leads,COMPLETE,2011-10-10 09:31:50.281000+00:00,2011-10-10 09:32:58.914000+00:00,175654,AN,13
1624,175660_A_DECLINED_1624,A_DECLINED,COMPLETE,2011-10-10 09:28:24.064000+00:00,2011-10-10 09:28:24.064000+00:00,175660,AN,13
1625,175660_W_Afhandelen leads_1625,W_Afhandelen leads,COMPLETE,2011-10-10 09:26:03.560000+00:00,2011-10-10 09:28:27.664000+00:00,175660,AN,13
1628,175663_A_DECLINED_1628,A_DECLINED,COMPLETE,2011-10-10 09:45:23.084000+00:00,2011-10-10 09:45:23.084000+00:00,175663,AN,13
1629,175663_W_Afhandelen leads_1629,W_Afhandelen leads,COMPLETE,2011-10-10 09:45:06.938000+00:00,2011-10-10 09:45:26.781000+00:00,175663,AN,13
1632,175678_A_DECLINED_1632,A_DECLINED,COMPLETE,2011-10-10 09:16:42.886000+00:00,2011-10-10 09:16:42.886000+00:00,175678,AN,13
1633,175678_W_Afhandelen leads_1633,W_Afhandelen leads,COMPLETE,2011-10-10 09:10:23.483000+00:00,2011-10-10 09:16:47.077000+00:00,175678,AN,13
1636,175687_A_PREACCEPTED_1636,A_PREACCEPTED,COMPLETE,2011-10-10 09:31:35.257000+00:00,2011-10-10 09:31:35.257000+00:00,175687,AN,13
1637,175687_W_Afhandelen leads_1637,W_Afhandelen leads,COMPLETE,2011-10-10 09:29:19.362000+00:00,2011-10-10 09:31:36.542000+00:00,175687,AN,13
1638,175687_W_Completeren aanvraag_1638,W_Completeren aanvraag,COMPLETE,2011-10-10 10:12:10.788000+00:00,2011-10-10 10:19:36.384000+00:00,175687,BS,44
1639,175687_A_ACCEPTED_1639,A_ACCEPTED,COMPLETE,2011-10-10 10:30:59.284000+00:00,2011-10-10 10:30:59.284000+00:00,175687,AS,18
1640,175687_O_SELECTED_1640,O_SELECTED,COMPLETE,2011-10-10 10:33:21.350000+00:00,2011-10-10 10:33:21.350000+00:00,175687,AS,18
1641,175687_A_FINALIZED_1641,A_FINALIZED,COMPLETE,2011-10-10 10:33:21.350000+00:00,2011-10-10 10:33:21.350000+00:00,175687,AS,18
1642,175687_O_CREATED_1642,O_CREATED,COMPLETE,2011-10-10 10:34:09.200000+00:00,2011-10-10 10:34:09.200000+00:00,175687,AS,18
1643,175687_O_SENT_1643,O_SENT,COMPLETE,2011-10-10 10:34:09.229000+00:00,2011-10-10 10:34:09.229000+00:00,175687,AS,18
1644,175687_W_Completeren aanvraag_1644,W_Completeren aanvraag,COMPLETE,2011-10-10 10:25:18.934000+00:00,2011-10-10 10:34:10.783000+00:00,175687,AS,18
1645,175687_W_Nabellen offertes_1645,W_Nabellen offertes,COMPLETE,2011-10-17 17:40:47.139000+00:00,2011-10-17 17:45:57.611000+00:00,175687,BL,37
1646,175687_O_CANCELLED_1646,O_CANCELLED,COMPLETE,2011-10-19 10:45:44.078000+00:00,2011-10-19 10:45:44.078000+00:00,175687,BQ,42
1647,175687_A_CANCELLED_1647,A_CANCELLED,COMPLETE,2011-10-19 10:45:44.078000+00:00,2011-10-19 10:45:44.078000+00:00,175687,BQ,42
1648,175687_W_Nabellen offertes_1648,W_Nabellen offertes,COMPLETE,2011-10-19 10:42:41.606000+00:00,2011-10-19 10:45:47.169000+00:00,175687,BQ,42
1651,175696_A_DECLINED_1651,A_DECLINED,COMPLETE,2011-10-10 09:36:25.482000+00:00,2011-10-10 09:36:25.482000+00:00,175696,AN,13
1652,175696_W_Afhandelen leads_1652,W_Afhandelen leads,COMPLETE,2011-10-10 09:33:18.473000+00:00,2011-10-10 09:36:29.076000+00:00,175696,AN,13
1655,175705_W_Afhandelen leads_1655,W_Afhandelen leads,COMPLETE,2011-10-10 09:41:20.230000+00:00,2011-10-10 09:42:10.523000+00:00,175705,AN,13
1656,175705_A_DECLINED_1656,A_DECLINED,COMPLETE,2011-10-10 09:54:35.072000+00:00,2011-10-10 09:54:35.072000+00:00,175705,AN,13
1657,175705_W_Afhandelen leads_1657,W_Afhandelen leads,COMPLETE,2011-10-10 09:53:47.219000+00:00,2011-10-10 09:54:38.221000+00:00,175705,AN,13
1663,175711_A_PREACCEPTED_1663,A_PREACCEPTED,COMPLETE,2011-10-10 09:18:45.031000+00:00,2011-10-10 09:18:45.031000+00:00,175711,AN,13
1664,175711_W_Afhandelen leads_1664,W_Afhandelen leads,COMPLETE,2011-10-10 09:17:30.452000+00:00,2011-10-10 09:18:46.437000+00:00,175711,AN,13
1665,175711_A_CANCELLED_1665,A_CANCELLED,COMPLETE,2011-10-10 10:03:42.001000+00:00,2011-10-10 10:03:42.001000+00:00,175711,BS,44
1666,175711_W_Completeren aanvraag_1666,W_Completeren aanvraag,COMPLETE,2011-10-10 09:54:34.242000+00:00,2011-10-10 10:03:44.421000+00:00,175711,BS,44
1669,175714_A_PREACCEPTED_1669,A_PREACCEPTED,COMPLETE,2011-10-10 09:26:51.165000+00:00,2011-10-10 09:26:51.165000+00:00,175714,AN,13
1670,175714_W_Afhandelen leads_1670,W_Afhandelen leads,COMPLETE,2011-10-10 09:26:10.792000+00:00,2011-10-10 09:26:52.835000+00:00,175714,AN,13
1671,175714_W_Completeren aanvraag_1671,W_Completeren aanvraag,COMPLETE,2011-10-10 12:05:18.409000+00:00,2011-10-10 12:07:00.955000+00:00,175714,BI,34
1672,175714_W_Completeren aanvraag_1672,W_Completeren aanvraag,COMPLETE,2011-10-10 16:14:41.114000+00:00,2011-10-10 16:14:54.562000+00:00,175714,BS,44
1673,175714_W_Completeren aanvraag_1673,W_Completeren aanvraag,COMPLETE,2011-10-10 17:09:05.452000+00:00,2011-10-10 17:24:21.085000+00:00,175714,BR,43
1674,175714_W_Completeren aanvraag_1674,W_Completeren aanvraag,COMPLETE,2011-10-10 18:01:06.006000+00:00,2011-10-10 18:03:46.702000+00:00,175714,BR,43
1675,175714_A_DECLINED_1675,A_DECLINED,COMPLETE,2011-10-10 18:31:41.845000+00:00,2011-10-10 18:31:41.845000+00:00,175714,BR,43
1676,175714_W_Completeren aanvraag_1676,W_Completeren aanvraag,COMPLETE,2011-10-10 18:30:15.032000+00:00,2011-10-10 18:31:45.101000+00:00,175714,BR,43
1682,175729_A_DECLINED_1682,A_DECLINED,COMPLETE,2011-10-10 09:38:04.758000+00:00,2011-10-10 09:38:04.758000+00:00,175729,AN,13
1683,175729_W_Afhandelen leads_1683,W_Afhandelen leads,COMPLETE,2011-10-10 09:37:44.670000+00:00,2011-10-10 09:38:07.860000+00:00,175729,AN,13
1689,175738_A_DECLINED_1689,A_DECLINED,COMPLETE,2011-10-10 09:36:59.279000+00:00,2011-10-10 09:36:59.279000+00:00,175738,AN,13
1690,175738_W_Afhandelen leads_1690,W_Afhandelen leads,COMPLETE,2011-10-10 09:36:42.434000+00:00,2011-10-10 09:37:03.438000+00:00,175738,AN,13
1693,175747_A_DECLINED_1693,A_DECLINED,COMPLETE,2011-10-10 09:25:45.828000+00:00,2011-10-10 09:25:45.828000+00:00,175747,AN,13
1694,175747_W_Afhandelen leads_1694,W_Afhandelen leads,COMPLETE,2011-10-10 09:25:29.913000+00:00,2011-10-10 09:25:48.754000+00:00,175747,AN,13
1703,175768_A_PREACCEPTED_1703,A_PREACCEPTED,COMPLETE,2011-10-10 09:27:54.799000+00:00,2011-10-10 09:27:54.799000+00:00,175768,AN,13
1704,175768_W_Afhandelen leads_1704,W_Afhandelen leads,COMPLETE,2011-10-10 09:27:19.131000+00:00,2011-10-10 09:27:55.843000+00:00,175768,AN,13
1705,175768_A_DECLINED_1705,A_DECLINED,COMPLETE,2011-10-10 11:55:21.684000+00:00,2011-10-10 11:55:21.684000+00:00,175768,BS,44
1706,175768_W_Completeren aanvraag_1706,W_Completeren aanvraag,COMPLETE,2011-10-10 11:41:53.644000+00:00,2011-10-10 11:55:24.528000+00:00,175768,BS,44
1715,175786_A_DECLINED_1715,A_DECLINED,COMPLETE,2011-10-10 09:50:25.589000+00:00,2011-10-10 09:50:25.589000+00:00,175786,AN,13
1716,175786_W_Afhandelen leads_1716,W_Afhandelen leads,COMPLETE,2011-10-10 09:45:01.501000+00:00,2011-10-10 09:50:28.870000+00:00,175786,AN,13
1722,175807_A_PREACCEPTED_1722,A_PREACCEPTED,COMPLETE,2011-10-10 09:48:37.693000+00:00,2011-10-10 09:48:37.693000+00:00,175807,AN,13
1723,175807_W_Afhandelen leads_1723,W_Afhandelen leads,COMPLETE,2011-10-10 09:45:47.871000+00:00,2011-10-10 09:48:39.077000+00:00,175807,AN,13
1724,175807_W_Completeren aanvraag_1724,W_Completeren aanvraag,COMPLETE,2011-10-10 15:56:06.597000+00:00,2011-10-10 16:02:08.964000+00:00,175807,BS,44
1725,175807_A_ACCEPTED_1725,A_ACCEPTED,COMPLETE,2011-10-10 16:05:41.841000+00:00,2011-10-10 16:05:41.841000+00:00,175807,BS,44
1726,175807_A_FINALIZED_1726,A_FINALIZED,COMPLETE,2011-10-10 16:07:12.311000+00:00,2011-10-10 16:07:12.311000+00:00,175807,BS,44
1727,175807_O_SELECTED_1727,O_SELECTED,COMPLETE,2011-10-10 16:07:12.311000+00:00,2011-10-10 16:07:12.311000+00:00,175807,BS,44
1728,175807_O_CREATED_1728,O_CREATED,COMPLETE,2011-10-10 16:07:13.141000+00:00,2011-10-10 16:07:13.141000+00:00,175807,BS,44
1729,175807_O_SENT_1729,O_SENT,COMPLETE,2011-10-10 16:07:13.188000+00:00,2011-10-10 16:07:13.188000+00:00,175807,BS,44
1730,175807_W_Completeren aanvraag_1730,W_Completeren aanvraag,COMPLETE,2011-10-10 16:02:18.672000+00:00,2011-10-10 16:07:14.796000+00:00,175807,BS,44
1731,175807_O_CANCELLED_1731,O_CANCELLED,COMPLETE,2011-10-10 16:09:55.174000+00:00,2011-10-10 16:09:55.174000+00:00,175807,BS,44
1732,175807_O_SELECTED_1732,O_SELECTED,COMPLETE,2011-10-10 16:09:55.174000+00:00,2011-10-10 16:09:55.174000+00:00,175807,BS,44
1733,175807_O_CREATED_1733,O_CREATED,COMPLETE,2011-10-10 16:09:56.146000+00:00,2011-10-10 16:09:56.146000+00:00,175807,BS,44
1734,175807_O_SENT_1734,O_SENT,COMPLETE,2011-10-10 16:09:56.181000+00:00,2011-10-10 16:09:56.181000+00:00,175807,BS,44
1735,175807_W_Nabellen offertes_1735,W_Nabellen offertes,COMPLETE,2011-10-10 16:07:29.084000+00:00,2011-10-10 16:09:58.628000+00:00,175807,BS,44
1736,175807_W_Nabellen offertes_1736,W_Nabellen offertes,COMPLETE,2011-10-10 16:10:26.660000+00:00,2011-10-10 16:11:33.636000+00:00,175807,BS,44
1737,175807_W_Nabellen offertes_1737,W_Nabellen offertes,COMPLETE,2011-10-17 20:29:05.710000+00:00,2011-10-17 20:30:56.807000+00:00,175807,BL,37
1738,175807_W_Nabellen offertes_1738,W_Nabellen offertes,COMPLETE,2011-10-18 13:39:42.118000+00:00,2011-10-18 13:41:58.356000+00:00,175807,AT,19
1739,175807_W_Nabellen offertes_1739,W_Nabellen offertes,COMPLETE,2011-10-19 19:04:45.709000+00:00,2011-10-19 19:06:09.914000+00:00,175807,BL,37
1740,175807_A_CANCELLED_1740,A_CANCELLED,COMPLETE,2011-10-21 19:31:47.341000+00:00,2011-10-21 19:31:47.341000+00:00,175807,BU,46
1741,175807_O_CANCELLED_1741,O_CANCELLED,COMPLETE,2011-10-21 19:31:47.341000+00:00,2011-10-21 19:31:47.341000+00:00,175807,BU,46
1742,175807_W_Nabellen offertes_1742,W_Nabellen offertes,COMPLETE,2011-10-21 19:26:37.145000+00:00,2011-10-21 19:31:49.761000+00:00,175807,BU,46
1745,175810_A_DECLINED_1745,A_DECLINED,COMPLETE,2011-10-10 09:35:21.576000+00:00,2011-10-10 09:35:21.576000+00:00,175810,AN,13
1746,175810_W_Afhandelen leads_1746,W_Afhandelen leads,COMPLETE,2011-10-10 09:33:05.115000+00:00,2011-10-10 09:35:25.704000+00:00,175810,AN,13
1749,175813_A_PREACCEPTED_1749,A_PREACCEPTED,COMPLETE,2011-10-10 09:31:21.293000+00:00,2011-10-10 09:31:21.293000+00:00,175813,AN,13
1750,175813_W_Afhandelen leads_1750,W_Afhandelen leads,COMPLETE,2011-10-10 09:29:47.672000+00:00,2011-10-10 09:31:22.383000+00:00,175813,AN,13
1751,175813_A_ACCEPTED_1751,A_ACCEPTED,COMPLETE,2011-10-10 12:35:03.538000+00:00,2011-10-10 12:35:03.538000+00:00,175813,BS,44
1752,175813_O_SELECTED_1752,O_SELECTED,COMPLETE,2011-10-10 12:37:23.326000+00:00,2011-10-10 12:37:23.326000+00:00,175813,BS,44
1753,175813_A_FINALIZED_1753,A_FINALIZED,COMPLETE,2011-10-10 12:37:23.326000+00:00,2011-10-10 12:37:23.326000+00:00,175813,BS,44
1754,175813_O_CREATED_1754,O_CREATED,COMPLETE,2011-10-10 12:37:24.140000+00:00,2011-10-10 12:37:24.140000+00:00,175813,BS,44
1755,175813_O_SENT_1755,O_SENT,COMPLETE,2011-10-10 12:37:24.172000+00:00,2011-10-10 12:37:24.172000+00:00,175813,BS,44
1756,175813_W_Completeren aanvraag_1756,W_Completeren aanvraag,COMPLETE,2011-10-10 12:27:48.163000+00:00,2011-10-10 12:37:25.485000+00:00,175813,BS,44
1757,175813_W_Nabellen offertes_1757,W_Nabellen offertes,COMPLETE,2011-10-10 12:37:45.587000+00:00,2011-10-10 12:38:21.982000+00:00,175813,BS,44
1758,175813_O_SENT_BACK_1758,O_SENT_BACK,COMPLETE,2011-10-17 10:47:09.772000+00:00,2011-10-17 10:47:09.772000+00:00,175813,BJ,35
1759,175813_W_Nabellen offertes_1759,W_Nabellen offertes,COMPLETE,2011-10-17 10:44:35.018000+00:00,2011-10-17 10:47:10.898000+00:00,175813,BJ,35
1760,175813_O_DECLINED_1760,O_DECLINED,COMPLETE,2011-10-20 10:00:29.162000+00:00,2011-10-20 10:00:29.162000+00:00,175813,AF,5
1761,175813_A_DECLINED_1761,A_DECLINED,COMPLETE,2011-10-20 10:00:29.162000+00:00,2011-10-20 10:00:29.162000+00:00,175813,AF,5
1762,175813_W_Valideren aanvraag_1762,W_Valideren aanvraag,COMPLETE,2011-10-20 09:52:47.742000+00:00,2011-10-20 10:00:33.178000+00:00,175813,AF,5
1771,175837_W_Afhandelen leads_1771,W_Afhandelen leads,COMPLETE,2011-10-10 09:38:25.943000+00:00,2011-10-10 09:42:10.514000+00:00,175837,AN,13
1772,175837_A_DECLINED_1772,A_DECLINED,COMPLETE,2011-10-10 09:52:30.502000+00:00,2011-10-10 09:52:30.502000+00:00,175837,AN,13
1773,175837_W_Afhandelen leads_1773,W_Afhandelen leads,COMPLETE,2011-10-10 09:50:45.219000+00:00,2011-10-10 09:52:34.328000+00:00,175837,AN,13
1776,175843_A_PREACCEPTED_1776,A_PREACCEPTED,COMPLETE,2011-10-10 09:35:02.946000+00:00,2011-10-10 09:35:02.946000+00:00,175843,AN,13
1777,175843_W_Afhandelen leads_1777,W_Afhandelen leads,COMPLETE,2011-10-10 09:33:11.845000+00:00,2011-10-10 09:35:04.129000+00:00,175843,AN,13
1778,175843_W_Completeren aanvraag_1778,W_Completeren aanvraag,COMPLETE,2011-10-10 10:46:35.650000+00:00,2011-10-10 12:44:14.514000+00:00,175843,BS,44
1779,175843_A_ACCEPTED_1779,A_ACCEPTED,COMPLETE,2011-10-10 12:56:52.446000+00:00,2011-10-10 12:56:52.446000+00:00,175843,BI,34
1780,175843_A_FINALIZED_1780,A_FINALIZED,COMPLETE,2011-10-10 12:58:46.330000+00:00,2011-10-10 12:58:46.330000+00:00,175843,BI,34
1781,175843_O_SELECTED_1781,O_SELECTED,COMPLETE,2011-10-10 12:58:46.330000+00:00,2011-10-10 12:58:46.330000+00:00,175843,BI,34
1782,175843_O_CREATED_1782,O_CREATED,COMPLETE,2011-10-10 12:58:47.152000+00:00,2011-10-10 12:58:47.152000+00:00,175843,BI,34
1783,175843_O_SENT_1783,O_SENT,COMPLETE,2011-10-10 12:58:47.204000+00:00,2011-10-10 12:58:47.204000+00:00,175843,BI,34
1784,175843_W_Completeren aanvraag_1784,W_Completeren aanvraag,COMPLETE,2011-10-10 12:49:52.234000+00:00,2011-10-10 12:58:48.653000+00:00,175843,BI,34
1785,175843_O_SENT_BACK_1785,O_SENT_BACK,COMPLETE,2011-10-17 11:26:10+00:00,2011-10-17 11:26:10+00:00,175843,BJ,35
1786,175843_W_Nabellen offertes_1786,W_Nabellen offertes,COMPLETE,2011-10-17 11:25:45.277000+00:00,2011-10-17 11:26:11.682000+00:00,175843,BJ,35
1787,175843_A_ACTIVATED_1787,A_ACTIVATED,COMPLETE,2011-10-20 15:19:29.507000+00:00,2011-10-20 15:19:29.507000+00:00,175843,AF,5
1788,175843_A_APPROVED_1788,A_APPROVED,COMPLETE,2011-10-20 15:19:29.507000+00:00,2011-10-20 15:19:29.507000+00:00,175843,AF,5
1789,175843_A_REGISTERED_1789,A_REGISTERED,COMPLETE,2011-10-20 15:19:29.507000+00:00,2011-10-20 15:19:29.507000+00:00,175843,AF,5
1790,175843_O_ACCEPTED_1790,O_ACCEPTED,COMPLETE,2011-10-20 15:19:29.507000+00:00,2011-10-20 15:19:29.507000+00:00,175843,AF,5
1791,175843_W_Valideren aanvraag_1791,W_Valideren aanvraag,COMPLETE,2011-10-20 14:17:52.448000+00:00,2011-10-20 15:19:36.209000+00:00,175843,AF,5
1794,175846_A_DECLINED_1794,A_DECLINED,COMPLETE,2011-10-10 09:21:53.168000+00:00,2011-10-10 09:21:53.168000+00:00,175846,AN,13
1795,175846_W_Afhandelen leads_1795,W_Afhandelen leads,COMPLETE,2011-10-10 09:19:46.708000+00:00,2011-10-10 09:21:56.405000+00:00,175846,AN,13
1796,175859_A_SUBMITTED_1796,A_SUBMITTED,COMPLETE,2011-10-10 09:02:00.923000+00:00,2011-10-10 09:02:00.923000+00:00,175859,AA,0
1797,175859_A_PARTLYSUBMITTED_1797,A_PARTLYSUBMITTED,COMPLETE,2011-10-10 09:02:03.628000+00:00,2011-10-10 09:02:03.628000+00:00,175859,AA,0
1798,175859_A_PREACCEPTED_1798,A_PREACCEPTED,COMPLETE,2011-10-10 09:02:44.075000+00:00,2011-10-10 09:02:44.075000+00:00,175859,AA,0
1799,175859_A_ACCEPTED_1799,A_ACCEPTED,COMPLETE,2011-10-10 11:12:03.356000+00:00,2011-10-10 11:12:03.356000+00:00,175859,BI,34
1800,175859_A_FINALIZED_1800,A_FINALIZED,COMPLETE,2011-10-10 11:15:00.374000+00:00,2011-10-10 11:15:00.374000+00:00,175859,BI,34
1801,175859_O_SELECTED_1801,O_SELECTED,COMPLETE,2011-10-10 11:15:00.374000+00:00,2011-10-10 11:15:00.374000+00:00,175859,BI,34
1802,175859_O_CREATED_1802,O_CREATED,COMPLETE,2011-10-10 11:15:01.558000+00:00,2011-10-10 11:15:01.558000+00:00,175859,BI,34
1803,175859_O_SENT_1803,O_SENT,COMPLETE,2011-10-10 11:15:01.593000+00:00,2011-10-10 11:15:01.593000+00:00,175859,BI,34
1804,175859_W_Completeren aanvraag_1804,W_Completeren aanvraag,COMPLETE,2011-10-10 11:05:53.533000+00:00,2011-10-10 11:15:03.118000+00:00,175859,BI,34
1805,175859_O_SENT_BACK_1805,O_SENT_BACK,COMPLETE,2011-10-14 10:46:11.143000+00:00,2011-10-14 10:46:11.143000+00:00,175859,AI,8
1806,175859_W_Nabellen offertes_1806,W_Nabellen offertes,COMPLETE,2011-10-14 10:44:16.998000+00:00,2011-10-14 10:46:13.271000+00:00,175859,AI,8
1807,175859_W_Valideren aanvraag_1807,W_Valideren aanvraag,COMPLETE,2011-10-18 09:08:32.728000+00:00,2011-10-18 09:41:04.784000+00:00,175859,AF,5
1808,175859_W_Nabellen incomplete dossiers_1808,W_Nabellen incomplete dossiers,COMPLETE,2011-10-18 10:39:30.625000+00:00,2011-10-18 10:42:37.652000+00:00,175859,AL,11
1809,175859_W_Nabellen incomplete dossiers_1809,W_Nabellen incomplete dossiers,COMPLETE,2011-10-18 11:47:43.221000+00:00,2011-10-18 11:55:20.315000+00:00,175859,AL,11
1810,175859_A_APPROVED_1810,A_APPROVED,COMPLETE,2011-10-18 12:21:12.586000+00:00,2011-10-18 12:21:12.586000+00:00,175859,AF,5
1811,175859_A_REGISTERED_1811,A_REGISTERED,COMPLETE,2011-10-18 12:21:12.586000+00:00,2011-10-18 12:21:12.586000+00:00,175859,AF,5
1812,175859_O_ACCEPTED_1812,O_ACCEPTED,COMPLETE,2011-10-18 12:21:12.586000+00:00,2011-10-18 12:21:12.586000+00:00,175859,AF,5
1813,175859_A_ACTIVATED_1813,A_ACTIVATED,COMPLETE,2011-10-18 12:21:12.586000+00:00,2011-10-18 12:21:12.586000+00:00,175859,AF,5
1814,175859_W_Valideren aanvraag_1814,W_Valideren aanvraag,COMPLETE,2011-10-18 12:01:26.226000+00:00,2011-10-18 12:21:19.576000+00:00,175859,AF,5
1815,175862_A_SUBMITTED_1815,A_SUBMITTED,COMPLETE,2011-10-10 09:23:48.032000+00:00,2011-10-10 09:23:48.032000+00:00,175862,AA,0
1816,175862_A_PARTLYSUBMITTED_1816,A_PARTLYSUBMITTED,COMPLETE,2011-10-10 09:23:48.600000+00:00,2011-10-10 09:23:48.600000+00:00,175862,AA,0
1817,175862_A_DECLINED_1817,A_DECLINED,COMPLETE,2011-10-10 09:24:25.217000+00:00,2011-10-10 09:24:25.217000+00:00,175862,AA,0
1818,175865_A_SUBMITTED_1818,A_SUBMITTED,COMPLETE,2011-10-10 10:13:46.930000+00:00,2011-10-10 10:13:46.930000+00:00,175865,AA,0
1819,175865_A_PARTLYSUBMITTED_1819,A_PARTLYSUBMITTED,COMPLETE,2011-10-10 10:13:47.990000+00:00,2011-10-10 10:13:47.990000+00:00,175865,AA,0
1820,175865_A_DECLINED_1820,A_DECLINED,COMPLETE,2011-10-10 11:39:31.692000+00:00,2011-10-10 11:39:31.692000+00:00,175865,AN,13
1821,175865_W_Afhandelen leads_1821,W_Afhandelen leads,COMPLETE,2011-10-10 11:37:41.718000+00:00,2011-10-10 11:39:34.688000+00:00,175865,AN,13
1822,175868_A_SUBMITTED_1822,A_SUBMITTED,COMPLETE,2011-10-10 10:16:51.640000+00:00,2011-10-10 10:16:51.640000+00:00,175868,AA,0
1823,175868_A_PARTLYSUBMITTED_1823,A_PARTLYSUBMITTED,COMPLETE,2011-10-10 10:16:52.124000+00:00,2011-10-10 10:16:52.124000+00:00,175868,AA,0
1824,175868_A_DECLINED_1824,A_DECLINED,COMPLETE,2011-10-10 10:17:29.727000+00:00,2011-10-10 10:17:29.727000+00:00,175868,AA,0
1825,175871_A_SUBMITTED_1825,A_SUBMITTED,COMPLETE,2011-10-10 10:46:30.392000+00:00,2011-10-10 10:46:30.392000+00:00,175871,AA,0
1826,175871_A_PARTLYSUBMITTED_1826,A_PARTLYSUBMITTED,COMPLETE,2011-10-10 10:46:31.494000+00:00,2011-10-10 10:46:31.494000+00:00,175871,AA,0
1827,175871_A_PREACCEPTED_1827,A_PREACCEPTED,COMPLETE,2011-10-10 10:48:01.308000+00:00,2011-10-10 10:48:01.308000+00:00,175871,BH,33
1828,175871_W_Afhandelen leads_1828,W_Afhandelen leads,COMPLETE,2011-10-10 10:47:32.997000+00:00,2011-10-10 10:48:02.405000+00:00,175871,BH,33
1829,175871_A_CANCELLED_1829,A_CANCELLED,COMPLETE,2011-10-10 11:16:25.574000+00:00,2011-10-10 11:16:25.574000+00:00,175871,BH,33
1830,175871_W_Completeren aanvraag_1830,W_Completeren aanvraag,COMPLETE,2011-10-10 10:48:15.155000+00:00,2011-10-10 11:16:27.219000+00:00,175871,BH,33
1831,175874_A_SUBMITTED_1831,A_SUBMITTED,COMPLETE,2011-10-10 10:49:12.026000+00:00,2011-10-10 10:49:12.026000+00:00,175874,AA,0
1832,175874_A_PARTLYSUBMITTED_1832,A_PARTLYSUBMITTED,COMPLETE,2011-10-10 10:49:14.002000+00:00,2011-10-10 10:49:14.002000+00:00,175874,AA,0
1833,175874_A_DECLINED_1833,A_DECLINED,COMPLETE,2011-10-10 10:49:54.912000+00:00,2011-10-10 10:49:54.912000+00:00,175874,AA,0
1834,175877_A_SUBMITTED_1834,A_SUBMITTED,COMPLETE,2011-10-10 10:53:12.736000+00:00,2011-10-10 10:53:12.736000+00:00,175877,AA,0
1835,175877_A_PARTLYSUBMITTED_1835,A_PARTLYSUBMITTED,COMPLETE,2011-10-10 10:53:14.096000+00:00,2011-10-10 10:53:14.096000+00:00,175877,AA,0
1836,175877_A_DECLINED_1836,A_DECLINED,COMPLETE,2011-10-10 11:03:31.046000+00:00,2011-10-10 11:03:31.046000+00:00,175877,BS,44
1837,175877_W_Afhandelen leads_1837,W_Afhandelen leads,COMPLETE,2011-10-10 10:54:29.308000+00:00,2011-10-10 11:03:34.710000+00:00,175877,BS,44
1838,175880_A_SUBMITTED_1838,A_SUBMITTED,COMPLETE,2011-10-10 10:55:54.084000+00:00,2011-10-10 10:55:54.084000+00:00,175880,AA,0
1839,175880_A_PARTLYSUBMITTED_1839,A_PARTLYSUBMITTED,COMPLETE,2011-10-10 10:55:54.602000+00:00,2011-10-10 10:55:54.602000+00:00,175880,AA,0
1840,175880_A_DECLINED_1840,A_DECLINED,COMPLETE,2011-10-10 11:39:45.656000+00:00,2011-10-10 11:39:45.656000+00:00,175880,AN,13
1841,175880_W_Afhandelen leads_1841,W_Afhandelen leads,COMPLETE,2011-10-10 11:37:49.839000+00:00,2011-10-10 11:39:48.618000+00:00,175880,AN,13
1842,175886_A_SUBMITTED_1842,A_SUBMITTED,COMPLETE,2011-10-10 11:17:32.276000+00:00,2011-10-10 11:17:32.276000+00:00,175886,AA,0
1843,175886_A_PARTLYSUBMITTED_1843,A_PARTLYSUBMITTED,COMPLETE,2011-10-10 11:17:32.849000+00:00,2011-10-10 11:17:32.849000+00:00,175886,AA,0
1844,175886_A_DECLINED_1844,A_DECLINED,COMPLETE,2011-10-10 11:39:18.997000+00:00,2011-10-10 11:39:18.997000+00:00,175886,AN,13
1845,175886_W_Afhandelen leads_1845,W_Afhandelen leads,COMPLETE,2011-10-10 11:37:56.726000+00:00,2011-10-10 11:39:21.828000+00:00,175886,AN,13
1846,175889_A_SUBMITTED_1846,A_SUBMITTED,COMPLETE,2011-10-10 11:22:25.848000+00:00,2011-10-10 11:22:25.848000+00:00,175889,AA,0
1847,175889_A_PARTLYSUBMITTED_1847,A_PARTLYSUBMITTED,COMPLETE,2011-10-10 11:22:26.385000+00:00,2011-10-10 11:22:26.385000+00:00,175889,AA,0
1848,175889_A_DECLINED_1848,A_DECLINED,COMPLETE,2011-10-10 12:00:02.243000+00:00,2011-10-10 12:00:02.243000+00:00,175889,AE,4
1849,175889_W_Afhandelen leads_1849,W_Afhandelen leads,COMPLETE,2011-10-10 11:53:30.077000+00:00,2011-10-10 12:00:07.466000+00:00,175889,AE,4
1850,175895_A_SUBMITTED_1850,A_SUBMITTED,COMPLETE,2011-10-10 11:37:32.222000+00:00,2011-10-10 11:37:32.222000+00:00,175895,AA,0
1851,175895_A_PARTLYSUBMITTED_1851,A_PARTLYSUBMITTED,COMPLETE,2011-10-10 11:37:32.623000+00:00,2011-10-10 11:37:32.623000+00:00,175895,AA,0
1852,175895_A_DECLINED_1852,A_DECLINED,COMPLETE,2011-10-10 11:38:07.579000+00:00,2011-10-10 11:38:07.579000+00:00,175895,AA,0
1853,175898_A_SUBMITTED_1853,A_SUBMITTED,COMPLETE,2011-10-10 11:40:31.480000+00:00,2011-10-10 11:40:31.480000+00:00,175898,AA,0
1854,175898_A_PARTLYSUBMITTED_1854,A_PARTLYSUBMITTED,COMPLETE,2011-10-10 11:40:32.410000+00:00,2011-10-10 11:40:32.410000+00:00,175898,AA,0
1855,175898_A_PREACCEPTED_1855,A_PREACCEPTED,COMPLETE,2011-10-10 12:03:14.245000+00:00,2011-10-10 12:03:14.245000+00:00,175898,AE,4
1856,175898_W_Afhandelen leads_1856,W_Afhandelen leads,COMPLETE,2011-10-10 12:01:58.629000+00:00,2011-10-10 12:03:15.923000+00:00,175898,AE,4
1857,175898_W_Completeren aanvraag_1857,W_Completeren aanvraag,COMPLETE,2011-10-10 12:44:46.387000+00:00,2011-10-10 12:48:06.168000+00:00,175898,BS,44
1858,175898_W_Completeren aanvraag_1858,W_Completeren aanvraag,COMPLETE,2011-10-10 12:48:18.929000+00:00,2011-10-10 12:48:31.984000+00:00,175898,BS,44
1859,175898_A_DECLINED_1859,A_DECLINED,COMPLETE,2011-10-10 14:59:30.559000+00:00,2011-10-10 14:59:30.559000+00:00,175898,BS,44
1860,175898_W_Completeren aanvraag_1860,W_Completeren aanvraag,COMPLETE,2011-10-10 14:53:05.335000+00:00,2011-10-10 14:59:33.986000+00:00,175898,BS,44
1861,175901_A_SUBMITTED_1861,A_SUBMITTED,COMPLETE,2011-10-10 11:51:48.127000+00:00,2011-10-10 11:51:48.127000+00:00,175901,AA,0
1862,175901_A_PARTLYSUBMITTED_1862,A_PARTLYSUBMITTED,COMPLETE,2011-10-10 11:51:48.697000+00:00,2011-10-10 11:51:48.697000+00:00,175901,AA,0
1863,175901_A_DECLINED_1863,A_DECLINED,COMPLETE,2011-10-10 12:01:48.703000+00:00,2011-10-10 12:01:48.703000+00:00,175901,AE,4
1864,175901_W_Afhandelen leads_1864,W_Afhandelen leads,COMPLETE,2011-10-10 12:00:17.314000+00:00,2011-10-10 12:01:51.820000+00:00,175901,AE,4
1865,175904_A_SUBMITTED_1865,A_SUBMITTED,COMPLETE,2011-10-10 11:52:15.819000+00:00,2011-10-10 11:52:15.819000+00:00,175904,AA,0
1866,175904_A_PARTLYSUBMITTED_1866,A_PARTLYSUBMITTED,COMPLETE,2011-10-10 11:52:16.546000+00:00,2011-10-10 11:52:16.546000+00:00,175904,AA,0
1867,175904_A_DECLINED_1867,A_DECLINED,COMPLETE,2011-10-10 11:52:51.918000+00:00,2011-10-10 11:52:51.918000+00:00,175904,AA,0
1868,175916_A_SUBMITTED_1868,A_SUBMITTED,COMPLETE,2011-10-10 12:20:57.614000+00:00,2011-10-10 12:20:57.614000+00:00,175916,AA,0
1869,175916_A_PARTLYSUBMITTED_1869,A_PARTLYSUBMITTED,COMPLETE,2011-10-10 12:20:58.398000+00:00,2011-10-10 12:20:58.398000+00:00,175916,AA,0
1870,175916_A_DECLINED_1870,A_DECLINED,COMPLETE,2011-10-10 12:40:52.840000+00:00,2011-10-10 12:40:52.840000+00:00,175916,AN,13
1871,175916_W_Afhandelen leads_1871,W_Afhandelen leads,COMPLETE,2011-10-10 12:40:33.621000+00:00,2011-10-10 12:40:57.374000+00:00,175916,AN,13
1872,175919_A_SUBMITTED_1872,A_SUBMITTED,COMPLETE,2011-10-10 12:23:22.161000+00:00,2011-10-10 12:23:22.161000+00:00,175919,AA,0
1873,175919_A_PARTLYSUBMITTED_1873,A_PARTLYSUBMITTED,COMPLETE,2011-10-10 12:23:22.783000+00:00,2011-10-10 12:23:22.783000+00:00,175919,AA,0
1874,175919_A_DECLINED_1874,A_DECLINED,COMPLETE,2011-10-10 12:23:58.549000+00:00,2011-10-10 12:23:58.549000+00:00,175919,AA,0
1875,175922_A_SUBMITTED_1875,A_SUBMITTED,COMPLETE,2011-10-10 12:25:15.419000+00:00,2011-10-10 12:25:15.419000+00:00,175922,AA,0
1876,175922_A_PARTLYSUBMITTED_1876,A_PARTLYSUBMITTED,COMPLETE,2011-10-10 12:25:16.125000+00:00,2011-10-10 12:25:16.125000+00:00,175922,AA,0
1877,175922_W_Afhandelen leads_1877,W_Afhandelen leads,COMPLETE,2011-10-10 12:26:25.478000+00:00,2011-10-10 12:27:03.120000+00:00,175922,AN,13
1878,175922_A_PREACCEPTED_1878,A_PREACCEPTED,COMPLETE,2011-10-10 12:33:33.277000+00:00,2011-10-10 12:33:33.277000+00:00,175922,AN,13
1879,175922_W_Afhandelen leads_1879,W_Afhandelen leads,COMPLETE,2011-10-10 12:27:06.222000+00:00,2011-10-10 12:33:34.680000+00:00,175922,AN,13
1880,175922_W_Completeren aanvraag_1880,W_Completeren aanvraag,COMPLETE,2011-10-10 12:33:44.345000+00:00,2011-10-10 12:40:23.144000+00:00,175922,AN,13
1881,175922_W_Completeren aanvraag_1881,W_Completeren aanvraag,COMPLETE,2011-10-10 17:32:30.331000+00:00,2011-10-10 17:32:39.221000+00:00,175922,BR,43
1882,175922_W_Completeren aanvraag_1882,W_Completeren aanvraag,COMPLETE,2011-10-10 17:49:25.702000+00:00,2011-10-10 18:02:11.716000+00:00,175922,BT,45
1883,175922_A_DECLINED_1883,A_DECLINED,COMPLETE,2011-10-10 18:15:52.542000+00:00,2011-10-10 18:15:52.542000+00:00,175922,BT,45
1884,175922_W_Completeren aanvraag_1884,W_Completeren aanvraag,COMPLETE,2011-10-10 18:02:13.429000+00:00,2011-10-10 18:15:57.185000+00:00,175922,BT,45
1885,175925_A_SUBMITTED_1885,A_SUBMITTED,COMPLETE,2011-10-10 12:50:18.698000+00:00,2011-10-10 12:50:18.698000+00:00,175925,AA,0
1886,175925_A_PARTLYSUBMITTED_1886,A_PARTLYSUBMITTED,COMPLETE,2011-10-10 12:50:19.261000+00:00,2011-10-10 12:50:19.261000+00:00,175925,AA,0
1887,175925_A_DECLINED_1887,A_DECLINED,COMPLETE,2011-10-10 12:50:55.862000+00:00,2011-10-10 12:50:55.862000+00:00,175925,AA,0
1888,175928_A_SUBMITTED_1888,A_SUBMITTED,COMPLETE,2011-10-10 12:59:04.999000+00:00,2011-10-10 12:59:04.999000+00:00,175928,AA,0
1889,175928_A_PARTLYSUBMITTED_1889,A_PARTLYSUBMITTED,COMPLETE,2011-10-10 12:59:05.574000+00:00,2011-10-10 12:59:05.574000+00:00,175928,AA,0
1890,175928_A_PREACCEPTED_1890,A_PREACCEPTED,COMPLETE,2011-10-10 13:30:57.669000+00:00,2011-10-10 13:30:57.669000+00:00,175928,AO,14
1891,175928_W_Afhandelen leads_1891,W_Afhandelen leads,COMPLETE,2011-10-10 13:30:27.624000+00:00,2011-10-10 13:30:59.423000+00:00,175928,AO,14
1892,175928_A_DECLINED_1892,A_DECLINED,COMPLETE,2011-10-10 15:09:52.059000+00:00,2011-10-10 15:09:52.059000+00:00,175928,BS,44
1893,175928_W_Completeren aanvraag_1893,W_Completeren aanvraag,COMPLETE,2011-10-10 15:00:26.693000+00:00,2011-10-10 15:09:55.368000+00:00,175928,BS,44
1894,175931_A_SUBMITTED_1894,A_SUBMITTED,COMPLETE,2011-10-10 13:03:44.517000+00:00,2011-10-10 13:03:44.517000+00:00,175931,AA,0
1895,175931_A_PARTLYSUBMITTED_1895,A_PARTLYSUBMITTED,COMPLETE,2011-10-10 13:03:45.265000+00:00,2011-10-10 13:03:45.265000+00:00,175931,AA,0
1896,175931_A_DECLINED_1896,A_DECLINED,COMPLETE,2011-10-10 13:53:25.374000+00:00,2011-10-10 13:53:25.374000+00:00,175931,AO,14
1897,175931_W_Afhandelen leads_1897,W_Afhandelen leads,COMPLETE,2011-10-10 13:31:02.645000+00:00,2011-10-10 13:53:28.801000+00:00,175931,AO,14
1898,175934_A_SUBMITTED_1898,A_SUBMITTED,COMPLETE,2011-10-10 13:45:55.560000+00:00,2011-10-10 13:45:55.560000+00:00,175934,AA,0
1899,175934_A_PARTLYSUBMITTED_1899,A_PARTLYSUBMITTED,COMPLETE,2011-10-10 13:45:56.923000+00:00,2011-10-10 13:45:56.923000+00:00,175934,AA,0
1900,175934_A_DECLINED_1900,A_DECLINED,COMPLETE,2011-10-10 13:59:53.528000+00:00,2011-10-10 13:59:53.528000+00:00,175934,AO,14
1901,175934_W_Afhandelen leads_1901,W_Afhandelen leads,COMPLETE,2011-10-10 13:53:41.955000+00:00,2011-10-10 13:59:56.689000+00:00,175934,AO,14
1902,175937_A_SUBMITTED_1902,A_SUBMITTED,COMPLETE,2011-10-10 14:05:33.319000+00:00,2011-10-10 14:05:33.319000+00:00,175937,AA,0
1903,175937_A_PARTLYSUBMITTED_1903,A_PARTLYSUBMITTED,COMPLETE,2011-10-10 14:05:33.923000+00:00,2011-10-10 14:05:33.923000+00:00,175937,AA,0
1904,175937_A_PREACCEPTED_1904,A_PREACCEPTED,COMPLETE,2011-10-10 14:06:16.658000+00:00,2011-10-10 14:06:16.658000+00:00,175937,AA,0
1905,175937_A_ACCEPTED_1905,A_ACCEPTED,COMPLETE,2011-10-10 14:09:12.442000+00:00,2011-10-10 14:09:12.442000+00:00,175937,BH,33
1906,175937_A_FINALIZED_1906,A_FINALIZED,COMPLETE,2011-10-10 14:11:45.767000+00:00,2011-10-10 14:11:45.767000+00:00,175937,BH,33
1907,175937_O_SELECTED_1907,O_SELECTED,COMPLETE,2011-10-10 14:11:45.767000+00:00,2011-10-10 14:11:45.767000+00:00,175937,BH,33
1908,175937_O_CREATED_1908,O_CREATED,COMPLETE,2011-10-10 14:12:34.466000+00:00,2011-10-10 14:12:34.466000+00:00,175937,BH,33
1909,175937_O_SENT_1909,O_SENT,COMPLETE,2011-10-10 14:12:34.519000+00:00,2011-10-10 14:12:34.519000+00:00,175937,BH,33
1910,175937_W_Completeren aanvraag_1910,W_Completeren aanvraag,COMPLETE,2011-10-10 14:06:54.065000+00:00,2011-10-10 14:12:35.881000+00:00,175937,BH,33
1911,175937_W_Nabellen offertes_1911,W_Nabellen offertes,COMPLETE,2011-10-10 14:13:10.563000+00:00,2011-10-10 14:14:32.490000+00:00,175937,BH,33
1912,175937_O_CANCELLED_1912,O_CANCELLED,COMPLETE,2011-10-17 20:10:14.829000+00:00,2011-10-17 20:10:14.829000+00:00,175937,BL,37
1913,175937_A_CANCELLED_1913,A_CANCELLED,COMPLETE,2011-10-17 20:10:14.829000+00:00,2011-10-17 20:10:14.829000+00:00,175937,BL,37
1914,175937_W_Nabellen offertes_1914,W_Nabellen offertes,COMPLETE,2011-10-17 20:06:36.001000+00:00,2011-10-17 20:10:16.735000+00:00,175937,BL,37
1915,175940_A_SUBMITTED_1915,A_SUBMITTED,COMPLETE,2011-10-10 14:15:47.100000+00:00,2011-10-10 14:15:47.100000+00:00,175940,AA,0
1916,175940_A_PARTLYSUBMITTED_1916,A_PARTLYSUBMITTED,COMPLETE,2011-10-10 14:15:47.722000+00:00,2011-10-10 14:15:47.722000+00:00,175940,AA,0
1917,175940_A_DECLINED_1917,A_DECLINED,COMPLETE,2011-10-10 14:17:10.526000+00:00,2011-10-10 14:17:10.526000+00:00,175940,AA,0
1918,175943_A_SUBMITTED_1918,A_SUBMITTED,COMPLETE,2011-10-10 14:23:48.458000+00:00,2011-10-10 14:23:48.458000+00:00,175943,AA,0
1919,175943_A_PARTLYSUBMITTED_1919,A_PARTLYSUBMITTED,COMPLETE,2011-10-10 14:23:48.970000+00:00,2011-10-10 14:23:48.970000+00:00,175943,AA,0
1920,175943_A_DECLINED_1920,A_DECLINED,COMPLETE,2011-10-10 14:24:29.160000+00:00,2011-10-10 14:24:29.160000+00:00,175943,AA,0
1921,175946_A_SUBMITTED_1921,A_SUBMITTED,COMPLETE,2011-10-10 14:25:45.768000+00:00,2011-10-10 14:25:45.768000+00:00,175946,AA,0
1922,175946_A_PARTLYSUBMITTED_1922,A_PARTLYSUBMITTED,COMPLETE,2011-10-10 14:25:46.269000+00:00,2011-10-10 14:25:46.269000+00:00,175946,AA,0
1923,175946_A_PREACCEPTED_1923,A_PREACCEPTED,COMPLETE,2011-10-10 14:26:25.805000+00:00,2011-10-10 14:26:25.805000+00:00,175946,AA,0
1924,175946_W_Completeren aanvraag_1924,W_Completeren aanvraag,COMPLETE,2011-10-10 15:16:27.137000+00:00,2011-10-10 15:32:09.445000+00:00,175946,BS,44
1925,175946_A_CANCELLED_1925,A_CANCELLED,COMPLETE,2011-10-10 15:33:52.214000+00:00,2011-10-10 15:33:52.214000+00:00,175946,BS,44
1926,175946_W_Completeren aanvraag_1926,W_Completeren aanvraag,COMPLETE,2011-10-10 15:33:09.229000+00:00,2011-10-10 15:33:53.861000+00:00,175946,BS,44
1927,175949_A_SUBMITTED_1927,A_SUBMITTED,COMPLETE,2011-10-10 14:30:19.435000+00:00,2011-10-10 14:30:19.435000+00:00,175949,AA,0
1928,175949_A_PARTLYSUBMITTED_1928,A_PARTLYSUBMITTED,COMPLETE,2011-10-10 14:30:20.132000+00:00,2011-10-10 14:30:20.132000+00:00,175949,AA,0
1929,175949_A_DECLINED_1929,A_DECLINED,COMPLETE,2011-10-10 14:31:06.354000+00:00,2011-10-10 14:31:06.354000+00:00,175949,AA,0
1930,175952_A_SUBMITTED_1930,A_SUBMITTED,COMPLETE,2011-10-10 14:40:19.249000+00:00,2011-10-10 14:40:19.249000+00:00,175952,AA,0
1931,175952_A_PARTLYSUBMITTED_1931,A_PARTLYSUBMITTED,COMPLETE,2011-10-10 14:40:19.747000+00:00,2011-10-10 14:40:19.747000+00:00,175952,AA,0
1932,175952_A_PREACCEPTED_1932,A_PREACCEPTED,COMPLETE,2011-10-10 14:40:53.437000+00:00,2011-10-10 14:40:53.437000+00:00,175952,AA,0
1933,175952_W_Completeren aanvraag_1933,W_Completeren aanvraag,COMPLETE,2011-10-10 15:10:16.537000+00:00,2011-10-10 15:16:01.559000+00:00,175952,BS,44
1934,175952_A_DECLINED_1934,A_DECLINED,COMPLETE,2011-10-10 16:03:43.881000+00:00,2011-10-10 16:03:43.881000+00:00,175952,AO,14
1935,175952_W_Completeren aanvraag_1935,W_Completeren aanvraag,COMPLETE,2011-10-10 16:00:03.782000+00:00,2011-10-10 16:03:46.924000+00:00,175952,AO,14
1936,175955_A_SUBMITTED_1936,A_SUBMITTED,COMPLETE,2011-10-10 14:40:43.300000+00:00,2011-10-10 14:40:43.300000+00:00,175955,AA,0
1937,175955_A_PARTLYSUBMITTED_1937,A_PARTLYSUBMITTED,COMPLETE,2011-10-10 14:40:43.935000+00:00,2011-10-10 14:40:43.935000+00:00,175955,AA,0
1938,175955_A_DECLINED_1938,A_DECLINED,COMPLETE,2011-10-10 14:41:37.160000+00:00,2011-10-10 14:41:37.160000+00:00,175955,AA,0
1939,175958_A_SUBMITTED_1939,A_SUBMITTED,COMPLETE,2011-10-10 14:46:44.385000+00:00,2011-10-10 14:46:44.385000+00:00,175958,AA,0
1940,175958_A_PARTLYSUBMITTED_1940,A_PARTLYSUBMITTED,COMPLETE,2011-10-10 14:46:44.983000+00:00,2011-10-10 14:46:44.983000+00:00,175958,AA,0
1941,175958_A_PREACCEPTED_1941,A_PREACCEPTED,COMPLETE,2011-10-10 14:48:05.890000+00:00,2011-10-10 14:48:05.890000+00:00,175958,AA,0
1942,175958_A_ACCEPTED_1942,A_ACCEPTED,COMPLETE,2011-10-10 14:55:25.823000+00:00,2011-10-10 14:55:25.823000+00:00,175958,AS,18
1943,175958_A_FINALIZED_1943,A_FINALIZED,COMPLETE,2011-10-10 15:05:14.926000+00:00,2011-10-10 15:05:14.926000+00:00,175958,AS,18
1944,175958_O_SELECTED_1944,O_SELECTED,COMPLETE,2011-10-10 15:05:14.926000+00:00,2011-10-10 15:05:14.926000+00:00,175958,AS,18
1945,175958_O_CREATED_1945,O_CREATED,COMPLETE,2011-10-10 15:05:16.343000+00:00,2011-10-10 15:05:16.343000+00:00,175958,AS,18
1946,175958_O_SENT_1946,O_SENT,COMPLETE,2011-10-10 15:05:16.391000+00:00,2011-10-10 15:05:16.391000+00:00,175958,AS,18
1947,175958_W_Completeren aanvraag_1947,W_Completeren aanvraag,COMPLETE,2011-10-10 14:49:39.655000+00:00,2011-10-10 15:05:17.734000+00:00,175958,AS,18
1948,175958_W_Nabellen offertes_1948,W_Nabellen offertes,COMPLETE,2011-10-17 20:16:26.442000+00:00,2011-10-17 20:19:16.189000+00:00,175958,BL,37
1949,175958_A_DECLINED_1949,A_DECLINED,COMPLETE,2011-10-19 10:52:34.473000+00:00,2011-10-19 10:52:34.473000+00:00,175958,BS,44
1950,175958_O_DECLINED_1950,O_DECLINED,COMPLETE,2011-10-19 10:52:34.473000+00:00,2011-10-19 10:52:34.473000+00:00,175958,BS,44
1951,175958_W_Nabellen offertes_1951,W_Nabellen offertes,COMPLETE,2011-10-19 10:48:29.889000+00:00,2011-10-19 10:52:37.663000+00:00,175958,BS,44
1952,175961_A_SUBMITTED_1952,A_SUBMITTED,COMPLETE,2011-10-10 15:07:57.632000+00:00,2011-10-10 15:07:57.632000+00:00,175961,AA,0
1953,175961_A_PARTLYSUBMITTED_1953,A_PARTLYSUBMITTED,COMPLETE,2011-10-10 15:07:58.441000+00:00,2011-10-10 15:07:58.441000+00:00,175961,AA,0
1954,175961_A_DECLINED_1954,A_DECLINED,COMPLETE,2011-10-10 15:08:54.248000+00:00,2011-10-10 15:08:54.248000+00:00,175961,AA,0
1955,175964_A_SUBMITTED_1955,A_SUBMITTED,COMPLETE,2011-10-10 15:20:02.221000+00:00,2011-10-10 15:20:02.221000+00:00,175964,AA,0
1956,175964_A_PARTLYSUBMITTED_1956,A_PARTLYSUBMITTED,COMPLETE,2011-10-10 15:20:02.916000+00:00,2011-10-10 15:20:02.916000+00:00,175964,AA,0
1957,175964_A_DECLINED_1957,A_DECLINED,COMPLETE,2011-10-10 15:20:53.362000+00:00,2011-10-10 15:20:53.362000+00:00,175964,AA,0
1958,175967_A_SUBMITTED_1958,A_SUBMITTED,COMPLETE,2011-10-10 15:29:48.830000+00:00,2011-10-10 15:29:48.830000+00:00,175967,AA,0
1959,175967_A_PARTLYSUBMITTED_1959,A_PARTLYSUBMITTED,COMPLETE,2011-10-10 15:29:49.338000+00:00,2011-10-10 15:29:49.338000+00:00,175967,AA,0
1960,175967_A_DECLINED_1960,A_DECLINED,COMPLETE,2011-10-10 15:30:41.152000+00:00,2011-10-10 15:30:41.152000+00:00,175967,AA,0
1961,175973_A_SUBMITTED_1961,A_SUBMITTED,COMPLETE,2011-10-10 15:48:41.400000+00:00,2011-10-10 15:48:41.400000+00:00,175973,AA,0
1962,175973_A_PARTLYSUBMITTED_1962,A_PARTLYSUBMITTED,COMPLETE,2011-10-10 15:48:42.391000+00:00,2011-10-10 15:48:42.391000+00:00,175973,AA,0
1963,175973_A_PREACCEPTED_1963,A_PREACCEPTED,COMPLETE,2011-10-10 15:49:49.871000+00:00,2011-10-10 15:49:49.871000+00:00,175973,AA,0
1964,175973_A_ACCEPTED_1964,A_ACCEPTED,COMPLETE,2011-10-10 15:56:29.463000+00:00,2011-10-10 15:56:29.463000+00:00,175973,AO,14
1965,175973_A_FINALIZED_1965,A_FINALIZED,COMPLETE,2011-10-10 15:57:48.914000+00:00,2011-10-10 15:57:48.914000+00:00,175973,AO,14
1966,175973_O_SELECTED_1966,O_SELECTED,COMPLETE,2011-10-10 15:57:48.914000+00:00,2011-10-10 15:57:48.914000+00:00,175973,AO,14
1967,175973_O_CREATED_1967,O_CREATED,COMPLETE,2011-10-10 15:57:50.354000+00:00,2011-10-10 15:57:50.354000+00:00,175973,AO,14
1968,175973_O_SENT_1968,O_SENT,COMPLETE,2011-10-10 15:57:50.393000+00:00,2011-10-10 15:57:50.393000+00:00,175973,AO,14
1969,175973_W_Completeren aanvraag_1969,W_Completeren aanvraag,COMPLETE,2011-10-10 15:49:55.491000+00:00,2011-10-10 15:57:52.680000+00:00,175973,AO,14
1970,175973_W_Nabellen offertes_1970,W_Nabellen offertes,COMPLETE,2011-10-17 20:24:27.019000+00:00,2011-10-17 20:26:30.741000+00:00,175973,BL,37
1971,175973_O_SENT_BACK_1971,O_SENT_BACK,COMPLETE,2011-10-18 10:28:33.263000+00:00,2011-10-18 10:28:33.263000+00:00,175973,BJ,35
1972,175973_W_Nabellen offertes_1972,W_Nabellen offertes,COMPLETE,2011-10-18 10:26:27.946000+00:00,2011-10-18 10:28:34.721000+00:00,175973,BJ,35
1973,175973_W_Valideren aanvraag_1973,W_Valideren aanvraag,COMPLETE,2011-10-24 12:46:48.759000+00:00,2011-10-24 13:51:00.907000+00:00,175973,AC,2
1974,175973_W_Valideren aanvraag_1974,W_Valideren aanvraag,COMPLETE,2011-10-24 13:51:09.520000+00:00,2011-10-24 14:16:56.627000+00:00,175973,AC,2
1975,175973_A_APPROVED_1975,A_APPROVED,COMPLETE,2011-10-24 15:50:08.177000+00:00,2011-10-24 15:50:08.177000+00:00,175973,AC,2
1976,175973_O_ACCEPTED_1976,O_ACCEPTED,COMPLETE,2011-10-24 15:50:08.177000+00:00,2011-10-24 15:50:08.177000+00:00,175973,AC,2
1977,175973_A_REGISTERED_1977,A_REGISTERED,COMPLETE,2011-10-24 15:50:08.177000+00:00,2011-10-24 15:50:08.177000+00:00,175973,AC,2
1978,175973_A_ACTIVATED_1978,A_ACTIVATED,COMPLETE,2011-10-24 15:50:08.178000+00:00,2011-10-24 15:50:08.178000+00:00,175973,AC,2
1979,175973_W_Valideren aanvraag_1979,W_Valideren aanvraag,COMPLETE,2011-10-24 15:49:19.312000+00:00,2011-10-24 15:50:17.165000+00:00,175973,AC,2
1980,175976_A_SUBMITTED_1980,A_SUBMITTED,COMPLETE,2011-10-10 16:06:24.193000+00:00,2011-10-10 16:06:24.193000+00:00,175976,AA,0
1981,175976_A_PARTLYSUBMITTED_1981,A_PARTLYSUBMITTED,COMPLETE,2011-10-10 16:06:24.955000+00:00,2011-10-10 16:06:24.955000+00:00,175976,AA,0
1982,175976_A_PREACCEPTED_1982,A_PREACCEPTED,COMPLETE,2011-10-10 16:07:13.121000+00:00,2011-10-10 16:07:13.121000+00:00,175976,AA,0
1983,175976_A_ACCEPTED_1983,A_ACCEPTED,COMPLETE,2011-10-10 16:30:02.892000+00:00,2011-10-10 16:30:02.892000+00:00,175976,BS,44
1984,175976_O_SELECTED_1984,O_SELECTED,COMPLETE,2011-10-10 16:32:25.881000+00:00,2011-10-10 16:32:25.881000+00:00,175976,BS,44
1985,175976_A_FINALIZED_1985,A_FINALIZED,COMPLETE,2011-10-10 16:32:25.882000+00:00,2011-10-10 16:32:25.882000+00:00,175976,BS,44
1986,175976_O_CREATED_1986,O_CREATED,COMPLETE,2011-10-10 16:33:13.641000+00:00,2011-10-10 16:33:13.641000+00:00,175976,BS,44
1987,175976_O_SENT_1987,O_SENT,COMPLETE,2011-10-10 16:33:13.672000+00:00,2011-10-10 16:33:13.672000+00:00,175976,BS,44
1988,175976_W_Completeren aanvraag_1988,W_Completeren aanvraag,COMPLETE,2011-10-10 16:18:53.123000+00:00,2011-10-10 16:33:15.157000+00:00,175976,BS,44
1989,175976_O_CANCELLED_1989,O_CANCELLED,COMPLETE,2011-10-17 20:32:31.141000+00:00,2011-10-17 20:32:31.141000+00:00,175976,BL,37
1990,175976_A_CANCELLED_1990,A_CANCELLED,COMPLETE,2011-10-17 20:32:31.141000+00:00,2011-10-17 20:32:31.141000+00:00,175976,BL,37
1991,175976_W_Nabellen offertes_1991,W_Nabellen offertes,COMPLETE,2011-10-17 20:31:05.795000+00:00,2011-10-17 20:32:33.362000+00:00,175976,BL,37
1992,175979_A_SUBMITTED_1992,A_SUBMITTED,COMPLETE,2011-10-10 16:09:26.070000+00:00,2011-10-10 16:09:26.070000+00:00,175979,AA,0
1993,175979_A_PARTLYSUBMITTED_1993,A_PARTLYSUBMITTED,COMPLETE,2011-10-10 16:09:26.648000+00:00,2011-10-10 16:09:26.648000+00:00,175979,AA,0
1994,175979_A_PREACCEPTED_1994,A_PREACCEPTED,COMPLETE,2011-10-10 16:34:00.720000+00:00,2011-10-10 16:34:00.720000+00:00,175979,AO,14
1995,175979_W_Afhandelen leads_1995,W_Afhandelen leads,COMPLETE,2011-10-10 16:33:07.909000+00:00,2011-10-10 16:34:01.820000+00:00,175979,AO,14
1996,175979_A_DECLINED_1996,A_DECLINED,COMPLETE,2011-10-10 16:42:53.743000+00:00,2011-10-10 16:42:53.743000+00:00,175979,BS,44
1997,175979_W_Completeren aanvraag_1997,W_Completeren aanvraag,COMPLETE,2011-10-10 16:34:46.328000+00:00,2011-10-10 16:42:56.819000+00:00,175979,BS,44
1998,175982_A_SUBMITTED_1998,A_SUBMITTED,COMPLETE,2011-10-10 16:12:03.690000+00:00,2011-10-10 16:12:03.690000+00:00,175982,AA,0
1999,175982_A_PARTLYSUBMITTED_1999,A_PARTLYSUBMITTED,COMPLETE,2011-10-10 16:12:04.395000+00:00,2011-10-10 16:12:04.395000+00:00,175982,AA,0
2000,175982_A_DECLINED_2000,A_DECLINED,COMPLETE,2011-10-10 16:39:09.188000+00:00,2011-10-10 16:39:09.188000+00:00,175982,AO,14
2001,175982_W_Afhandelen leads_2001,W_Afhandelen leads,COMPLETE,2011-10-10 16:34:13.085000+00:00,2011-10-10 16:39:12.840000+00:00,175982,AO,14
2002,175985_A_SUBMITTED_2002,A_SUBMITTED,COMPLETE,2011-10-10 16:12:33.888000+00:00,2011-10-10 16:12:33.888000+00:00,175985,AA,0
2003,175985_A_PARTLYSUBMITTED_2003,A_PARTLYSUBMITTED,COMPLETE,2011-10-10 16:12:34.452000+00:00,2011-10-10 16:12:34.452000+00:00,175985,AA,0
2004,175985_A_DECLINED_2004,A_DECLINED,COMPLETE,2011-10-10 16:13:23.219000+00:00,2011-10-10 16:13:23.219000+00:00,175985,AA,0
2005,175988_A_SUBMITTED_2005,A_SUBMITTED,COMPLETE,2011-10-10 16:25:18.948000+00:00,2011-10-10 16:25:18.948000+00:00,175988,AA,0
2006,175988_A_PARTLYSUBMITTED_2006,A_PARTLYSUBMITTED,COMPLETE,2011-10-10 16:25:19.730000+00:00,2011-10-10 16:25:19.730000+00:00,175988,AA,0
2007,175988_W_Afhandelen leads_2007,W_Afhandelen leads,COMPLETE,2011-10-10 17:14:09.142000+00:00,2011-10-10 17:16:29.433000+00:00,175988,BC,28
2008,175988_A_DECLINED_2008,A_DECLINED,COMPLETE,2011-10-10 19:52:50.111000+00:00,2011-10-10 19:52:50.111000+00:00,175988,AO,14
2009,175988_W_Afhandelen leads_2009,W_Afhandelen leads,COMPLETE,2011-10-10 19:51:44.283000+00:00,2011-10-10 19:52:53.099000+00:00,175988,AO,14
2010,175991_A_SUBMITTED_2010,A_SUBMITTED,COMPLETE,2011-10-10 16:41:37.764000+00:00,2011-10-10 16:41:37.764000+00:00,175991,AA,0
2011,175991_A_PARTLYSUBMITTED_2011,A_PARTLYSUBMITTED,COMPLETE,2011-10-10 16:41:38.306000+00:00,2011-10-10 16:41:38.306000+00:00,175991,AA,0
2012,175991_A_PREACCEPTED_2012,A_PREACCEPTED,COMPLETE,2011-10-10 16:42:14.918000+00:00,2011-10-10 16:42:14.918000+00:00,175991,AA,0
2013,175991_A_ACCEPTED_2013,A_ACCEPTED,COMPLETE,2011-10-10 16:54:07.050000+00:00,2011-10-10 16:54:07.050000+00:00,175991,BS,44
2014,175991_O_SELECTED_2014,O_SELECTED,COMPLETE,2011-10-10 16:56:40.303000+00:00,2011-10-10 16:56:40.303000+00:00,175991,BS,44
2015,175991_A_FINALIZED_2015,A_FINALIZED,COMPLETE,2011-10-10 16:56:40.303000+00:00,2011-10-10 16:56:40.303000+00:00,175991,BS,44
2016,175991_O_CREATED_2016,O_CREATED,COMPLETE,2011-10-10 16:56:40.922000+00:00,2011-10-10 16:56:40.922000+00:00,175991,BS,44
2017,175991_O_SENT_2017,O_SENT,COMPLETE,2011-10-10 16:56:40.946000+00:00,2011-10-10 16:56:40.946000+00:00,175991,BS,44
2018,175991_W_Completeren aanvraag_2018,W_Completeren aanvraag,COMPLETE,2011-10-10 16:45:22.205000+00:00,2011-10-10 16:56:42.295000+00:00,175991,BS,44
2019,175991_W_Nabellen offertes_2019,W_Nabellen offertes,COMPLETE,2011-10-17 20:41:59.034000+00:00,2011-10-17 20:48:15.453000+00:00,175991,BL,37
2021,175991_O_SENT_BACK_2021,O_SENT_BACK,COMPLETE,2011-10-24 10:57:22.697000+00:00,2011-10-24 10:57:22.697000+00:00,175991,BJ,35
2022,175991_W_Nabellen offertes_2022,W_Nabellen offertes,COMPLETE,2011-10-24 10:57:12.013000+00:00,2011-10-24 10:57:24.647000+00:00,175991,BJ,35
2026,176003_A_SUBMITTED_2026,A_SUBMITTED,COMPLETE,2011-10-10 17:59:30.512000+00:00,2011-10-10 17:59:30.512000+00:00,176003,AA,0
2027,176003_A_PARTLYSUBMITTED_2027,A_PARTLYSUBMITTED,COMPLETE,2011-10-10 17:59:31.846000+00:00,2011-10-10 17:59:31.846000+00:00,176003,AA,0
2028,176003_A_DECLINED_2028,A_DECLINED,COMPLETE,2011-10-10 17:59:34.432000+00:00,2011-10-10 17:59:34.432000+00:00,176003,AA,0
2029,176009_A_SUBMITTED_2029,A_SUBMITTED,COMPLETE,2011-10-10 18:12:41.511000+00:00,2011-10-10 18:12:41.511000+00:00,176009,AA,0
2030,176009_A_PARTLYSUBMITTED_2030,A_PARTLYSUBMITTED,COMPLETE,2011-10-10 18:12:42.078000+00:00,2011-10-10 18:12:42.078000+00:00,176009,AA,0
2031,176009_A_DECLINED_2031,A_DECLINED,COMPLETE,2011-10-10 19:26:44.139000+00:00,2011-10-10 19:26:44.139000+00:00,176009,BC,28
2032,176009_W_Afhandelen leads_2032,W_Afhandelen leads,COMPLETE,2011-10-10 19:25:23.425000+00:00,2011-10-10 19:26:46.893000+00:00,176009,BC,28
2033,176018_A_SUBMITTED_2033,A_SUBMITTED,COMPLETE,2011-10-10 18:39:37.382000+00:00,2011-10-10 18:39:37.382000+00:00,176018,AA,0
2034,176018_A_PARTLYSUBMITTED_2034,A_PARTLYSUBMITTED,COMPLETE,2011-10-10 18:39:37.872000+00:00,2011-10-10 18:39:37.872000+00:00,176018,AA,0
2035,176018_A_PREACCEPTED_2035,A_PREACCEPTED,COMPLETE,2011-10-10 18:40:17.135000+00:00,2011-10-10 18:40:17.135000+00:00,176018,AA,0
2036,176018_A_DECLINED_2036,A_DECLINED,COMPLETE,2011-10-10 18:45:38.781000+00:00,2011-10-10 18:45:38.781000+00:00,176018,BC,28
2037,176018_W_Completeren aanvraag_2037,W_Completeren aanvraag,COMPLETE,2011-10-10 18:40:36.923000+00:00,2011-10-10 18:45:42.184000+00:00,176018,BC,28
2038,176024_A_SUBMITTED_2038,A_SUBMITTED,COMPLETE,2011-10-10 18:45:35.720000+00:00,2011-10-10 18:45:35.720000+00:00,176024,AA,0
2039,176024_A_PARTLYSUBMITTED_2039,A_PARTLYSUBMITTED,COMPLETE,2011-10-10 18:45:36.220000+00:00,2011-10-10 18:45:36.220000+00:00,176024,AA,0
2040,176024_A_DECLINED_2040,A_DECLINED,COMPLETE,2011-10-10 18:46:10.589000+00:00,2011-10-10 18:46:10.589000+00:00,176024,AA,0
2041,176027_A_SUBMITTED_2041,A_SUBMITTED,COMPLETE,2011-10-10 18:52:43.187000+00:00,2011-10-10 18:52:43.187000+00:00,176027,AA,0
2042,176027_A_PARTLYSUBMITTED_2042,A_PARTLYSUBMITTED,COMPLETE,2011-10-10 18:52:43.783000+00:00,2011-10-10 18:52:43.783000+00:00,176027,AA,0
2043,176027_A_DECLINED_2043,A_DECLINED,COMPLETE,2011-10-10 19:28:21.132000+00:00,2011-10-10 19:28:21.132000+00:00,176027,BC,28
2044,176027_W_Afhandelen leads_2044,W_Afhandelen leads,COMPLETE,2011-10-10 19:26:51.869000+00:00,2011-10-10 19:28:23.995000+00:00,176027,BC,28
2045,176036_A_SUBMITTED_2045,A_SUBMITTED,COMPLETE,2011-10-10 19:34:31.713000+00:00,2011-10-10 19:34:31.713000+00:00,176036,AA,0
2046,176036_A_PARTLYSUBMITTED_2046,A_PARTLYSUBMITTED,COMPLETE,2011-10-10 19:34:32.481000+00:00,2011-10-10 19:34:32.481000+00:00,176036,AA,0
2047,176036_A_DECLINED_2047,A_DECLINED,COMPLETE,2011-10-10 19:35:09.791000+00:00,2011-10-10 19:35:09.791000+00:00,176036,AA,0
2048,176042_A_SUBMITTED_2048,A_SUBMITTED,COMPLETE,2011-10-10 19:42:04.136000+00:00,2011-10-10 19:42:04.136000+00:00,176042,AA,0
2049,176042_A_PARTLYSUBMITTED_2049,A_PARTLYSUBMITTED,COMPLETE,2011-10-10 19:42:04.901000+00:00,2011-10-10 19:42:04.901000+00:00,176042,AA,0
2050,176042_A_DECLINED_2050,A_DECLINED,COMPLETE,2011-10-10 19:42:44.343000+00:00,2011-10-10 19:42:44.343000+00:00,176042,AA,0
2051,176054_A_SUBMITTED_2051,A_SUBMITTED,COMPLETE,2011-10-10 20:21:24.655000+00:00,2011-10-10 20:21:24.655000+00:00,176054,AA,0
2052,176054_A_PARTLYSUBMITTED_2052,A_PARTLYSUBMITTED,COMPLETE,2011-10-10 20:21:25.400000+00:00,2011-10-10 20:21:25.400000+00:00,176054,AA,0
2053,176054_A_DECLINED_2053,A_DECLINED,COMPLETE,2011-10-10 20:54:42.317000+00:00,2011-10-10 20:54:42.317000+00:00,176054,AO,14
2054,176054_W_Afhandelen leads_2054,W_Afhandelen leads,COMPLETE,2011-10-10 20:48:29.376000+00:00,2011-10-10 20:54:46.421000+00:00,176054,AO,14
2055,176075_A_SUBMITTED_2055,A_SUBMITTED,COMPLETE,2011-10-10 21:48:46.234000+00:00,2011-10-10 21:48:46.234000+00:00,176075,AA,0
2056,176075_A_PARTLYSUBMITTED_2056,A_PARTLYSUBMITTED,COMPLETE,2011-10-10 21:48:47.181000+00:00,2011-10-10 21:48:47.181000+00:00,176075,AA,0
2057,176075_A_DECLINED_2057,A_DECLINED,COMPLETE,2011-10-11 08:59:38.962000+00:00,2011-10-11 08:59:38.962000+00:00,176075,AN,13
2058,176075_W_Afhandelen leads_2058,W_Afhandelen leads,COMPLETE,2011-10-11 08:58:44.678000+00:00,2011-10-11 08:59:44.196000+00:00,176075,AN,13
2059,176099_A_SUBMITTED_2059,A_SUBMITTED,COMPLETE,2011-10-10 23:43:47.691000+00:00,2011-10-10 23:43:47.691000+00:00,176099,AA,0
2060,176099_A_PARTLYSUBMITTED_2060,A_PARTLYSUBMITTED,COMPLETE,2011-10-10 23:43:48.404000+00:00,2011-10-10 23:43:48.404000+00:00,176099,AA,0
2061,176099_A_DECLINED_2061,A_DECLINED,COMPLETE,2011-10-11 09:00:50.467000+00:00,2011-10-11 09:00:50.467000+00:00,176099,AN,13
2062,176099_W_Afhandelen leads_2062,W_Afhandelen leads,COMPLETE,2011-10-11 08:59:59.440000+00:00,2011-10-11 09:00:53.017000+00:00,176099,AN,13
2063,176125_A_SUBMITTED_2063,A_SUBMITTED,COMPLETE,2011-10-11 09:10:59.288000+00:00,2011-10-11 09:10:59.288000+00:00,176125,AA,0
2064,176125_A_PARTLYSUBMITTED_2064,A_PARTLYSUBMITTED,COMPLETE,2011-10-11 09:10:59.441000+00:00,2011-10-11 09:10:59.441000+00:00,176125,AA,0
2065,176125_A_DECLINED_2065,A_DECLINED,COMPLETE,2011-10-11 09:11:43.890000+00:00,2011-10-11 09:11:43.890000+00:00,176125,AA,0
2066,176137_A_SUBMITTED_2066,A_SUBMITTED,COMPLETE,2011-10-11 09:48:26.557000+00:00,2011-10-11 09:48:26.557000+00:00,176137,AA,0
2067,176137_A_PARTLYSUBMITTED_2067,A_PARTLYSUBMITTED,COMPLETE,2011-10-11 09:48:26.764000+00:00,2011-10-11 09:48:26.764000+00:00,176137,AA,0
2068,176137_A_PREACCEPTED_2068,A_PREACCEPTED,COMPLETE,2011-10-11 09:49:30.206000+00:00,2011-10-11 09:49:30.206000+00:00,176137,AA,0
2069,176137_A_ACCEPTED_2069,A_ACCEPTED,COMPLETE,2011-10-11 09:57:34.915000+00:00,2011-10-11 09:57:34.915000+00:00,176137,BO,40
2070,176137_A_FINALIZED_2070,A_FINALIZED,COMPLETE,2011-10-11 10:01:12.395000+00:00,2011-10-11 10:01:12.395000+00:00,176137,BO,40
2071,176137_O_SELECTED_2071,O_SELECTED,COMPLETE,2011-10-11 10:01:12.395000+00:00,2011-10-11 10:01:12.395000+00:00,176137,BO,40
2072,176137_O_CREATED_2072,O_CREATED,COMPLETE,2011-10-11 10:02:00.522000+00:00,2011-10-11 10:02:00.522000+00:00,176137,BO,40
2073,176137_O_SENT_2073,O_SENT,COMPLETE,2011-10-11 10:02:00.561000+00:00,2011-10-11 10:02:00.561000+00:00,176137,BO,40
2074,176137_W_Completeren aanvraag_2074,W_Completeren aanvraag,COMPLETE,2011-10-11 09:50:31.857000+00:00,2011-10-11 10:02:02.441000+00:00,176137,BO,40
2075,176137_O_SENT_BACK_2075,O_SENT_BACK,COMPLETE,2011-10-14 10:43:25.602000+00:00,2011-10-14 10:43:25.602000+00:00,176137,AI,8
2076,176137_W_Nabellen offertes_2076,W_Nabellen offertes,COMPLETE,2011-10-14 10:43:13.410000+00:00,2011-10-14 10:43:27.181000+00:00,176137,AI,8
2077,176137_O_ACCEPTED_2077,O_ACCEPTED,COMPLETE,2011-10-18 16:35:22.530000+00:00,2011-10-18 16:35:22.530000+00:00,176137,AG,6
2078,176137_A_REGISTERED_2078,A_REGISTERED,COMPLETE,2011-10-18 16:35:22.531000+00:00,2011-10-18 16:35:22.531000+00:00,176137,AG,6
2079,176137_A_ACTIVATED_2079,A_ACTIVATED,COMPLETE,2011-10-18 16:35:22.531000+00:00,2011-10-18 16:35:22.531000+00:00,176137,AG,6
2080,176137_A_APPROVED_2080,A_APPROVED,COMPLETE,2011-10-18 16:35:22.531000+00:00,2011-10-18 16:35:22.531000+00:00,176137,AG,6
2081,176137_W_Valideren aanvraag_2081,W_Valideren aanvraag,COMPLETE,2011-10-18 16:16:37.004000+00:00,2011-10-18 16:35:29.480000+00:00,176137,AG,6
2082,176140_A_SUBMITTED_2082,A_SUBMITTED,COMPLETE,2011-10-11 10:02:22.309000+00:00,2011-10-11 10:02:22.309000+00:00,176140,AA,0
2083,176140_A_PARTLYSUBMITTED_2083,A_PARTLYSUBMITTED,COMPLETE,2011-10-11 10:02:22.501000+00:00,2011-10-11 10:02:22.501000+00:00,176140,AA,0
2084,176140_A_DECLINED_2084,A_DECLINED,COMPLETE,2011-10-11 10:30:16.289000+00:00,2011-10-11 10:30:16.289000+00:00,176140,AN,13
2085,176140_W_Afhandelen leads_2085,W_Afhandelen leads,COMPLETE,2011-10-11 10:29:52.152000+00:00,2011-10-11 10:30:20.055000+00:00,176140,AN,13
2086,176143_A_SUBMITTED_2086,A_SUBMITTED,COMPLETE,2011-10-11 10:12:16.159000+00:00,2011-10-11 10:12:16.159000+00:00,176143,AA,0
2087,176143_A_PARTLYSUBMITTED_2087,A_PARTLYSUBMITTED,COMPLETE,2011-10-11 10:12:16.249000+00:00,2011-10-11 10:12:16.249000+00:00,176143,AA,0
2088,176143_A_DECLINED_2088,A_DECLINED,COMPLETE,2011-10-11 10:31:23.582000+00:00,2011-10-11 10:31:23.582000+00:00,176143,AN,13
2089,176143_W_Afhandelen leads_2089,W_Afhandelen leads,COMPLETE,2011-10-11 10:30:21.763000+00:00,2011-10-11 10:31:25.983000+00:00,176143,AN,13
2090,176155_A_SUBMITTED_2090,A_SUBMITTED,COMPLETE,2011-10-11 11:01:45.517000+00:00,2011-10-11 11:01:45.517000+00:00,176155,AA,0
2091,176155_A_PARTLYSUBMITTED_2091,A_PARTLYSUBMITTED,COMPLETE,2011-10-11 11:01:45.653000+00:00,2011-10-11 11:01:45.653000+00:00,176155,AA,0
2092,176155_A_DECLINED_2092,A_DECLINED,COMPLETE,2011-10-11 11:25:21.448000+00:00,2011-10-11 11:25:21.448000+00:00,176155,AN,13
2093,176155_W_Afhandelen leads_2093,W_Afhandelen leads,COMPLETE,2011-10-11 11:25:02.633000+00:00,2011-10-11 11:25:24.696000+00:00,176155,AN,13
2094,176161_A_SUBMITTED_2094,A_SUBMITTED,COMPLETE,2011-10-11 11:59:22.357000+00:00,2011-10-11 11:59:22.357000+00:00,176161,AA,0
2095,176161_A_PARTLYSUBMITTED_2095,A_PARTLYSUBMITTED,COMPLETE,2011-10-11 11:59:22.487000+00:00,2011-10-11 11:59:22.487000+00:00,176161,AA,0
2096,176161_A_DECLINED_2096,A_DECLINED,COMPLETE,2011-10-11 12:00:26.806000+00:00,2011-10-11 12:00:26.806000+00:00,176161,AA,0
2097,176164_A_SUBMITTED_2097,A_SUBMITTED,COMPLETE,2011-10-11 12:02:33.226000+00:00,2011-10-11 12:02:33.226000+00:00,176164,AA,0
2098,176164_A_PARTLYSUBMITTED_2098,A_PARTLYSUBMITTED,COMPLETE,2011-10-11 12:02:33.321000+00:00,2011-10-11 12:02:33.321000+00:00,176164,AA,0
2099,176164_A_DECLINED_2099,A_DECLINED,COMPLETE,2011-10-11 12:15:17.895000+00:00,2011-10-11 12:15:17.895000+00:00,176164,AN,13
2100,176164_W_Afhandelen leads_2100,W_Afhandelen leads,COMPLETE,2011-10-11 12:15:02.611000+00:00,2011-10-11 12:15:21.523000+00:00,176164,AN,13
2101,176170_A_SUBMITTED_2101,A_SUBMITTED,COMPLETE,2011-10-11 12:53:34.865000+00:00,2011-10-11 12:53:34.865000+00:00,176170,AA,0
2102,176170_A_PARTLYSUBMITTED_2102,A_PARTLYSUBMITTED,COMPLETE,2011-10-11 12:53:34.987000+00:00,2011-10-11 12:53:34.987000+00:00,176170,AA,0
2103,176170_A_PREACCEPTED_2103,A_PREACCEPTED,COMPLETE,2011-10-11 12:54:10.307000+00:00,2011-10-11 12:54:10.307000+00:00,176170,AA,0
2104,176170_W_Completeren aanvraag_2104,W_Completeren aanvraag,COMPLETE,2011-10-11 13:18:13.484000+00:00,2011-10-11 13:19:25.034000+00:00,176170,BP,41
2105,176170_W_Completeren aanvraag_2105,W_Completeren aanvraag,COMPLETE,2011-10-11 13:47:02.811000+00:00,2011-10-11 13:50:51.110000+00:00,176170,BP,41
2106,176170_A_CANCELLED_2106,A_CANCELLED,COMPLETE,2011-10-11 14:06:00.028000+00:00,2011-10-11 14:06:00.028000+00:00,176170,AN,13
2107,176170_W_Completeren aanvraag_2107,W_Completeren aanvraag,COMPLETE,2011-10-11 14:03:43.299000+00:00,2011-10-11 14:06:01.379000+00:00,176170,AN,13
2108,176173_A_SUBMITTED_2108,A_SUBMITTED,COMPLETE,2011-10-11 13:10:56.563000+00:00,2011-10-11 13:10:56.563000+00:00,176173,AA,0
2109,176173_A_PARTLYSUBMITTED_2109,A_PARTLYSUBMITTED,COMPLETE,2011-10-11 13:10:56.822000+00:00,2011-10-11 13:10:56.822000+00:00,176173,AA,0
2110,176173_A_DECLINED_2110,A_DECLINED,COMPLETE,2011-10-11 13:11:40.898000+00:00,2011-10-11 13:11:40.898000+00:00,176173,AA,0
2111,176182_A_SUBMITTED_2111,A_SUBMITTED,COMPLETE,2011-10-11 13:54:22.686000+00:00,2011-10-11 13:54:22.686000+00:00,176182,AA,0
2112,176182_A_PARTLYSUBMITTED_2112,A_PARTLYSUBMITTED,COMPLETE,2011-10-11 13:54:22.801000+00:00,2011-10-11 13:54:22.801000+00:00,176182,AA,0
2113,176182_A_PREACCEPTED_2113,A_PREACCEPTED,COMPLETE,2011-10-11 13:55:03.280000+00:00,2011-10-11 13:55:03.280000+00:00,176182,AA,0
2114,176182_A_ACCEPTED_2114,A_ACCEPTED,COMPLETE,2011-10-11 14:17:14.557000+00:00,2011-10-11 14:17:14.557000+00:00,176182,BP,41
2115,176182_A_FINALIZED_2115,A_FINALIZED,COMPLETE,2011-10-11 14:19:39.648000+00:00,2011-10-11 14:19:39.648000+00:00,176182,BP,41
2116,176182_O_SELECTED_2116,O_SELECTED,COMPLETE,2011-10-11 14:19:39.648000+00:00,2011-10-11 14:19:39.648000+00:00,176182,BP,41
2117,176182_O_CREATED_2117,O_CREATED,COMPLETE,2011-10-11 14:19:40.683000+00:00,2011-10-11 14:19:40.683000+00:00,176182,BP,41
2118,176182_O_SENT_2118,O_SENT,COMPLETE,2011-10-11 14:19:40.730000+00:00,2011-10-11 14:19:40.730000+00:00,176182,BP,41
2119,176182_W_Completeren aanvraag_2119,W_Completeren aanvraag,COMPLETE,2011-10-11 14:10:00.210000+00:00,2011-10-11 14:19:42.017000+00:00,176182,BP,41
2120,176182_W_Nabellen offertes_2120,W_Nabellen offertes,COMPLETE,2011-10-18 17:52:23.965000+00:00,2011-10-18 17:54:28.607000+00:00,176182,BR,43
2121,176182_W_Nabellen offertes_2121,W_Nabellen offertes,COMPLETE,2011-10-20 18:39:27.328000+00:00,2011-10-20 18:40:32.525000+00:00,176182,AU,20
2146,176185_A_SUBMITTED_2146,A_SUBMITTED,COMPLETE,2011-10-11 14:17:56.631000+00:00,2011-10-11 14:17:56.631000+00:00,176185,AA,0
2147,176185_A_PARTLYSUBMITTED_2147,A_PARTLYSUBMITTED,COMPLETE,2011-10-11 14:17:56.851000+00:00,2011-10-11 14:17:56.851000+00:00,176185,AA,0
2148,176185_A_PREACCEPTED_2148,A_PREACCEPTED,COMPLETE,2011-10-11 14:18:57.108000+00:00,2011-10-11 14:18:57.108000+00:00,176185,AA,0
2149,176185_W_Completeren aanvraag_2149,W_Completeren aanvraag,COMPLETE,2011-10-11 14:19:31.897000+00:00,2011-10-11 14:29:56.347000+00:00,176185,BO,40
2150,176185_A_ACCEPTED_2150,A_ACCEPTED,COMPLETE,2011-10-11 14:31:25.953000+00:00,2011-10-11 14:31:25.953000+00:00,176185,BO,40
2151,176185_A_FINALIZED_2151,A_FINALIZED,COMPLETE,2011-10-11 14:33:06.909000+00:00,2011-10-11 14:33:06.909000+00:00,176185,BO,40
2152,176185_O_SELECTED_2152,O_SELECTED,COMPLETE,2011-10-11 14:33:06.909000+00:00,2011-10-11 14:33:06.909000+00:00,176185,BO,40
2153,176185_O_CREATED_2153,O_CREATED,COMPLETE,2011-10-11 14:33:07.871000+00:00,2011-10-11 14:33:07.871000+00:00,176185,BO,40
2154,176185_O_SENT_2154,O_SENT,COMPLETE,2011-10-11 14:33:07.912000+00:00,2011-10-11 14:33:07.912000+00:00,176185,BO,40
2155,176185_W_Completeren aanvraag_2155,W_Completeren aanvraag,COMPLETE,2011-10-11 14:29:59.064000+00:00,2011-10-11 14:33:10.204000+00:00,176185,BO,40
2156,176185_O_SENT_BACK_2156,O_SENT_BACK,COMPLETE,2011-10-18 09:57:11.319000+00:00,2011-10-18 09:57:11.319000+00:00,176185,BJ,35
2157,176185_W_Nabellen offertes_2157,W_Nabellen offertes,COMPLETE,2011-10-18 09:54:33.518000+00:00,2011-10-18 09:57:13.539000+00:00,176185,BJ,35
2158,176185_A_DECLINED_2158,A_DECLINED,COMPLETE,2011-10-24 12:37:34.278000+00:00,2011-10-24 12:37:34.278000+00:00,176185,BB,27
2159,176185_O_DECLINED_2159,O_DECLINED,COMPLETE,2011-10-24 12:37:34.278000+00:00,2011-10-24 12:37:34.278000+00:00,176185,BB,27
2160,176185_W_Valideren aanvraag_2160,W_Valideren aanvraag,COMPLETE,2011-10-24 11:27:49.901000+00:00,2011-10-24 12:37:37.876000+00:00,176185,BB,27
2161,176194_A_SUBMITTED_2161,A_SUBMITTED,COMPLETE,2011-10-11 14:28:48.750000+00:00,2011-10-11 14:28:48.750000+00:00,176194,AA,0
2162,176194_A_PARTLYSUBMITTED_2162,A_PARTLYSUBMITTED,COMPLETE,2011-10-11 14:28:48.839000+00:00,2011-10-11 14:28:48.839000+00:00,176194,AA,0
2163,176194_A_PREACCEPTED_2163,A_PREACCEPTED,COMPLETE,2011-10-11 14:29:22.813000+00:00,2011-10-11 14:29:22.813000+00:00,176194,AA,0
2164,176194_W_Completeren aanvraag_2164,W_Completeren aanvraag,COMPLETE,2011-10-11 14:50:29.151000+00:00,2011-10-11 14:55:55.158000+00:00,176194,BP,41
2165,176194_A_DECLINED_2165,A_DECLINED,COMPLETE,2011-10-11 20:06:00.914000+00:00,2011-10-11 20:06:00.914000+00:00,176194,BL,37
2166,176194_W_Completeren aanvraag_2166,W_Completeren aanvraag,COMPLETE,2011-10-11 19:47:11.370000+00:00,2011-10-11 20:06:05.268000+00:00,176194,BL,37
2167,176197_A_SUBMITTED_2167,A_SUBMITTED,COMPLETE,2011-10-11 14:38:20.825000+00:00,2011-10-11 14:38:20.825000+00:00,176197,AA,0
2168,176197_A_PARTLYSUBMITTED_2168,A_PARTLYSUBMITTED,COMPLETE,2011-10-11 14:38:21.173000+00:00,2011-10-11 14:38:21.173000+00:00,176197,AA,0
2169,176197_A_DECLINED_2169,A_DECLINED,COMPLETE,2011-10-11 14:39:13.419000+00:00,2011-10-11 14:39:13.419000+00:00,176197,AA,0
2170,176200_A_SUBMITTED_2170,A_SUBMITTED,COMPLETE,2011-10-11 14:39:17.367000+00:00,2011-10-11 14:39:17.367000+00:00,176200,AA,0
2171,176200_A_PARTLYSUBMITTED_2171,A_PARTLYSUBMITTED,COMPLETE,2011-10-11 14:39:17.499000+00:00,2011-10-11 14:39:17.499000+00:00,176200,AA,0
2172,176200_A_DECLINED_2172,A_DECLINED,COMPLETE,2011-10-11 14:39:55.395000+00:00,2011-10-11 14:39:55.395000+00:00,176200,AA,0
2173,176203_A_SUBMITTED_2173,A_SUBMITTED,COMPLETE,2011-10-11 14:47:58.567000+00:00,2011-10-11 14:47:58.567000+00:00,176203,AA,0
2174,176203_A_PARTLYSUBMITTED_2174,A_PARTLYSUBMITTED,COMPLETE,2011-10-11 14:47:58.753000+00:00,2011-10-11 14:47:58.753000+00:00,176203,AA,0
2175,176203_A_PREACCEPTED_2175,A_PREACCEPTED,COMPLETE,2011-10-11 14:48:54.834000+00:00,2011-10-11 14:48:54.834000+00:00,176203,AA,0
2176,176203_W_Completeren aanvraag_2176,W_Completeren aanvraag,COMPLETE,2011-10-11 14:49:07.824000+00:00,2011-10-11 14:50:23.696000+00:00,176203,AN,13
2177,176203_A_ACCEPTED_2177,A_ACCEPTED,COMPLETE,2011-10-11 14:54:23.244000+00:00,2011-10-11 14:54:23.244000+00:00,176203,AN,13
2178,176203_O_SELECTED_2178,O_SELECTED,COMPLETE,2011-10-11 14:54:44.132000+00:00,2011-10-11 14:54:44.132000+00:00,176203,AN,13
2179,176203_A_FINALIZED_2179,A_FINALIZED,COMPLETE,2011-10-11 14:54:44.132000+00:00,2011-10-11 14:54:44.132000+00:00,176203,AN,13
2180,176203_O_CREATED_2180,O_CREATED,COMPLETE,2011-10-11 14:54:45.871000+00:00,2011-10-11 14:54:45.871000+00:00,176203,AN,13
2181,176203_O_SENT_2181,O_SENT,COMPLETE,2011-10-11 14:54:45.895000+00:00,2011-10-11 14:54:45.895000+00:00,176203,AN,13
2182,176203_W_Completeren aanvraag_2182,W_Completeren aanvraag,COMPLETE,2011-10-11 14:50:28.897000+00:00,2011-10-11 14:54:48.449000+00:00,176203,AN,13
2183,176203_O_SELECTED_2183,O_SELECTED,COMPLETE,2011-10-11 14:55:40.079000+00:00,2011-10-11 14:55:40.079000+00:00,176203,AN,13
2184,176203_O_CANCELLED_2184,O_CANCELLED,COMPLETE,2011-10-11 14:55:40.079000+00:00,2011-10-11 14:55:40.079000+00:00,176203,AN,13
2185,176203_O_CREATED_2185,O_CREATED,COMPLETE,2011-10-11 14:55:41.433000+00:00,2011-10-11 14:55:41.433000+00:00,176203,AN,13
2186,176203_O_SENT_2186,O_SENT,COMPLETE,2011-10-11 14:55:41.505000+00:00,2011-10-11 14:55:41.505000+00:00,176203,AN,13
2187,176203_W_Nabellen offertes_2187,W_Nabellen offertes,COMPLETE,2011-10-11 14:55:15.755000+00:00,2011-10-11 14:55:42.911000+00:00,176203,AN,13
2188,176203_W_Nabellen offertes_2188,W_Nabellen offertes,COMPLETE,2011-10-11 14:56:15.092000+00:00,2011-10-11 14:57:36.374000+00:00,176203,AN,13
2189,176203_W_Nabellen offertes_2189,W_Nabellen offertes,COMPLETE,2011-10-11 15:31:59.206000+00:00,2011-10-11 15:43:56.808000+00:00,176203,BJ,35
2190,176203_W_Nabellen offertes_2190,W_Nabellen offertes,COMPLETE,2011-10-11 16:17:34.572000+00:00,2011-10-11 16:21:06.360000+00:00,176203,BJ,35
2191,176203_O_CANCELLED_2191,O_CANCELLED,COMPLETE,2011-10-13 15:36:41.199000+00:00,2011-10-13 15:36:41.199000+00:00,176203,AQ,16
2192,176203_A_CANCELLED_2192,A_CANCELLED,COMPLETE,2011-10-13 15:36:41.199000+00:00,2011-10-13 15:36:41.199000+00:00,176203,AQ,16
2193,176203_W_Nabellen offertes_2193,W_Nabellen offertes,COMPLETE,2011-10-13 15:32:57.978000+00:00,2011-10-13 15:36:43.474000+00:00,176203,AQ,16
2194,176209_A_SUBMITTED_2194,A_SUBMITTED,COMPLETE,2011-10-11 15:17:37.178000+00:00,2011-10-11 15:17:37.178000+00:00,176209,AA,0
2195,176209_A_PARTLYSUBMITTED_2195,A_PARTLYSUBMITTED,COMPLETE,2011-10-11 15:17:37.292000+00:00,2011-10-11 15:17:37.292000+00:00,176209,AA,0
2196,176209_A_DECLINED_2196,A_DECLINED,COMPLETE,2011-10-11 15:39:33.369000+00:00,2011-10-11 15:39:33.369000+00:00,176209,AN,13
2197,176209_W_Afhandelen leads_2197,W_Afhandelen leads,COMPLETE,2011-10-11 15:37:50.171000+00:00,2011-10-11 15:39:36.084000+00:00,176209,AN,13
2198,176212_A_SUBMITTED_2198,A_SUBMITTED,COMPLETE,2011-10-11 15:25:47.086000+00:00,2011-10-11 15:25:47.086000+00:00,176212,AA,0
2199,176212_A_PARTLYSUBMITTED_2199,A_PARTLYSUBMITTED,COMPLETE,2011-10-11 15:25:47.271000+00:00,2011-10-11 15:25:47.271000+00:00,176212,AA,0
2200,176212_A_DECLINED_2200,A_DECLINED,COMPLETE,2011-10-11 15:39:13.691000+00:00,2011-10-11 15:39:13.691000+00:00,176212,AN,13
2201,176212_W_Afhandelen leads_2201,W_Afhandelen leads,COMPLETE,2011-10-11 15:39:00.153000+00:00,2011-10-11 15:39:16.266000+00:00,176212,AN,13
2202,176215_A_SUBMITTED_2202,A_SUBMITTED,COMPLETE,2011-10-11 15:26:02.655000+00:00,2011-10-11 15:26:02.655000+00:00,176215,AA,0
2203,176215_A_PARTLYSUBMITTED_2203,A_PARTLYSUBMITTED,COMPLETE,2011-10-11 15:26:02.973000+00:00,2011-10-11 15:26:02.973000+00:00,176215,AA,0
2204,176215_A_DECLINED_2204,A_DECLINED,COMPLETE,2011-10-11 15:40:05.925000+00:00,2011-10-11 15:40:05.925000+00:00,176215,AN,13
2205,176215_W_Afhandelen leads_2205,W_Afhandelen leads,COMPLETE,2011-10-11 15:38:50.257000+00:00,2011-10-11 15:40:08.888000+00:00,176215,AN,13
2206,176221_A_SUBMITTED_2206,A_SUBMITTED,COMPLETE,2011-10-11 15:45:47.042000+00:00,2011-10-11 15:45:47.042000+00:00,176221,AA,0
2207,176221_A_PARTLYSUBMITTED_2207,A_PARTLYSUBMITTED,COMPLETE,2011-10-11 15:45:47.152000+00:00,2011-10-11 15:45:47.152000+00:00,176221,AA,0
2208,176221_A_DECLINED_2208,A_DECLINED,COMPLETE,2011-10-11 15:46:25.490000+00:00,2011-10-11 15:46:25.490000+00:00,176221,AA,0
2209,176224_A_SUBMITTED_2209,A_SUBMITTED,COMPLETE,2011-10-11 15:48:30.045000+00:00,2011-10-11 15:48:30.045000+00:00,176224,AA,0
2210,176224_A_PARTLYSUBMITTED_2210,A_PARTLYSUBMITTED,COMPLETE,2011-10-11 15:48:30.292000+00:00,2011-10-11 15:48:30.292000+00:00,176224,AA,0
2211,176224_A_PREACCEPTED_2211,A_PREACCEPTED,COMPLETE,2011-10-11 15:49:12.416000+00:00,2011-10-11 15:49:12.416000+00:00,176224,AA,0
2212,176224_A_ACCEPTED_2212,A_ACCEPTED,COMPLETE,2011-10-11 16:07:28.444000+00:00,2011-10-11 16:07:28.444000+00:00,176224,BP,41
2213,176224_O_SELECTED_2213,O_SELECTED,COMPLETE,2011-10-11 16:11:48.913000+00:00,2011-10-11 16:11:48.913000+00:00,176224,BP,41
2214,176224_A_FINALIZED_2214,A_FINALIZED,COMPLETE,2011-10-11 16:11:48.913000+00:00,2011-10-11 16:11:48.913000+00:00,176224,BP,41
2215,176224_O_CREATED_2215,O_CREATED,COMPLETE,2011-10-11 16:11:49.684000+00:00,2011-10-11 16:11:49.684000+00:00,176224,BP,41
2216,176224_O_SENT_2216,O_SENT,COMPLETE,2011-10-11 16:11:49.725000+00:00,2011-10-11 16:11:49.725000+00:00,176224,BP,41
2217,176224_W_Completeren aanvraag_2217,W_Completeren aanvraag,COMPLETE,2011-10-11 15:52:59.733000+00:00,2011-10-11 16:11:51.978000+00:00,176224,BP,41
2218,176224_W_Nabellen offertes_2218,W_Nabellen offertes,COMPLETE,2011-10-11 16:12:07.027000+00:00,2011-10-11 16:13:31.309000+00:00,176224,BP,41
2219,176224_W_Nabellen offertes_2219,W_Nabellen offertes,COMPLETE,2011-10-18 15:49:48.329000+00:00,2011-10-18 15:52:35.010000+00:00,176224,BP,41
2220,176224_O_SENT_BACK_2220,O_SENT_BACK,COMPLETE,2011-10-24 11:31:43.016000+00:00,2011-10-24 11:31:43.016000+00:00,176224,BJ,35
2221,176224_W_Nabellen offertes_2221,W_Nabellen offertes,COMPLETE,2011-10-24 11:31:29.402000+00:00,2011-10-24 11:31:44.646000+00:00,176224,BJ,35
2225,176227_A_SUBMITTED_2225,A_SUBMITTED,COMPLETE,2011-10-11 15:59:21.433000+00:00,2011-10-11 15:59:21.433000+00:00,176227,AA,0
2226,176227_A_PARTLYSUBMITTED_2226,A_PARTLYSUBMITTED,COMPLETE,2011-10-11 15:59:22.120000+00:00,2011-10-11 15:59:22.120000+00:00,176227,AA,0
2227,176227_A_PREACCEPTED_2227,A_PREACCEPTED,COMPLETE,2011-10-11 15:59:53.254000+00:00,2011-10-11 15:59:53.254000+00:00,176227,AA,0
2228,176227_A_ACCEPTED_2228,A_ACCEPTED,COMPLETE,2011-10-11 16:20:01.419000+00:00,2011-10-11 16:20:01.419000+00:00,176227,AM,12
2229,176227_O_SELECTED_2229,O_SELECTED,COMPLETE,2011-10-11 16:22:15.606000+00:00,2011-10-11 16:22:15.606000+00:00,176227,AM,12
2230,176227_A_FINALIZED_2230,A_FINALIZED,COMPLETE,2011-10-11 16:22:15.607000+00:00,2011-10-11 16:22:15.607000+00:00,176227,AM,12
2231,176227_O_CREATED_2231,O_CREATED,COMPLETE,2011-10-11 16:22:16.861000+00:00,2011-10-11 16:22:16.861000+00:00,176227,AM,12
2232,176227_O_SENT_2232,O_SENT,COMPLETE,2011-10-11 16:22:16.885000+00:00,2011-10-11 16:22:16.885000+00:00,176227,AM,12
2233,176227_W_Completeren aanvraag_2233,W_Completeren aanvraag,COMPLETE,2011-10-11 16:16:37.274000+00:00,2011-10-11 16:22:18.772000+00:00,176227,AM,12
2234,176227_W_Nabellen offertes_2234,W_Nabellen offertes,COMPLETE,2011-10-11 16:23:01.199000+00:00,2011-10-11 16:26:15.561000+00:00,176227,AM,12
2235,176227_W_Nabellen offertes_2235,W_Nabellen offertes,COMPLETE,2011-10-18 18:01:47.812000+00:00,2011-10-18 18:06:07.695000+00:00,176227,BR,43
2236,176227_W_Nabellen offertes_2236,W_Nabellen offertes,COMPLETE,2011-10-20 13:42:12.705000+00:00,2011-10-20 13:43:18.431000+00:00,176227,AT,19
2240,176230_A_SUBMITTED_2240,A_SUBMITTED,COMPLETE,2011-10-11 16:07:32.936000+00:00,2011-10-11 16:07:32.936000+00:00,176230,AA,0
2241,176230_A_PARTLYSUBMITTED_2241,A_PARTLYSUBMITTED,COMPLETE,2011-10-11 16:07:33.076000+00:00,2011-10-11 16:07:33.076000+00:00,176230,AA,0
2242,176230_A_PREACCEPTED_2242,A_PREACCEPTED,COMPLETE,2011-10-11 16:08:09.887000+00:00,2011-10-11 16:08:09.887000+00:00,176230,AA,0
2243,176230_W_Completeren aanvraag_2243,W_Completeren aanvraag,COMPLETE,2011-10-11 16:19:07.383000+00:00,2011-10-11 16:24:44.102000+00:00,176230,BP,41
2244,176230_A_DECLINED_2244,A_DECLINED,COMPLETE,2011-10-11 16:28:40.245000+00:00,2011-10-11 16:28:40.245000+00:00,176230,BP,41
2245,176230_W_Completeren aanvraag_2245,W_Completeren aanvraag,COMPLETE,2011-10-11 16:24:57.558000+00:00,2011-10-11 16:28:42.782000+00:00,176230,BP,41
2246,176233_A_SUBMITTED_2246,A_SUBMITTED,COMPLETE,2011-10-11 16:11:57.233000+00:00,2011-10-11 16:11:57.233000+00:00,176233,AA,0
2247,176233_A_PARTLYSUBMITTED_2247,A_PARTLYSUBMITTED,COMPLETE,2011-10-11 16:11:57.493000+00:00,2011-10-11 16:11:57.493000+00:00,176233,AA,0
2248,176233_A_DECLINED_2248,A_DECLINED,COMPLETE,2011-10-11 16:12:55.414000+00:00,2011-10-11 16:12:55.414000+00:00,176233,AA,0
2249,176236_A_SUBMITTED_2249,A_SUBMITTED,COMPLETE,2011-10-11 16:40:06.231000+00:00,2011-10-11 16:40:06.231000+00:00,176236,AA,0
2250,176236_A_PARTLYSUBMITTED_2250,A_PARTLYSUBMITTED,COMPLETE,2011-10-11 16:40:06.696000+00:00,2011-10-11 16:40:06.696000+00:00,176236,AA,0
2251,176236_W_Afhandelen leads_2251,W_Afhandelen leads,COMPLETE,2011-10-11 16:50:22.052000+00:00,2011-10-11 16:51:40.055000+00:00,176236,BE,30
2252,176236_A_DECLINED_2252,A_DECLINED,COMPLETE,2011-10-11 16:53:42.761000+00:00,2011-10-11 16:53:42.761000+00:00,176236,BC,28
2253,176236_W_Afhandelen leads_2253,W_Afhandelen leads,COMPLETE,2011-10-11 16:53:02.320000+00:00,2011-10-11 16:53:45.832000+00:00,176236,BC,28
2254,176242_A_SUBMITTED_2254,A_SUBMITTED,COMPLETE,2011-10-11 17:15:09.316000+00:00,2011-10-11 17:15:09.316000+00:00,176242,AA,0
2255,176242_A_PARTLYSUBMITTED_2255,A_PARTLYSUBMITTED,COMPLETE,2011-10-11 17:15:09.499000+00:00,2011-10-11 17:15:09.499000+00:00,176242,AA,0
2256,176242_A_DECLINED_2256,A_DECLINED,COMPLETE,2011-10-11 17:16:03.731000+00:00,2011-10-11 17:16:03.731000+00:00,176242,AA,0
2257,176245_A_SUBMITTED_2257,A_SUBMITTED,COMPLETE,2011-10-11 17:29:43.999000+00:00,2011-10-11 17:29:43.999000+00:00,176245,AA,0
2258,176245_A_PARTLYSUBMITTED_2258,A_PARTLYSUBMITTED,COMPLETE,2011-10-11 17:29:44.124000+00:00,2011-10-11 17:29:44.124000+00:00,176245,AA,0
2259,176245_A_DECLINED_2259,A_DECLINED,COMPLETE,2011-10-11 17:39:45.813000+00:00,2011-10-11 17:39:45.813000+00:00,176245,AM,12
2260,176245_W_Afhandelen leads_2260,W_Afhandelen leads,COMPLETE,2011-10-11 17:37:20.341000+00:00,2011-10-11 17:39:48.895000+00:00,176245,AM,12
2261,176248_A_SUBMITTED_2261,A_SUBMITTED,COMPLETE,2011-10-11 17:37:55.376000+00:00,2011-10-11 17:37:55.376000+00:00,176248,AA,0
2262,176248_A_PARTLYSUBMITTED_2262,A_PARTLYSUBMITTED,COMPLETE,2011-10-11 17:37:55.503000+00:00,2011-10-11 17:37:55.503000+00:00,176248,AA,0
2263,176248_A_DECLINED_2263,A_DECLINED,COMPLETE,2011-10-11 17:38:32.394000+00:00,2011-10-11 17:38:32.394000+00:00,176248,AA,0
2264,176251_A_SUBMITTED_2264,A_SUBMITTED,COMPLETE,2011-10-11 18:00:29.208000+00:00,2011-10-11 18:00:29.208000+00:00,176251,AA,0
2265,176251_A_PARTLYSUBMITTED_2265,A_PARTLYSUBMITTED,COMPLETE,2011-10-11 18:00:29.304000+00:00,2011-10-11 18:00:29.304000+00:00,176251,AA,0
2266,176251_A_DECLINED_2266,A_DECLINED,COMPLETE,2011-10-11 18:01:05.167000+00:00,2011-10-11 18:01:05.167000+00:00,176251,AA,0
2267,176254_A_SUBMITTED_2267,A_SUBMITTED,COMPLETE,2011-10-11 18:02:51.184000+00:00,2011-10-11 18:02:51.184000+00:00,176254,AA,0
2268,176254_A_PARTLYSUBMITTED_2268,A_PARTLYSUBMITTED,COMPLETE,2011-10-11 18:02:51.320000+00:00,2011-10-11 18:02:51.320000+00:00,176254,AA,0
2269,176254_A_DECLINED_2269,A_DECLINED,COMPLETE,2011-10-11 18:03:26.898000+00:00,2011-10-11 18:03:26.898000+00:00,176254,AA,0
2270,176257_A_SUBMITTED_2270,A_SUBMITTED,COMPLETE,2011-10-11 18:19:09.622000+00:00,2011-10-11 18:19:09.622000+00:00,176257,AA,0
2271,176257_A_PARTLYSUBMITTED_2271,A_PARTLYSUBMITTED,COMPLETE,2011-10-11 18:19:10.583000+00:00,2011-10-11 18:19:10.583000+00:00,176257,AA,0
2272,176257_A_DECLINED_2272,A_DECLINED,COMPLETE,2011-10-11 18:19:55.832000+00:00,2011-10-11 18:19:55.832000+00:00,176257,AA,0
2273,176260_A_SUBMITTED_2273,A_SUBMITTED,COMPLETE,2011-10-11 18:24:42.140000+00:00,2011-10-11 18:24:42.140000+00:00,176260,AA,0
2274,176260_A_PARTLYSUBMITTED_2274,A_PARTLYSUBMITTED,COMPLETE,2011-10-11 18:24:42.278000+00:00,2011-10-11 18:24:42.278000+00:00,176260,AA,0
2275,176260_A_DECLINED_2275,A_DECLINED,COMPLETE,2011-10-11 18:25:14.856000+00:00,2011-10-11 18:25:14.856000+00:00,176260,AA,0
2276,176263_A_SUBMITTED_2276,A_SUBMITTED,COMPLETE,2011-10-11 18:40:03.250000+00:00,2011-10-11 18:40:03.250000+00:00,176263,AA,0
2277,176263_A_PARTLYSUBMITTED_2277,A_PARTLYSUBMITTED,COMPLETE,2011-10-11 18:40:03.416000+00:00,2011-10-11 18:40:03.416000+00:00,176263,AA,0
2278,176263_A_PREACCEPTED_2278,A_PREACCEPTED,COMPLETE,2011-10-11 18:43:02.419000+00:00,2011-10-11 18:43:02.419000+00:00,176263,BL,37
2279,176263_W_Afhandelen leads_2279,W_Afhandelen leads,COMPLETE,2011-10-11 18:41:29.901000+00:00,2011-10-11 18:43:03.315000+00:00,176263,BL,37
2280,176263_A_DECLINED_2280,A_DECLINED,COMPLETE,2011-10-11 19:06:09.027000+00:00,2011-10-11 19:06:09.027000+00:00,176263,BR,43
2281,176263_W_Completeren aanvraag_2281,W_Completeren aanvraag,COMPLETE,2011-10-11 18:58:23.898000+00:00,2011-10-11 19:06:11.823000+00:00,176263,BR,43
2282,176266_A_SUBMITTED_2282,A_SUBMITTED,COMPLETE,2011-10-11 18:44:07.526000+00:00,2011-10-11 18:44:07.526000+00:00,176266,AA,0
2283,176266_A_PARTLYSUBMITTED_2283,A_PARTLYSUBMITTED,COMPLETE,2011-10-11 18:44:07.652000+00:00,2011-10-11 18:44:07.652000+00:00,176266,AA,0
2284,176266_A_PREACCEPTED_2284,A_PREACCEPTED,COMPLETE,2011-10-11 18:44:41.112000+00:00,2011-10-11 18:44:41.112000+00:00,176266,AA,0
2285,176266_W_Completeren aanvraag_2285,W_Completeren aanvraag,COMPLETE,2011-10-11 18:44:49.993000+00:00,2011-10-11 18:54:03.403000+00:00,176266,BN,39
2286,176266_A_ACCEPTED_2286,A_ACCEPTED,COMPLETE,2011-10-11 19:11:23.247000+00:00,2011-10-11 19:11:23.247000+00:00,176266,BN,39
2287,176266_O_SELECTED_2287,O_SELECTED,COMPLETE,2011-10-11 19:12:06.840000+00:00,2011-10-11 19:12:06.840000+00:00,176266,BN,39
2288,176266_A_FINALIZED_2288,A_FINALIZED,COMPLETE,2011-10-11 19:12:06.840000+00:00,2011-10-11 19:12:06.840000+00:00,176266,BN,39
2289,176266_O_CREATED_2289,O_CREATED,COMPLETE,2011-10-11 19:12:09.170000+00:00,2011-10-11 19:12:09.170000+00:00,176266,BN,39
2290,176266_O_SENT_2290,O_SENT,COMPLETE,2011-10-11 19:12:09.199000+00:00,2011-10-11 19:12:09.199000+00:00,176266,BN,39
2291,176266_W_Completeren aanvraag_2291,W_Completeren aanvraag,COMPLETE,2011-10-11 19:01:55.213000+00:00,2011-10-11 19:12:11.185000+00:00,176266,BN,39
2292,176266_O_SENT_BACK_2292,O_SENT_BACK,COMPLETE,2011-10-18 10:36:18.773000+00:00,2011-10-18 10:36:18.773000+00:00,176266,BJ,35
2293,176266_W_Nabellen offertes_2293,W_Nabellen offertes,COMPLETE,2011-10-18 10:35:54.107000+00:00,2011-10-18 10:36:20.664000+00:00,176266,BJ,35
2294,176266_O_ACCEPTED_2294,O_ACCEPTED,COMPLETE,2011-10-24 10:17:44.664000+00:00,2011-10-24 10:17:44.664000+00:00,176266,AG,6
2295,176266_A_APPROVED_2295,A_APPROVED,COMPLETE,2011-10-24 10:17:44.664000+00:00,2011-10-24 10:17:44.664000+00:00,176266,AG,6
2296,176266_A_REGISTERED_2296,A_REGISTERED,COMPLETE,2011-10-24 10:17:44.665000+00:00,2011-10-24 10:17:44.665000+00:00,176266,AG,6
2297,176266_A_ACTIVATED_2297,A_ACTIVATED,COMPLETE,2011-10-24 10:17:44.665000+00:00,2011-10-24 10:17:44.665000+00:00,176266,AG,6
2298,176266_W_Valideren aanvraag_2298,W_Valideren aanvraag,COMPLETE,2011-10-24 10:02:05.643000+00:00,2011-10-24 10:17:51.797000+00:00,176266,AG,6
2299,176272_A_SUBMITTED_2299,A_SUBMITTED,COMPLETE,2011-10-11 18:45:34.316000+00:00,2011-10-11 18:45:34.316000+00:00,176272,AA,0
2300,176272_A_PARTLYSUBMITTED_2300,A_PARTLYSUBMITTED,COMPLETE,2011-10-11 18:45:34.469000+00:00,2011-10-11 18:45:34.469000+00:00,176272,AA,0
2301,176272_A_DECLINED_2301,A_DECLINED,COMPLETE,2011-10-11 18:52:37.254000+00:00,2011-10-11 18:52:37.254000+00:00,176272,BR,43
2302,176272_W_Afhandelen leads_2302,W_Afhandelen leads,COMPLETE,2011-10-11 18:48:04.055000+00:00,2011-10-11 18:52:40.701000+00:00,176272,BR,43
2303,176278_A_SUBMITTED_2303,A_SUBMITTED,COMPLETE,2011-10-11 19:42:03.637000+00:00,2011-10-11 19:42:03.637000+00:00,176278,AA,0
2304,176278_A_PARTLYSUBMITTED_2304,A_PARTLYSUBMITTED,COMPLETE,2011-10-11 19:42:03.758000+00:00,2011-10-11 19:42:03.758000+00:00,176278,AA,0
2305,176278_A_PREACCEPTED_2305,A_PREACCEPTED,COMPLETE,2011-10-11 19:42:41.004000+00:00,2011-10-11 19:42:41.004000+00:00,176278,AA,0
2306,176278_W_Completeren aanvraag_2306,W_Completeren aanvraag,COMPLETE,2011-10-11 20:02:24.626000+00:00,2011-10-11 20:19:04.057000+00:00,176278,BR,43
2307,176278_A_ACCEPTED_2307,A_ACCEPTED,COMPLETE,2011-10-11 20:19:16.995000+00:00,2011-10-11 20:19:16.995000+00:00,176278,BR,43
2308,176278_O_SELECTED_2308,O_SELECTED,COMPLETE,2011-10-11 20:21:05.239000+00:00,2011-10-11 20:21:05.239000+00:00,176278,BR,43
2309,176278_A_FINALIZED_2309,A_FINALIZED,COMPLETE,2011-10-11 20:21:05.240000+00:00,2011-10-11 20:21:05.240000+00:00,176278,BR,43
2310,176278_O_CREATED_2310,O_CREATED,COMPLETE,2011-10-11 20:21:06.236000+00:00,2011-10-11 20:21:06.236000+00:00,176278,BR,43
2311,176278_O_SENT_2311,O_SENT,COMPLETE,2011-10-11 20:21:06.261000+00:00,2011-10-11 20:21:06.261000+00:00,176278,BR,43
2312,176278_W_Completeren aanvraag_2312,W_Completeren aanvraag,COMPLETE,2011-10-11 20:19:07.982000+00:00,2011-10-11 20:21:07.452000+00:00,176278,BR,43
2313,176278_W_Nabellen offertes_2313,W_Nabellen offertes,COMPLETE,2011-10-11 20:24:06.975000+00:00,2011-10-11 20:26:46.712000+00:00,176278,BR,43
2314,176278_W_Nabellen offertes_2314,W_Nabellen offertes,COMPLETE,2011-10-18 18:10:55.617000+00:00,2011-10-18 18:12:35.404000+00:00,176278,BR,43
2315,176278_W_Nabellen offertes_2315,W_Nabellen offertes,COMPLETE,2011-10-18 18:42:53.267000+00:00,2011-10-18 18:43:19.633000+00:00,176278,BR,43
2316,176278_W_Nabellen offertes_2316,W_Nabellen offertes,COMPLETE,2011-10-18 18:52:51.103000+00:00,2011-10-18 18:55:00.156000+00:00,176278,BL,37
2317,176278_A_CANCELLED_2317,A_CANCELLED,COMPLETE,2011-10-20 19:09:29.308000+00:00,2011-10-20 19:09:29.308000+00:00,176278,AU,20
2318,176278_O_CANCELLED_2318,O_CANCELLED,COMPLETE,2011-10-20 19:09:29.308000+00:00,2011-10-20 19:09:29.308000+00:00,176278,AU,20
2319,176278_W_Nabellen offertes_2319,W_Nabellen offertes,COMPLETE,2011-10-20 19:06:32.966000+00:00,2011-10-20 19:09:31.600000+00:00,176278,AU,20
2320,176281_A_SUBMITTED_2320,A_SUBMITTED,COMPLETE,2011-10-11 19:48:45.723000+00:00,2011-10-11 19:48:45.723000+00:00,176281,AA,0
2321,176281_A_PARTLYSUBMITTED_2321,A_PARTLYSUBMITTED,COMPLETE,2011-10-11 19:48:45.946000+00:00,2011-10-11 19:48:45.946000+00:00,176281,AA,0
2322,176281_A_PREACCEPTED_2322,A_PREACCEPTED,COMPLETE,2011-10-11 19:49:23.849000+00:00,2011-10-11 19:49:23.849000+00:00,176281,AA,0
2323,176281_A_ACCEPTED_2323,A_ACCEPTED,COMPLETE,2011-10-11 19:53:09.909000+00:00,2011-10-11 19:53:09.909000+00:00,176281,AQ,16
2324,176281_O_SELECTED_2324,O_SELECTED,COMPLETE,2011-10-11 19:55:30.848000+00:00,2011-10-11 19:55:30.848000+00:00,176281,AQ,16
2325,176281_A_FINALIZED_2325,A_FINALIZED,COMPLETE,2011-10-11 19:55:30.849000+00:00,2011-10-11 19:55:30.849000+00:00,176281,AQ,16
2326,176281_O_CREATED_2326,O_CREATED,COMPLETE,2011-10-11 19:55:31.914000+00:00,2011-10-11 19:55:31.914000+00:00,176281,AQ,16
2327,176281_O_SENT_2327,O_SENT,COMPLETE,2011-10-11 19:55:31.946000+00:00,2011-10-11 19:55:31.946000+00:00,176281,AQ,16
2328,176281_W_Completeren aanvraag_2328,W_Completeren aanvraag,COMPLETE,2011-10-11 19:49:28.500000+00:00,2011-10-11 19:55:33.335000+00:00,176281,AQ,16
2329,176281_O_SELECTED_2329,O_SELECTED,COMPLETE,2011-10-11 19:56:16.240000+00:00,2011-10-11 19:56:16.240000+00:00,176281,AQ,16
2330,176281_O_CANCELLED_2330,O_CANCELLED,COMPLETE,2011-10-11 19:56:16.240000+00:00,2011-10-11 19:56:16.240000+00:00,176281,AQ,16
2331,176281_O_CREATED_2331,O_CREATED,COMPLETE,2011-10-11 19:56:17.226000+00:00,2011-10-11 19:56:17.226000+00:00,176281,AQ,16
2332,176281_O_SENT_2332,O_SENT,COMPLETE,2011-10-11 19:56:17.256000+00:00,2011-10-11 19:56:17.256000+00:00,176281,AQ,16
2333,176281_W_Nabellen offertes_2333,W_Nabellen offertes,COMPLETE,2011-10-11 19:55:42.776000+00:00,2011-10-11 19:56:19.281000+00:00,176281,AQ,16
2334,176281_O_CANCELLED_2334,O_CANCELLED,COMPLETE,2011-10-11 19:58:25.857000+00:00,2011-10-11 19:58:25.857000+00:00,176281,AQ,16
2335,176281_O_SELECTED_2335,O_SELECTED,COMPLETE,2011-10-11 19:58:25.857000+00:00,2011-10-11 19:58:25.857000+00:00,176281,AQ,16
2336,176281_O_CREATED_2336,O_CREATED,COMPLETE,2011-10-11 19:58:27.351000+00:00,2011-10-11 19:58:27.351000+00:00,176281,AQ,16
2337,176281_O_SENT_2337,O_SENT,COMPLETE,2011-10-11 19:58:27.381000+00:00,2011-10-11 19:58:27.381000+00:00,176281,AQ,16
2338,176281_W_Nabellen offertes_2338,W_Nabellen offertes,COMPLETE,2011-10-11 19:56:34.992000+00:00,2011-10-11 19:58:29.478000+00:00,176281,AQ,16
2339,176281_W_Nabellen offertes_2339,W_Nabellen offertes,COMPLETE,2011-10-11 19:58:54.546000+00:00,2011-10-11 20:00:46.924000+00:00,176281,AQ,16
2340,176281_W_Nabellen offertes_2340,W_Nabellen offertes,COMPLETE,2011-10-11 20:01:04.210000+00:00,2011-10-11 20:01:43.636000+00:00,176281,AQ,16
2341,176281_W_Nabellen offertes_2341,W_Nabellen offertes,COMPLETE,2011-10-18 18:09:11.017000+00:00,2011-10-18 18:10:49.408000+00:00,176281,BR,43
2342,176281_W_Nabellen offertes_2342,W_Nabellen offertes,COMPLETE,2011-10-20 18:44:04.862000+00:00,2011-10-20 18:56:38.535000+00:00,176281,AU,20
2347,176293_A_SUBMITTED_2347,A_SUBMITTED,COMPLETE,2011-10-11 20:36:34.977000+00:00,2011-10-11 20:36:34.977000+00:00,176293,AA,0
2348,176293_A_PARTLYSUBMITTED_2348,A_PARTLYSUBMITTED,COMPLETE,2011-10-11 20:36:35.391000+00:00,2011-10-11 20:36:35.391000+00:00,176293,AA,0
2349,176293_A_DECLINED_2349,A_DECLINED,COMPLETE,2011-10-11 20:53:45.927000+00:00,2011-10-11 20:53:45.927000+00:00,176293,AM,12
2350,176293_W_Afhandelen leads_2350,W_Afhandelen leads,COMPLETE,2011-10-11 20:48:39.393000+00:00,2011-10-11 20:53:49.790000+00:00,176293,AM,12
2351,176296_A_SUBMITTED_2351,A_SUBMITTED,COMPLETE,2011-10-11 20:50:23.257000+00:00,2011-10-11 20:50:23.257000+00:00,176296,AA,0
2352,176296_A_PARTLYSUBMITTED_2352,A_PARTLYSUBMITTED,COMPLETE,2011-10-11 20:50:23.402000+00:00,2011-10-11 20:50:23.402000+00:00,176296,AA,0
2353,176296_A_DECLINED_2353,A_DECLINED,COMPLETE,2011-10-11 20:51:00.203000+00:00,2011-10-11 20:51:00.203000+00:00,176296,AA,0
2354,176299_A_SUBMITTED_2354,A_SUBMITTED,COMPLETE,2011-10-11 20:58:24.538000+00:00,2011-10-11 20:58:24.538000+00:00,176299,AA,0
2355,176299_A_PARTLYSUBMITTED_2355,A_PARTLYSUBMITTED,COMPLETE,2011-10-11 20:58:24.758000+00:00,2011-10-11 20:58:24.758000+00:00,176299,AA,0
2356,176299_A_PREACCEPTED_2356,A_PREACCEPTED,COMPLETE,2011-10-11 20:59:09.233000+00:00,2011-10-11 20:59:09.233000+00:00,176299,AA,0
2357,176299_W_Completeren aanvraag_2357,W_Completeren aanvraag,COMPLETE,2011-10-12 09:01:34.302000+00:00,2011-10-12 09:05:59.723000+00:00,176299,BS,44
2358,176299_A_CANCELLED_2358,A_CANCELLED,COMPLETE,2011-10-12 20:03:23.781000+00:00,2011-10-12 20:03:23.781000+00:00,176299,BA,26
2359,176299_W_Completeren aanvraag_2359,W_Completeren aanvraag,COMPLETE,2011-10-12 20:01:56.581000+00:00,2011-10-12 20:03:25.412000+00:00,176299,BA,26
2360,176311_A_SUBMITTED_2360,A_SUBMITTED,COMPLETE,2011-10-11 22:19:42.198000+00:00,2011-10-11 22:19:42.198000+00:00,176311,AA,0
2361,176311_A_PARTLYSUBMITTED_2361,A_PARTLYSUBMITTED,COMPLETE,2011-10-11 22:19:42.341000+00:00,2011-10-11 22:19:42.341000+00:00,176311,AA,0
2362,176311_A_DECLINED_2362,A_DECLINED,COMPLETE,2011-10-11 22:20:19.939000+00:00,2011-10-11 22:20:19.939000+00:00,176311,AA,0
2363,176323_A_SUBMITTED_2363,A_SUBMITTED,COMPLETE,2011-10-11 22:36:19.396000+00:00,2011-10-11 22:36:19.396000+00:00,176323,AA,0
2364,176323_A_PARTLYSUBMITTED_2364,A_PARTLYSUBMITTED,COMPLETE,2011-10-11 22:36:19.612000+00:00,2011-10-11 22:36:19.612000+00:00,176323,AA,0
2365,176323_A_PREACCEPTED_2365,A_PREACCEPTED,COMPLETE,2011-10-11 22:37:05.382000+00:00,2011-10-11 22:37:05.382000+00:00,176323,AA,0
2366,176323_W_Completeren aanvraag_2366,W_Completeren aanvraag,COMPLETE,2011-10-12 09:06:18.392000+00:00,2011-10-12 09:22:20.574000+00:00,176323,BS,44
2367,176323_W_Completeren aanvraag_2367,W_Completeren aanvraag,COMPLETE,2011-10-12 09:22:39.610000+00:00,2011-10-12 09:23:11.926000+00:00,176323,BS,44
2368,176323_A_ACCEPTED_2368,A_ACCEPTED,COMPLETE,2011-10-12 14:34:46.743000+00:00,2011-10-12 14:34:46.743000+00:00,176323,BS,44
2369,176323_A_FINALIZED_2369,A_FINALIZED,COMPLETE,2011-10-12 14:36:18.465000+00:00,2011-10-12 14:36:18.465000+00:00,176323,BS,44
2370,176323_O_SELECTED_2370,O_SELECTED,COMPLETE,2011-10-12 14:36:18.465000+00:00,2011-10-12 14:36:18.465000+00:00,176323,BS,44
2371,176323_O_CREATED_2371,O_CREATED,COMPLETE,2011-10-12 14:36:19.759000+00:00,2011-10-12 14:36:19.759000+00:00,176323,BS,44
2372,176323_O_SENT_2372,O_SENT,COMPLETE,2011-10-12 14:36:19.803000+00:00,2011-10-12 14:36:19.803000+00:00,176323,BS,44
2373,176323_W_Completeren aanvraag_2373,W_Completeren aanvraag,COMPLETE,2011-10-12 14:21:39.806000+00:00,2011-10-12 14:36:21.499000+00:00,176323,BS,44
2374,176323_W_Nabellen offertes_2374,W_Nabellen offertes,COMPLETE,2011-10-12 14:36:41.582000+00:00,2011-10-12 14:37:49.638000+00:00,176323,BS,44
2375,176323_W_Nabellen offertes_2375,W_Nabellen offertes,COMPLETE,2011-10-19 11:37:45.047000+00:00,2011-10-19 11:39:42.651000+00:00,176323,BQ,42
2376,176323_W_Nabellen offertes_2376,W_Nabellen offertes,COMPLETE,2011-10-20 20:00:32.765000+00:00,2011-10-20 20:04:16.486000+00:00,176323,AU,20
2381,176359_A_SUBMITTED_2381,A_SUBMITTED,COMPLETE,2011-10-12 06:39:48.042000+00:00,2011-10-12 06:39:48.042000+00:00,176359,AA,0
2382,176359_A_PARTLYSUBMITTED_2382,A_PARTLYSUBMITTED,COMPLETE,2011-10-12 06:39:54.209000+00:00,2011-10-12 06:39:54.209000+00:00,176359,AA,0
2383,176359_A_PREACCEPTED_2383,A_PREACCEPTED,COMPLETE,2011-10-12 06:40:31.330000+00:00,2011-10-12 06:40:31.330000+00:00,176359,AA,0
2384,176359_A_DECLINED_2384,A_DECLINED,COMPLETE,2011-10-12 09:24:55.298000+00:00,2011-10-12 09:24:55.298000+00:00,176359,BQ,42
2385,176359_W_Completeren aanvraag_2385,W_Completeren aanvraag,COMPLETE,2011-10-12 09:12:01.947000+00:00,2011-10-12 09:24:58.172000+00:00,176359,BQ,42
2386,176362_A_SUBMITTED_2386,A_SUBMITTED,COMPLETE,2011-10-12 09:06:49.012000+00:00,2011-10-12 09:06:49.012000+00:00,176362,AA,0
2387,176362_A_PARTLYSUBMITTED_2387,A_PARTLYSUBMITTED,COMPLETE,2011-10-12 09:06:50.995000+00:00,2011-10-12 09:06:50.995000+00:00,176362,AA,0
2388,176362_A_DECLINED_2388,A_DECLINED,COMPLETE,2011-10-12 09:07:28.360000+00:00,2011-10-12 09:07:28.360000+00:00,176362,AA,0
2389,176365_A_SUBMITTED_2389,A_SUBMITTED,COMPLETE,2011-10-12 09:13:01.171000+00:00,2011-10-12 09:13:01.171000+00:00,176365,AA,0
2390,176365_A_PARTLYSUBMITTED_2390,A_PARTLYSUBMITTED,COMPLETE,2011-10-12 09:13:01.438000+00:00,2011-10-12 09:13:01.438000+00:00,176365,AA,0
2391,176365_A_DECLINED_2391,A_DECLINED,COMPLETE,2011-10-12 09:13:36.102000+00:00,2011-10-12 09:13:36.102000+00:00,176365,AA,0
2392,176377_A_SUBMITTED_2392,A_SUBMITTED,COMPLETE,2011-10-12 10:01:15.511000+00:00,2011-10-12 10:01:15.511000+00:00,176377,AA,0
2393,176377_A_PARTLYSUBMITTED_2393,A_PARTLYSUBMITTED,COMPLETE,2011-10-12 10:01:15.864000+00:00,2011-10-12 10:01:15.864000+00:00,176377,AA,0
2394,176377_A_DECLINED_2394,A_DECLINED,COMPLETE,2011-10-12 10:02:16.861000+00:00,2011-10-12 10:02:16.861000+00:00,176377,AA,0
2395,176392_A_SUBMITTED_2395,A_SUBMITTED,COMPLETE,2011-10-12 10:54:02.759000+00:00,2011-10-12 10:54:02.759000+00:00,176392,AA,0
2396,176392_A_PARTLYSUBMITTED_2396,A_PARTLYSUBMITTED,COMPLETE,2011-10-12 10:54:02.911000+00:00,2011-10-12 10:54:02.911000+00:00,176392,AA,0
2397,176392_A_PREACCEPTED_2397,A_PREACCEPTED,COMPLETE,2011-10-12 10:57:59.044000+00:00,2011-10-12 10:57:59.044000+00:00,176392,AG,6
2398,176392_W_Afhandelen leads_2398,W_Afhandelen leads,COMPLETE,2011-10-12 10:54:49.132000+00:00,2011-10-12 10:58:00.029000+00:00,176392,AG,6
2399,176392_A_ACCEPTED_2399,A_ACCEPTED,COMPLETE,2011-10-12 10:58:23.324000+00:00,2011-10-12 10:58:23.324000+00:00,176392,AG,6
2400,176392_A_FINALIZED_2400,A_FINALIZED,COMPLETE,2011-10-12 11:00:26.480000+00:00,2011-10-12 11:00:26.480000+00:00,176392,AG,6
2401,176392_O_SELECTED_2401,O_SELECTED,COMPLETE,2011-10-12 11:00:26.480000+00:00,2011-10-12 11:00:26.480000+00:00,176392,AG,6
2402,176392_O_CREATED_2402,O_CREATED,COMPLETE,2011-10-12 11:00:27.469000+00:00,2011-10-12 11:00:27.469000+00:00,176392,AG,6
2403,176392_O_SENT_2403,O_SENT,COMPLETE,2011-10-12 11:00:27.498000+00:00,2011-10-12 11:00:27.498000+00:00,176392,AG,6
2404,176392_W_Completeren aanvraag_2404,W_Completeren aanvraag,COMPLETE,2011-10-12 10:58:12.323000+00:00,2011-10-12 11:00:29.537000+00:00,176392,AG,6
2405,176392_O_SENT_BACK_2405,O_SENT_BACK,COMPLETE,2011-10-12 11:00:59.561000+00:00,2011-10-12 11:00:59.561000+00:00,176392,AG,6
2406,176392_W_Nabellen offertes_2406,W_Nabellen offertes,COMPLETE,2011-10-12 11:00:44.338000+00:00,2011-10-12 11:01:01.603000+00:00,176392,AG,6
2407,176392_A_APPROVED_2407,A_APPROVED,COMPLETE,2011-10-12 11:08:51.758000+00:00,2011-10-12 11:08:51.758000+00:00,176392,AG,6
2408,176392_O_ACCEPTED_2408,O_ACCEPTED,COMPLETE,2011-10-12 11:08:51.758000+00:00,2011-10-12 11:08:51.758000+00:00,176392,AG,6
2409,176392_A_ACTIVATED_2409,A_ACTIVATED,COMPLETE,2011-10-12 11:08:51.759000+00:00,2011-10-12 11:08:51.759000+00:00,176392,AG,6
2410,176392_A_REGISTERED_2410,A_REGISTERED,COMPLETE,2011-10-12 11:08:51.759000+00:00,2011-10-12 11:08:51.759000+00:00,176392,AG,6
2411,176392_W_Valideren aanvraag_2411,W_Valideren aanvraag,COMPLETE,2011-10-12 11:01:32.793000+00:00,2011-10-12 11:08:59.237000+00:00,176392,AG,6
2412,176401_A_SUBMITTED_2412,A_SUBMITTED,COMPLETE,2011-10-12 11:22:22.962000+00:00,2011-10-12 11:22:22.962000+00:00,176401,AA,0
2413,176401_A_PARTLYSUBMITTED_2413,A_PARTLYSUBMITTED,COMPLETE,2011-10-12 11:22:23.098000+00:00,2011-10-12 11:22:23.098000+00:00,176401,AA,0
2414,176401_A_DECLINED_2414,A_DECLINED,COMPLETE,2011-10-12 11:23:02.243000+00:00,2011-10-12 11:23:02.243000+00:00,176401,AA,0
2415,176407_A_SUBMITTED_2415,A_SUBMITTED,COMPLETE,2011-10-12 11:30:44.641000+00:00,2011-10-12 11:30:44.641000+00:00,176407,AA,0
2416,176407_A_PARTLYSUBMITTED_2416,A_PARTLYSUBMITTED,COMPLETE,2011-10-12 11:30:44.748000+00:00,2011-10-12 11:30:44.748000+00:00,176407,AA,0
2417,176407_A_DECLINED_2417,A_DECLINED,COMPLETE,2011-10-12 11:31:20.741000+00:00,2011-10-12 11:31:20.741000+00:00,176407,AA,0
2418,176416_A_SUBMITTED_2418,A_SUBMITTED,COMPLETE,2011-10-12 11:51:04.047000+00:00,2011-10-12 11:51:04.047000+00:00,176416,AA,0
2419,176416_A_PARTLYSUBMITTED_2419,A_PARTLYSUBMITTED,COMPLETE,2011-10-12 11:51:04.191000+00:00,2011-10-12 11:51:04.191000+00:00,176416,AA,0
2420,176416_A_DECLINED_2420,A_DECLINED,COMPLETE,2011-10-12 11:57:20.716000+00:00,2011-10-12 11:57:20.716000+00:00,176416,BQ,42
2421,176416_W_Afhandelen leads_2421,W_Afhandelen leads,COMPLETE,2011-10-12 11:53:00.401000+00:00,2011-10-12 11:57:24.786000+00:00,176416,BQ,42
2422,176422_A_SUBMITTED_2422,A_SUBMITTED,COMPLETE,2011-10-12 12:23:17.721000+00:00,2011-10-12 12:23:17.721000+00:00,176422,AA,0
2423,176422_A_PARTLYSUBMITTED_2423,A_PARTLYSUBMITTED,COMPLETE,2011-10-12 12:23:17.992000+00:00,2011-10-12 12:23:17.992000+00:00,176422,AA,0
2424,176422_A_DECLINED_2424,A_DECLINED,COMPLETE,2011-10-12 12:23:52.175000+00:00,2011-10-12 12:23:52.175000+00:00,176422,AA,0
2425,176425_A_SUBMITTED_2425,A_SUBMITTED,COMPLETE,2011-10-12 12:37:35.070000+00:00,2011-10-12 12:37:35.070000+00:00,176425,AA,0
2426,176425_A_PARTLYSUBMITTED_2426,A_PARTLYSUBMITTED,COMPLETE,2011-10-12 12:37:35.252000+00:00,2011-10-12 12:37:35.252000+00:00,176425,AA,0
2427,176425_A_DECLINED_2427,A_DECLINED,COMPLETE,2011-10-12 12:38:24.633000+00:00,2011-10-12 12:38:24.633000+00:00,176425,AA,0
2428,176431_A_SUBMITTED_2428,A_SUBMITTED,COMPLETE,2011-10-12 12:48:13.197000+00:00,2011-10-12 12:48:13.197000+00:00,176431,AA,0
2429,176431_A_PARTLYSUBMITTED_2429,A_PARTLYSUBMITTED,COMPLETE,2011-10-12 12:48:13.347000+00:00,2011-10-12 12:48:13.347000+00:00,176431,AA,0
2430,176431_A_PREACCEPTED_2430,A_PREACCEPTED,COMPLETE,2011-10-12 12:49:16.741000+00:00,2011-10-12 12:49:16.741000+00:00,176431,AA,0
2431,176431_A_CANCELLED_2431,A_CANCELLED,COMPLETE,2011-10-12 12:59:52.592000+00:00,2011-10-12 12:59:52.592000+00:00,176431,BS,44
2432,176431_W_Completeren aanvraag_2432,W_Completeren aanvraag,COMPLETE,2011-10-12 12:49:38.376000+00:00,2011-10-12 12:59:54.914000+00:00,176431,BS,44
2433,176443_A_SUBMITTED_2433,A_SUBMITTED,COMPLETE,2011-10-12 13:20:51.718000+00:00,2011-10-12 13:20:51.718000+00:00,176443,AA,0
2434,176443_A_PARTLYSUBMITTED_2434,A_PARTLYSUBMITTED,COMPLETE,2011-10-12 13:20:51.849000+00:00,2011-10-12 13:20:51.849000+00:00,176443,AA,0
2435,176443_A_DECLINED_2435,A_DECLINED,COMPLETE,2011-10-12 13:21:27.669000+00:00,2011-10-12 13:21:27.669000+00:00,176443,AA,0
2436,176449_A_SUBMITTED_2436,A_SUBMITTED,COMPLETE,2011-10-12 13:34:27.737000+00:00,2011-10-12 13:34:27.737000+00:00,176449,AA,0
2437,176449_A_PARTLYSUBMITTED_2437,A_PARTLYSUBMITTED,COMPLETE,2011-10-12 13:34:27.858000+00:00,2011-10-12 13:34:27.858000+00:00,176449,AA,0
2438,176449_A_DECLINED_2438,A_DECLINED,COMPLETE,2011-10-12 13:43:57.469000+00:00,2011-10-12 13:43:57.469000+00:00,176449,BS,44
2439,176449_W_Afhandelen leads_2439,W_Afhandelen leads,COMPLETE,2011-10-12 13:35:23.463000+00:00,2011-10-12 13:43:59.950000+00:00,176449,BS,44
2440,176452_A_SUBMITTED_2440,A_SUBMITTED,COMPLETE,2011-10-12 13:35:12.833000+00:00,2011-10-12 13:35:12.833000+00:00,176452,AA,0
2441,176452_A_PARTLYSUBMITTED_2441,A_PARTLYSUBMITTED,COMPLETE,2011-10-12 13:35:13.003000+00:00,2011-10-12 13:35:13.003000+00:00,176452,AA,0
2442,176452_W_Afhandelen leads_2442,W_Afhandelen leads,COMPLETE,2011-10-12 13:36:09.452000+00:00,2011-10-12 13:38:36.849000+00:00,176452,BQ,42
2443,176452_A_DECLINED_2443,A_DECLINED,COMPLETE,2011-10-12 13:59:29.305000+00:00,2011-10-12 13:59:29.305000+00:00,176452,BQ,42
2444,176452_W_Afhandelen leads_2444,W_Afhandelen leads,COMPLETE,2011-10-12 13:38:40.676000+00:00,2011-10-12 13:59:33.116000+00:00,176452,BQ,42
2445,176455_A_SUBMITTED_2445,A_SUBMITTED,COMPLETE,2011-10-12 13:43:32.141000+00:00,2011-10-12 13:43:32.141000+00:00,176455,AA,0
2446,176455_A_PARTLYSUBMITTED_2446,A_PARTLYSUBMITTED,COMPLETE,2011-10-12 13:43:32.306000+00:00,2011-10-12 13:43:32.306000+00:00,176455,AA,0
2447,176455_A_DECLINED_2447,A_DECLINED,COMPLETE,2011-10-12 13:44:05.493000+00:00,2011-10-12 13:44:05.493000+00:00,176455,AA,0
2448,176461_A_SUBMITTED_2448,A_SUBMITTED,COMPLETE,2011-10-12 13:55:41.236000+00:00,2011-10-12 13:55:41.236000+00:00,176461,AA,0
2449,176461_A_PARTLYSUBMITTED_2449,A_PARTLYSUBMITTED,COMPLETE,2011-10-12 13:55:41.334000+00:00,2011-10-12 13:55:41.334000+00:00,176461,AA,0
2450,176461_A_PREACCEPTED_2450,A_PREACCEPTED,COMPLETE,2011-10-12 13:56:32.068000+00:00,2011-10-12 13:56:32.068000+00:00,176461,AA,0
2451,176461_W_Completeren aanvraag_2451,W_Completeren aanvraag,COMPLETE,2011-10-12 15:30:58.278000+00:00,2011-10-12 15:35:46.105000+00:00,176461,BO,40
2452,176461_W_Completeren aanvraag_2452,W_Completeren aanvraag,COMPLETE,2011-10-13 12:05:54.441000+00:00,2011-10-13 12:30:24.053000+00:00,176461,BS,44
2453,176461_W_Completeren aanvraag_2453,W_Completeren aanvraag,COMPLETE,2011-10-13 12:31:07.104000+00:00,2011-10-13 12:33:44.161000+00:00,176461,BS,44
2454,176461_A_DECLINED_2454,A_DECLINED,COMPLETE,2011-10-13 15:37:56.322000+00:00,2011-10-13 15:37:56.322000+00:00,176461,BN,39
2455,176461_W_Completeren aanvraag_2455,W_Completeren aanvraag,COMPLETE,2011-10-13 15:14:06.628000+00:00,2011-10-13 15:38:00.873000+00:00,176461,BN,39
2456,176464_A_SUBMITTED_2456,A_SUBMITTED,COMPLETE,2011-10-12 14:10:06.257000+00:00,2011-10-12 14:10:06.257000+00:00,176464,AA,0
2457,176464_A_PARTLYSUBMITTED_2457,A_PARTLYSUBMITTED,COMPLETE,2011-10-12 14:10:06.410000+00:00,2011-10-12 14:10:06.410000+00:00,176464,AA,0
2458,176464_A_DECLINED_2458,A_DECLINED,COMPLETE,2011-10-12 14:11:05.087000+00:00,2011-10-12 14:11:05.087000+00:00,176464,AA,0
2459,176470_A_SUBMITTED_2459,A_SUBMITTED,COMPLETE,2011-10-12 14:13:44.453000+00:00,2011-10-12 14:13:44.453000+00:00,176470,AA,0
2460,176470_A_PARTLYSUBMITTED_2460,A_PARTLYSUBMITTED,COMPLETE,2011-10-12 14:13:44.564000+00:00,2011-10-12 14:13:44.564000+00:00,176470,AA,0
2461,176470_A_PREACCEPTED_2461,A_PREACCEPTED,COMPLETE,2011-10-12 14:14:17.903000+00:00,2011-10-12 14:14:17.903000+00:00,176470,AA,0
2462,176470_W_Completeren aanvraag_2462,W_Completeren aanvraag,COMPLETE,2011-10-12 14:23:53.565000+00:00,2011-10-12 14:27:43.008000+00:00,176470,BO,40
2463,176470_W_Completeren aanvraag_2463,W_Completeren aanvraag,COMPLETE,2011-10-19 09:34:06.320000+00:00,2011-10-19 09:38:31.908000+00:00,176470,BQ,42
2467,176485_A_SUBMITTED_2467,A_SUBMITTED,COMPLETE,2011-10-12 15:54:58.144000+00:00,2011-10-12 15:54:58.144000+00:00,176485,AA,0
2468,176485_A_PARTLYSUBMITTED_2468,A_PARTLYSUBMITTED,COMPLETE,2011-10-12 15:54:58.525000+00:00,2011-10-12 15:54:58.525000+00:00,176485,AA,0
2469,176485_A_DECLINED_2469,A_DECLINED,COMPLETE,2011-10-12 15:55:41.830000+00:00,2011-10-12 15:55:41.830000+00:00,176485,AA,0
2470,176491_A_SUBMITTED_2470,A_SUBMITTED,COMPLETE,2011-10-12 16:09:08.318000+00:00,2011-10-12 16:09:08.318000+00:00,176491,AA,0
2471,176491_A_PARTLYSUBMITTED_2471,A_PARTLYSUBMITTED,COMPLETE,2011-10-12 16:09:08.551000+00:00,2011-10-12 16:09:08.551000+00:00,176491,AA,0
2472,176491_A_PREACCEPTED_2472,A_PREACCEPTED,COMPLETE,2011-10-12 16:10:00.050000+00:00,2011-10-12 16:10:00.050000+00:00,176491,AA,0
2473,176491_A_ACCEPTED_2473,A_ACCEPTED,COMPLETE,2011-10-12 17:34:09.788000+00:00,2011-10-12 17:34:09.788000+00:00,176491,BP,41
2474,176491_O_SELECTED_2474,O_SELECTED,COMPLETE,2011-10-12 17:36:25.389000+00:00,2011-10-12 17:36:25.389000+00:00,176491,BP,41
2475,176491_A_FINALIZED_2475,A_FINALIZED,COMPLETE,2011-10-12 17:36:25.389000+00:00,2011-10-12 17:36:25.389000+00:00,176491,BP,41
2476,176491_O_CREATED_2476,O_CREATED,COMPLETE,2011-10-12 17:36:26.772000+00:00,2011-10-12 17:36:26.772000+00:00,176491,BP,41
2477,176491_O_SENT_2477,O_SENT,COMPLETE,2011-10-12 17:36:26.813000+00:00,2011-10-12 17:36:26.813000+00:00,176491,BP,41
2478,176491_W_Completeren aanvraag_2478,W_Completeren aanvraag,COMPLETE,2011-10-12 17:19:16.553000+00:00,2011-10-12 17:36:28.081000+00:00,176491,BP,41
2479,176491_O_SELECTED_2479,O_SELECTED,COMPLETE,2011-10-12 17:37:28.650000+00:00,2011-10-12 17:37:28.650000+00:00,176491,BP,41
2480,176491_O_CANCELLED_2480,O_CANCELLED,COMPLETE,2011-10-12 17:37:28.650000+00:00,2011-10-12 17:37:28.650000+00:00,176491,BP,41
2481,176491_O_CREATED_2481,O_CREATED,COMPLETE,2011-10-12 17:37:30.061000+00:00,2011-10-12 17:37:30.061000+00:00,176491,BP,41
2482,176491_O_SENT_2482,O_SENT,COMPLETE,2011-10-12 17:37:30.108000+00:00,2011-10-12 17:37:30.108000+00:00,176491,BP,41
2483,176491_W_Nabellen offertes_2483,W_Nabellen offertes,COMPLETE,2011-10-12 17:36:43.276000+00:00,2011-10-12 17:37:31.679000+00:00,176491,BP,41
2484,176491_W_Nabellen offertes_2484,W_Nabellen offertes,COMPLETE,2011-10-19 12:09:34.038000+00:00,2011-10-19 12:11:53.594000+00:00,176491,BQ,42
2485,176491_W_Nabellen offertes_2485,W_Nabellen offertes,COMPLETE,2011-10-20 12:14:15.077000+00:00,2011-10-20 12:16:42.721000+00:00,176491,AT,19
2486,176491_W_Nabellen offertes_2486,W_Nabellen offertes,COMPLETE,2011-10-21 19:53:07.462000+00:00,2011-10-21 19:53:18.837000+00:00,176491,AF,5
2487,176491_O_CANCELLED_2487,O_CANCELLED,COMPLETE,2011-10-24 15:39:43.092000+00:00,2011-10-24 15:39:43.092000+00:00,176491,BQ,42
2488,176491_A_CANCELLED_2488,A_CANCELLED,COMPLETE,2011-10-24 15:39:43.092000+00:00,2011-10-24 15:39:43.092000+00:00,176491,BQ,42
2489,176491_W_Nabellen offertes_2489,W_Nabellen offertes,COMPLETE,2011-10-24 15:38:00.828000+00:00,2011-10-24 15:39:45.374000+00:00,176491,BQ,42
2490,176494_A_SUBMITTED_2490,A_SUBMITTED,COMPLETE,2011-10-12 16:15:08.226000+00:00,2011-10-12 16:15:08.226000+00:00,176494,AA,0
2491,176494_A_PARTLYSUBMITTED_2491,A_PARTLYSUBMITTED,COMPLETE,2011-10-12 16:15:08.395000+00:00,2011-10-12 16:15:08.395000+00:00,176494,AA,0
2492,176494_A_DECLINED_2492,A_DECLINED,COMPLETE,2011-10-12 16:15:49.828000+00:00,2011-10-12 16:15:49.828000+00:00,176494,AA,0
2493,176497_A_SUBMITTED_2493,A_SUBMITTED,COMPLETE,2011-10-12 16:17:13.713000+00:00,2011-10-12 16:17:13.713000+00:00,176497,AA,0
2494,176497_A_PARTLYSUBMITTED_2494,A_PARTLYSUBMITTED,COMPLETE,2011-10-12 16:17:13.881000+00:00,2011-10-12 16:17:13.881000+00:00,176497,AA,0
2495,176497_A_DECLINED_2495,A_DECLINED,COMPLETE,2011-10-12 16:18:10.860000+00:00,2011-10-12 16:18:10.860000+00:00,176497,AA,0
2496,176503_A_SUBMITTED_2496,A_SUBMITTED,COMPLETE,2011-10-12 16:53:24.850000+00:00,2011-10-12 16:53:24.850000+00:00,176503,AA,0
2497,176503_A_PARTLYSUBMITTED_2497,A_PARTLYSUBMITTED,COMPLETE,2011-10-12 16:53:25.012000+00:00,2011-10-12 16:53:25.012000+00:00,176503,AA,0
2498,176503_A_DECLINED_2498,A_DECLINED,COMPLETE,2011-10-12 17:26:49.953000+00:00,2011-10-12 17:26:49.953000+00:00,176503,BA,26
2499,176503_W_Afhandelen leads_2499,W_Afhandelen leads,COMPLETE,2011-10-12 17:26:23.494000+00:00,2011-10-12 17:26:53.603000+00:00,176503,BA,26
2500,176506_A_SUBMITTED_2500,A_SUBMITTED,COMPLETE,2011-10-12 16:53:45.228000+00:00,2011-10-12 16:53:45.228000+00:00,176506,AA,0
2501,176506_A_PARTLYSUBMITTED_2501,A_PARTLYSUBMITTED,COMPLETE,2011-10-12 16:53:45.402000+00:00,2011-10-12 16:53:45.402000+00:00,176506,AA,0
2502,176506_A_PREACCEPTED_2502,A_PREACCEPTED,COMPLETE,2011-10-12 17:24:07.045000+00:00,2011-10-12 17:24:07.045000+00:00,176506,BA,26
2503,176506_W_Afhandelen leads_2503,W_Afhandelen leads,COMPLETE,2011-10-12 17:23:11.778000+00:00,2011-10-12 17:24:08.022000+00:00,176506,BA,26
2504,176506_A_DECLINED_2504,A_DECLINED,COMPLETE,2011-10-12 18:11:56.059000+00:00,2011-10-12 18:11:56.059000+00:00,176506,BP,41
2505,176506_W_Completeren aanvraag_2505,W_Completeren aanvraag,COMPLETE,2011-10-12 17:55:19.944000+00:00,2011-10-12 18:11:59.624000+00:00,176506,BP,41
2506,176509_A_SUBMITTED_2506,A_SUBMITTED,COMPLETE,2011-10-12 16:54:16.200000+00:00,2011-10-12 16:54:16.200000+00:00,176509,AA,0
2507,176509_A_PARTLYSUBMITTED_2507,A_PARTLYSUBMITTED,COMPLETE,2011-10-12 16:54:16.412000+00:00,2011-10-12 16:54:16.412000+00:00,176509,AA,0
2508,176509_A_DECLINED_2508,A_DECLINED,COMPLETE,2011-10-12 16:54:55.545000+00:00,2011-10-12 16:54:55.545000+00:00,176509,AA,0
2509,176512_A_SUBMITTED_2509,A_SUBMITTED,COMPLETE,2011-10-12 17:30:53.210000+00:00,2011-10-12 17:30:53.210000+00:00,176512,AA,0
2510,176512_A_PARTLYSUBMITTED_2510,A_PARTLYSUBMITTED,COMPLETE,2011-10-12 17:30:53.444000+00:00,2011-10-12 17:30:53.444000+00:00,176512,AA,0
2511,176512_A_DECLINED_2511,A_DECLINED,COMPLETE,2011-10-12 17:31:49.052000+00:00,2011-10-12 17:31:49.052000+00:00,176512,AA,0
2512,176518_A_SUBMITTED_2512,A_SUBMITTED,COMPLETE,2011-10-12 18:00:05.507000+00:00,2011-10-12 18:00:05.507000+00:00,176518,AA,0
2513,176518_A_PARTLYSUBMITTED_2513,A_PARTLYSUBMITTED,COMPLETE,2011-10-12 18:00:05.620000+00:00,2011-10-12 18:00:05.620000+00:00,176518,AA,0
2514,176518_A_DECLINED_2514,A_DECLINED,COMPLETE,2011-10-12 18:00:44.174000+00:00,2011-10-12 18:00:44.174000+00:00,176518,AA,0
2515,176524_A_SUBMITTED_2515,A_SUBMITTED,COMPLETE,2011-10-12 18:21:52.800000+00:00,2011-10-12 18:21:52.800000+00:00,176524,AA,0
2516,176524_A_PARTLYSUBMITTED_2516,A_PARTLYSUBMITTED,COMPLETE,2011-10-12 18:21:52.937000+00:00,2011-10-12 18:21:52.937000+00:00,176524,AA,0
2517,176524_W_Afhandelen leads_2517,W_Afhandelen leads,COMPLETE,2011-10-12 19:41:14.824000+00:00,2011-10-12 19:45:40.485000+00:00,176524,BA,26
2518,176524_A_DECLINED_2518,A_DECLINED,COMPLETE,2011-10-12 19:51:05.878000+00:00,2011-10-12 19:51:05.878000+00:00,176524,BA,26
2519,176524_W_Afhandelen leads_2519,W_Afhandelen leads,COMPLETE,2011-10-12 19:48:23.089000+00:00,2011-10-12 19:51:10.487000+00:00,176524,BA,26
2520,176530_A_SUBMITTED_2520,A_SUBMITTED,COMPLETE,2011-10-12 18:28:42.245000+00:00,2011-10-12 18:28:42.245000+00:00,176530,AA,0
2521,176530_A_PARTLYSUBMITTED_2521,A_PARTLYSUBMITTED,COMPLETE,2011-10-12 18:28:42.342000+00:00,2011-10-12 18:28:42.342000+00:00,176530,AA,0
2522,176530_A_DECLINED_2522,A_DECLINED,COMPLETE,2011-10-12 19:57:08.839000+00:00,2011-10-12 19:57:08.839000+00:00,176530,BA,26
2523,176530_W_Afhandelen leads_2523,W_Afhandelen leads,COMPLETE,2011-10-12 19:54:44.042000+00:00,2011-10-12 19:57:14.397000+00:00,176530,BA,26
2524,176536_A_SUBMITTED_2524,A_SUBMITTED,COMPLETE,2011-10-12 18:46:38.208000+00:00,2011-10-12 18:46:38.208000+00:00,176536,AA,0
2525,176536_A_PARTLYSUBMITTED_2525,A_PARTLYSUBMITTED,COMPLETE,2011-10-12 18:46:38.405000+00:00,2011-10-12 18:46:38.405000+00:00,176536,AA,0
2526,176536_A_DECLINED_2526,A_DECLINED,COMPLETE,2011-10-12 18:46:40.428000+00:00,2011-10-12 18:46:40.428000+00:00,176536,AA,0
2527,176548_A_SUBMITTED_2527,A_SUBMITTED,COMPLETE,2011-10-12 19:22:55.453000+00:00,2011-10-12 19:22:55.453000+00:00,176548,AA,0
2528,176548_A_PARTLYSUBMITTED_2528,A_PARTLYSUBMITTED,COMPLETE,2011-10-12 19:22:55.555000+00:00,2011-10-12 19:22:55.555000+00:00,176548,AA,0
2529,176548_A_DECLINED_2529,A_DECLINED,COMPLETE,2011-10-12 19:54:37.686000+00:00,2011-10-12 19:54:37.686000+00:00,176548,BA,26
2530,176548_W_Afhandelen leads_2530,W_Afhandelen leads,COMPLETE,2011-10-12 19:53:23.269000+00:00,2011-10-12 19:54:40.462000+00:00,176548,BA,26
2531,176551_A_SUBMITTED_2531,A_SUBMITTED,COMPLETE,2011-10-12 19:40:42.144000+00:00,2011-10-12 19:40:42.144000+00:00,176551,AA,0
2532,176551_A_PARTLYSUBMITTED_2532,A_PARTLYSUBMITTED,COMPLETE,2011-10-12 19:40:42.247000+00:00,2011-10-12 19:40:42.247000+00:00,176551,AA,0
2533,176551_A_PREACCEPTED_2533,A_PREACCEPTED,COMPLETE,2011-10-12 19:41:17.766000+00:00,2011-10-12 19:41:17.766000+00:00,176551,AA,0
2534,176551_A_DECLINED_2534,A_DECLINED,COMPLETE,2011-10-12 20:44:27.329000+00:00,2011-10-12 20:44:27.329000+00:00,176551,BP,41
2535,176551_W_Completeren aanvraag_2535,W_Completeren aanvraag,COMPLETE,2011-10-12 20:38:34.720000+00:00,2011-10-12 20:44:30.627000+00:00,176551,BP,41
2536,176554_A_SUBMITTED_2536,A_SUBMITTED,COMPLETE,2011-10-12 19:47:24.083000+00:00,2011-10-12 19:47:24.083000+00:00,176554,AA,0
2537,176554_A_PARTLYSUBMITTED_2537,A_PARTLYSUBMITTED,COMPLETE,2011-10-12 19:47:24.198000+00:00,2011-10-12 19:47:24.198000+00:00,176554,AA,0
2538,176554_A_DECLINED_2538,A_DECLINED,COMPLETE,2011-10-12 19:47:55.378000+00:00,2011-10-12 19:47:55.378000+00:00,176554,AA,0
2539,176560_A_SUBMITTED_2539,A_SUBMITTED,COMPLETE,2011-10-12 19:52:17.998000+00:00,2011-10-12 19:52:17.998000+00:00,176560,AA,0
2540,176560_A_PARTLYSUBMITTED_2540,A_PARTLYSUBMITTED,COMPLETE,2011-10-12 19:52:18.093000+00:00,2011-10-12 19:52:18.093000+00:00,176560,AA,0
2541,176560_A_DECLINED_2541,A_DECLINED,COMPLETE,2011-10-12 19:52:49.683000+00:00,2011-10-12 19:52:49.683000+00:00,176560,AA,0
2542,176563_A_SUBMITTED_2542,A_SUBMITTED,COMPLETE,2011-10-12 19:56:00.415000+00:00,2011-10-12 19:56:00.415000+00:00,176563,AA,0
2543,176563_A_PARTLYSUBMITTED_2543,A_PARTLYSUBMITTED,COMPLETE,2011-10-12 19:56:00.537000+00:00,2011-10-12 19:56:00.537000+00:00,176563,AA,0
2544,176563_A_PREACCEPTED_2544,A_PREACCEPTED,COMPLETE,2011-10-12 20:00:21.817000+00:00,2011-10-12 20:00:21.817000+00:00,176563,BA,26
2545,176563_W_Afhandelen leads_2545,W_Afhandelen leads,COMPLETE,2011-10-12 19:59:19.335000+00:00,2011-10-12 20:00:22.905000+00:00,176563,BA,26
2546,176563_A_DECLINED_2546,A_DECLINED,COMPLETE,2011-10-12 20:28:19.153000+00:00,2011-10-12 20:28:19.153000+00:00,176563,BP,41
2547,176563_W_Completeren aanvraag_2547,W_Completeren aanvraag,COMPLETE,2011-10-12 20:19:50.491000+00:00,2011-10-12 20:28:22.591000+00:00,176563,BP,41
2548,176569_A_SUBMITTED_2548,A_SUBMITTED,COMPLETE,2011-10-12 20:26:38.490000+00:00,2011-10-12 20:26:38.490000+00:00,176569,AA,0
2549,176569_A_PARTLYSUBMITTED_2549,A_PARTLYSUBMITTED,COMPLETE,2011-10-12 20:26:38.686000+00:00,2011-10-12 20:26:38.686000+00:00,176569,AA,0
2550,176569_A_DECLINED_2550,A_DECLINED,COMPLETE,2011-10-13 09:00:14.316000+00:00,2011-10-13 09:00:14.316000+00:00,176569,BS,44
2551,176569_W_Afhandelen leads_2551,W_Afhandelen leads,COMPLETE,2011-10-13 08:55:44.230000+00:00,2011-10-13 09:00:17.743000+00:00,176569,BS,44
2552,176581_A_SUBMITTED_2552,A_SUBMITTED,COMPLETE,2011-10-12 20:37:09.088000+00:00,2011-10-12 20:37:09.088000+00:00,176581,AA,0
2553,176581_A_PARTLYSUBMITTED_2553,A_PARTLYSUBMITTED,COMPLETE,2011-10-12 20:37:09.186000+00:00,2011-10-12 20:37:09.186000+00:00,176581,AA,0
2554,176581_A_PREACCEPTED_2554,A_PREACCEPTED,COMPLETE,2011-10-12 20:38:27.815000+00:00,2011-10-12 20:38:27.815000+00:00,176581,AA,0
2555,176581_A_ACCEPTED_2555,A_ACCEPTED,COMPLETE,2011-10-12 20:52:20.323000+00:00,2011-10-12 20:52:20.323000+00:00,176581,BP,41
2556,176581_O_SELECTED_2556,O_SELECTED,COMPLETE,2011-10-12 20:53:47.755000+00:00,2011-10-12 20:53:47.755000+00:00,176581,BP,41
2557,176581_A_FINALIZED_2557,A_FINALIZED,COMPLETE,2011-10-12 20:53:47.756000+00:00,2011-10-12 20:53:47.756000+00:00,176581,BP,41
2558,176581_O_CREATED_2558,O_CREATED,COMPLETE,2011-10-12 20:53:48.527000+00:00,2011-10-12 20:53:48.527000+00:00,176581,BP,41
2559,176581_O_SENT_2559,O_SENT,COMPLETE,2011-10-12 20:53:48.554000+00:00,2011-10-12 20:53:48.554000+00:00,176581,BP,41
2560,176581_W_Completeren aanvraag_2560,W_Completeren aanvraag,COMPLETE,2011-10-12 20:46:44.634000+00:00,2011-10-12 20:53:49.935000+00:00,176581,BP,41
2561,176581_W_Nabellen offertes_2561,W_Nabellen offertes,COMPLETE,2011-10-19 12:36:04.303000+00:00,2011-10-19 12:38:24.047000+00:00,176581,BQ,42
2562,176581_W_Nabellen offertes_2562,W_Nabellen offertes,COMPLETE,2011-10-20 20:19:53.489000+00:00,2011-10-20 20:20:16.257000+00:00,176581,AL,11
2563,176581_W_Nabellen offertes_2563,W_Nabellen offertes,COMPLETE,2011-10-21 19:43:01.638000+00:00,2011-10-21 19:44:10.509000+00:00,176581,BT,45
2564,176581_W_Nabellen offertes_2564,W_Nabellen offertes,COMPLETE,2011-10-21 19:48:39.979000+00:00,2011-10-21 19:50:50.268000+00:00,176581,BT,45
2577,176587_A_SUBMITTED_2577,A_SUBMITTED,COMPLETE,2011-10-12 20:49:39.853000+00:00,2011-10-12 20:49:39.853000+00:00,176587,AA,0
2578,176587_A_PARTLYSUBMITTED_2578,A_PARTLYSUBMITTED,COMPLETE,2011-10-12 20:49:40.006000+00:00,2011-10-12 20:49:40.006000+00:00,176587,AA,0
2579,176587_A_DECLINED_2579,A_DECLINED,COMPLETE,2011-10-12 20:50:16.952000+00:00,2011-10-12 20:50:16.952000+00:00,176587,AA,0
2580,176593_A_SUBMITTED_2580,A_SUBMITTED,COMPLETE,2011-10-12 21:51:32.180000+00:00,2011-10-12 21:51:32.180000+00:00,176593,AA,0
2581,176593_A_PARTLYSUBMITTED_2581,A_PARTLYSUBMITTED,COMPLETE,2011-10-12 21:51:32.329000+00:00,2011-10-12 21:51:32.329000+00:00,176593,AA,0
2582,176593_A_PREACCEPTED_2582,A_PREACCEPTED,COMPLETE,2011-10-12 21:52:07.904000+00:00,2011-10-12 21:52:07.904000+00:00,176593,AA,0
2583,176593_A_ACCEPTED_2583,A_ACCEPTED,COMPLETE,2011-10-13 09:52:32.933000+00:00,2011-10-13 09:52:32.933000+00:00,176593,AQ,16
2584,176593_O_SELECTED_2584,O_SELECTED,COMPLETE,2011-10-13 09:56:08.032000+00:00,2011-10-13 09:56:08.032000+00:00,176593,AQ,16
2585,176593_A_FINALIZED_2585,A_FINALIZED,COMPLETE,2011-10-13 09:56:08.032000+00:00,2011-10-13 09:56:08.032000+00:00,176593,AQ,16
2586,176593_O_CREATED_2586,O_CREATED,COMPLETE,2011-10-13 09:56:08.951000+00:00,2011-10-13 09:56:08.951000+00:00,176593,AQ,16
2587,176593_O_SENT_2587,O_SENT,COMPLETE,2011-10-13 09:56:08.986000+00:00,2011-10-13 09:56:08.986000+00:00,176593,AQ,16
2588,176593_W_Completeren aanvraag_2588,W_Completeren aanvraag,COMPLETE,2011-10-13 09:39:54.339000+00:00,2011-10-13 09:56:11.092000+00:00,176593,AQ,16
2589,176593_W_Nabellen offertes_2589,W_Nabellen offertes,COMPLETE,2011-10-13 09:56:19.615000+00:00,2011-10-13 09:57:40.163000+00:00,176593,AQ,16
2590,176593_W_Nabellen offertes_2590,W_Nabellen offertes,COMPLETE,2011-10-18 10:14:37.004000+00:00,2011-10-18 10:19:54.573000+00:00,176593,BJ,35
2591,176593_W_Nabellen offertes_2591,W_Nabellen offertes,COMPLETE,2011-10-18 19:42:43.777000+00:00,2011-10-18 19:42:44.955000+00:00,176593,BC,28
2592,176593_W_Nabellen offertes_2592,W_Nabellen offertes,COMPLETE,2011-10-18 19:43:01.399000+00:00,2011-10-18 19:43:52.293000+00:00,176593,BC,28
2593,176593_O_SENT_BACK_2593,O_SENT_BACK,COMPLETE,2011-10-21 10:22:33.069000+00:00,2011-10-21 10:22:33.069000+00:00,176593,AI,8
2594,176593_W_Nabellen offertes_2594,W_Nabellen offertes,COMPLETE,2011-10-21 10:22:17.579000+00:00,2011-10-21 10:22:34.521000+00:00,176593,AI,8
2601,176599_A_SUBMITTED_2601,A_SUBMITTED,COMPLETE,2011-10-12 22:09:48.297000+00:00,2011-10-12 22:09:48.297000+00:00,176599,AA,0
2602,176599_A_PARTLYSUBMITTED_2602,A_PARTLYSUBMITTED,COMPLETE,2011-10-12 22:09:48.490000+00:00,2011-10-12 22:09:48.490000+00:00,176599,AA,0
2603,176599_W_Beoordelen fraude_2603,W_Beoordelen fraude,COMPLETE,2011-10-13 11:54:26.679000+00:00,2011-10-13 11:54:32.345000+00:00,176599,AD,3
2604,176599_A_DECLINED_2604,A_DECLINED,COMPLETE,2011-10-13 14:50:07.300000+00:00,2011-10-13 14:50:07.300000+00:00,176599,AD,3
2605,176599_W_Beoordelen fraude_2605,W_Beoordelen fraude,COMPLETE,2011-10-13 14:49:58.977000+00:00,2011-10-13 14:50:09.622000+00:00,176599,AD,3
2606,176605_A_SUBMITTED_2606,A_SUBMITTED,COMPLETE,2011-10-12 22:18:58.058000+00:00,2011-10-12 22:18:58.058000+00:00,176605,AA,0
2607,176605_A_PARTLYSUBMITTED_2607,A_PARTLYSUBMITTED,COMPLETE,2011-10-12 22:18:58.167000+00:00,2011-10-12 22:18:58.167000+00:00,176605,AA,0
2608,176605_A_PREACCEPTED_2608,A_PREACCEPTED,COMPLETE,2011-10-12 22:19:28.748000+00:00,2011-10-12 22:19:28.748000+00:00,176605,AA,0
2609,176605_A_DECLINED_2609,A_DECLINED,COMPLETE,2011-10-13 10:13:29.182000+00:00,2011-10-13 10:13:29.182000+00:00,176605,AQ,16
2610,176605_W_Completeren aanvraag_2610,W_Completeren aanvraag,COMPLETE,2011-10-13 10:09:57.519000+00:00,2011-10-13 10:13:32.327000+00:00,176605,AQ,16
2611,176629_A_SUBMITTED_2611,A_SUBMITTED,COMPLETE,2011-10-13 00:41:38.529000+00:00,2011-10-13 00:41:38.529000+00:00,176629,AA,0
2612,176629_A_PARTLYSUBMITTED_2612,A_PARTLYSUBMITTED,COMPLETE,2011-10-13 00:41:38.695000+00:00,2011-10-13 00:41:38.695000+00:00,176629,AA,0
2613,176629_A_DECLINED_2613,A_DECLINED,COMPLETE,2011-10-13 00:42:30.570000+00:00,2011-10-13 00:42:30.570000+00:00,176629,AA,0
2614,176635_A_SUBMITTED_2614,A_SUBMITTED,COMPLETE,2011-10-13 01:50:30.153000+00:00,2011-10-13 01:50:30.153000+00:00,176635,AA,0
2615,176635_A_PARTLYSUBMITTED_2615,A_PARTLYSUBMITTED,COMPLETE,2011-10-13 01:50:30.357000+00:00,2011-10-13 01:50:30.357000+00:00,176635,AA,0
2616,176635_A_DECLINED_2616,A_DECLINED,COMPLETE,2011-10-13 01:51:13.680000+00:00,2011-10-13 01:51:13.680000+00:00,176635,AA,0
2617,176645_A_SUBMITTED_2617,A_SUBMITTED,COMPLETE,2011-10-13 09:08:41.337000+00:00,2011-10-13 09:08:41.337000+00:00,176645,AA,0
2618,176645_A_PARTLYSUBMITTED_2618,A_PARTLYSUBMITTED,COMPLETE,2011-10-13 09:08:42.140000+00:00,2011-10-13 09:08:42.140000+00:00,176645,AA,0
2619,176645_A_DECLINED_2619,A_DECLINED,COMPLETE,2011-10-13 09:13:36.849000+00:00,2011-10-13 09:13:36.849000+00:00,176645,BS,44
2620,176645_W_Afhandelen leads_2620,W_Afhandelen leads,COMPLETE,2011-10-13 09:10:04.308000+00:00,2011-10-13 09:13:41.049000+00:00,176645,BS,44
2621,176654_A_SUBMITTED_2621,A_SUBMITTED,COMPLETE,2011-10-13 10:30:13.353000+00:00,2011-10-13 10:30:13.353000+00:00,176654,AA,0
2622,176654_A_PARTLYSUBMITTED_2622,A_PARTLYSUBMITTED,COMPLETE,2011-10-13 10:30:14.283000+00:00,2011-10-13 10:30:14.283000+00:00,176654,AA,0
2623,176654_A_DECLINED_2623,A_DECLINED,COMPLETE,2011-10-13 10:30:48.400000+00:00,2011-10-13 10:30:48.400000+00:00,176654,AA,0
2624,176660_A_SUBMITTED_2624,A_SUBMITTED,COMPLETE,2011-10-13 11:17:03.666000+00:00,2011-10-13 11:17:03.666000+00:00,176660,AA,0
2625,176660_A_PARTLYSUBMITTED_2625,A_PARTLYSUBMITTED,COMPLETE,2011-10-13 11:17:04.704000+00:00,2011-10-13 11:17:04.704000+00:00,176660,AA,0
2626,176660_A_DECLINED_2626,A_DECLINED,COMPLETE,2011-10-13 11:18:00.140000+00:00,2011-10-13 11:18:00.140000+00:00,176660,AA,0
2627,176681_A_SUBMITTED_2627,A_SUBMITTED,COMPLETE,2011-10-13 12:17:12.589000+00:00,2011-10-13 12:17:12.589000+00:00,176681,AA,0
2628,176681_A_PARTLYSUBMITTED_2628,A_PARTLYSUBMITTED,COMPLETE,2011-10-13 12:17:13.321000+00:00,2011-10-13 12:17:13.321000+00:00,176681,AA,0
2629,176681_A_DECLINED_2629,A_DECLINED,COMPLETE,2011-10-13 12:17:16.281000+00:00,2011-10-13 12:17:16.281000+00:00,176681,AA,0
2630,176693_A_SUBMITTED_2630,A_SUBMITTED,COMPLETE,2011-10-13 13:40:11.812000+00:00,2011-10-13 13:40:11.812000+00:00,176693,AA,0
2631,176693_A_PARTLYSUBMITTED_2631,A_PARTLYSUBMITTED,COMPLETE,2011-10-13 13:40:12.963000+00:00,2011-10-13 13:40:12.963000+00:00,176693,AA,0
2632,176693_A_DECLINED_2632,A_DECLINED,COMPLETE,2011-10-13 13:40:51.375000+00:00,2011-10-13 13:40:51.375000+00:00,176693,AA,0
2633,176720_A_SUBMITTED_2633,A_SUBMITTED,COMPLETE,2011-10-13 15:14:06.847000+00:00,2011-10-13 15:14:06.847000+00:00,176720,AA,0
2634,176720_A_PARTLYSUBMITTED_2634,A_PARTLYSUBMITTED,COMPLETE,2011-10-13 15:14:07.344000+00:00,2011-10-13 15:14:07.344000+00:00,176720,AA,0
2635,176720_A_DECLINED_2635,A_DECLINED,COMPLETE,2011-10-13 15:14:47.317000+00:00,2011-10-13 15:14:47.317000+00:00,176720,AA,0
2636,176729_A_SUBMITTED_2636,A_SUBMITTED,COMPLETE,2011-10-13 15:55:55.047000+00:00,2011-10-13 15:55:55.047000+00:00,176729,AA,0
2637,176729_A_PARTLYSUBMITTED_2637,A_PARTLYSUBMITTED,COMPLETE,2011-10-13 15:55:55.838000+00:00,2011-10-13 15:55:55.838000+00:00,176729,AA,0
2638,176729_A_PREACCEPTED_2638,A_PREACCEPTED,COMPLETE,2011-10-13 16:00:25.986000+00:00,2011-10-13 16:00:25.986000+00:00,176729,BN,39
2639,176729_W_Afhandelen leads_2639,W_Afhandelen leads,COMPLETE,2011-10-13 15:56:22.676000+00:00,2011-10-13 16:00:26.966000+00:00,176729,BN,39
2640,176729_A_ACCEPTED_2640,A_ACCEPTED,COMPLETE,2011-10-13 16:01:55.925000+00:00,2011-10-13 16:01:55.925000+00:00,176729,BN,39
2641,176729_O_SELECTED_2641,O_SELECTED,COMPLETE,2011-10-13 16:07:13.416000+00:00,2011-10-13 16:07:13.416000+00:00,176729,BN,39
2642,176729_A_FINALIZED_2642,A_FINALIZED,COMPLETE,2011-10-13 16:07:13.417000+00:00,2011-10-13 16:07:13.417000+00:00,176729,BN,39
2643,176729_O_CREATED_2643,O_CREATED,COMPLETE,2011-10-13 16:07:15.027000+00:00,2011-10-13 16:07:15.027000+00:00,176729,BN,39
2644,176729_O_SENT_2644,O_SENT,COMPLETE,2011-10-13 16:07:15.065000+00:00,2011-10-13 16:07:15.065000+00:00,176729,BN,39
2645,176729_W_Completeren aanvraag_2645,W_Completeren aanvraag,COMPLETE,2011-10-13 16:00:37.595000+00:00,2011-10-13 16:07:16.288000+00:00,176729,BN,39
2646,176729_W_Nabellen offertes_2646,W_Nabellen offertes,COMPLETE,2011-10-13 16:07:27.317000+00:00,2011-10-13 16:48:04.521000+00:00,176729,BN,39
2647,176729_W_Nabellen offertes_2647,W_Nabellen offertes,COMPLETE,2011-10-19 19:59:46.043000+00:00,2011-10-19 19:59:54.154000+00:00,176729,BN,39
2648,176729_W_Nabellen offertes_2648,W_Nabellen offertes,COMPLETE,2011-10-20 20:35:31.561000+00:00,2011-10-20 20:37:11.372000+00:00,176729,AU,20
2650,176729_W_Nabellen offertes_2650,W_Nabellen offertes,COMPLETE,2011-10-24 20:33:40.398000+00:00,2011-10-24 20:37:14.257000+00:00,176729,BQ,42
2654,176732_A_SUBMITTED_2654,A_SUBMITTED,COMPLETE,2011-10-13 16:18:37.853000+00:00,2011-10-13 16:18:37.853000+00:00,176732,AA,0
2655,176732_A_PARTLYSUBMITTED_2655,A_PARTLYSUBMITTED,COMPLETE,2011-10-13 16:18:38.368000+00:00,2011-10-13 16:18:38.368000+00:00,176732,AA,0
2656,176732_A_DECLINED_2656,A_DECLINED,COMPLETE,2011-10-13 16:19:22.656000+00:00,2011-10-13 16:19:22.656000+00:00,176732,AA,0
2657,176735_A_SUBMITTED_2657,A_SUBMITTED,COMPLETE,2011-10-13 16:21:55.336000+00:00,2011-10-13 16:21:55.336000+00:00,176735,AA,0
2658,176735_A_PARTLYSUBMITTED_2658,A_PARTLYSUBMITTED,COMPLETE,2011-10-13 16:21:55.919000+00:00,2011-10-13 16:21:55.919000+00:00,176735,AA,0
2659,176735_A_PREACCEPTED_2659,A_PREACCEPTED,COMPLETE,2011-10-13 16:22:40.489000+00:00,2011-10-13 16:22:40.489000+00:00,176735,AA,0
2660,176735_A_ACCEPTED_2660,A_ACCEPTED,COMPLETE,2011-10-13 16:26:08.899000+00:00,2011-10-13 16:26:08.899000+00:00,176735,AQ,16
2661,176735_A_FINALIZED_2661,A_FINALIZED,COMPLETE,2011-10-13 16:29:35.947000+00:00,2011-10-13 16:29:35.947000+00:00,176735,AQ,16
2662,176735_O_SELECTED_2662,O_SELECTED,COMPLETE,2011-10-13 16:29:35.947000+00:00,2011-10-13 16:29:35.947000+00:00,176735,AQ,16
2663,176735_O_CREATED_2663,O_CREATED,COMPLETE,2011-10-13 16:29:37.101000+00:00,2011-10-13 16:29:37.101000+00:00,176735,AQ,16
2664,176735_O_SENT_2664,O_SENT,COMPLETE,2011-10-13 16:29:37.126000+00:00,2011-10-13 16:29:37.126000+00:00,176735,AQ,16
2665,176735_W_Completeren aanvraag_2665,W_Completeren aanvraag,COMPLETE,2011-10-13 16:22:51.937000+00:00,2011-10-13 16:29:38.388000+00:00,176735,AQ,16
2666,176735_W_Nabellen offertes_2666,W_Nabellen offertes,COMPLETE,2011-10-13 16:29:49.023000+00:00,2011-10-13 16:31:18.542000+00:00,176735,AQ,16
2667,176735_W_Nabellen offertes_2667,W_Nabellen offertes,COMPLETE,2011-10-19 20:49:06.199000+00:00,2011-10-19 20:49:18.016000+00:00,176735,BC,28
2668,176735_O_CANCELLED_2668,O_CANCELLED,COMPLETE,2011-10-20 20:32:21.733000+00:00,2011-10-20 20:32:21.733000+00:00,176735,AU,20
2669,176735_A_CANCELLED_2669,A_CANCELLED,COMPLETE,2011-10-20 20:32:21.733000+00:00,2011-10-20 20:32:21.733000+00:00,176735,AU,20
2670,176735_W_Nabellen offertes_2670,W_Nabellen offertes,COMPLETE,2011-10-20 20:30:03.449000+00:00,2011-10-20 20:32:24.518000+00:00,176735,AU,20
2671,176741_A_SUBMITTED_2671,A_SUBMITTED,COMPLETE,2011-10-13 16:22:58.117000+00:00,2011-10-13 16:22:58.117000+00:00,176741,AA,0
2672,176741_A_PARTLYSUBMITTED_2672,A_PARTLYSUBMITTED,COMPLETE,2011-10-13 16:22:58.550000+00:00,2011-10-13 16:22:58.550000+00:00,176741,AA,0
2673,176741_A_DECLINED_2673,A_DECLINED,COMPLETE,2011-10-13 16:23:30.494000+00:00,2011-10-13 16:23:30.494000+00:00,176741,AA,0
2674,176744_A_SUBMITTED_2674,A_SUBMITTED,COMPLETE,2011-10-13 16:28:29.335000+00:00,2011-10-13 16:28:29.335000+00:00,176744,AA,0
2675,176744_A_PARTLYSUBMITTED_2675,A_PARTLYSUBMITTED,COMPLETE,2011-10-13 16:28:29.965000+00:00,2011-10-13 16:28:29.965000+00:00,176744,AA,0
2676,176744_A_PREACCEPTED_2676,A_PREACCEPTED,COMPLETE,2011-10-13 16:29:42.099000+00:00,2011-10-13 16:29:42.099000+00:00,176744,AA,0
2677,176744_A_ACCEPTED_2677,A_ACCEPTED,COMPLETE,2011-10-13 16:34:12.807000+00:00,2011-10-13 16:34:12.807000+00:00,176744,BO,40
2678,176744_O_SELECTED_2678,O_SELECTED,COMPLETE,2011-10-13 16:37:44.581000+00:00,2011-10-13 16:37:44.581000+00:00,176744,BO,40
2679,176744_A_FINALIZED_2679,A_FINALIZED,COMPLETE,2011-10-13 16:37:44.581000+00:00,2011-10-13 16:37:44.581000+00:00,176744,BO,40
2680,176744_O_CREATED_2680,O_CREATED,COMPLETE,2011-10-13 16:37:45.691000+00:00,2011-10-13 16:37:45.691000+00:00,176744,BO,40
2681,176744_O_SENT_2681,O_SENT,COMPLETE,2011-10-13 16:37:45.731000+00:00,2011-10-13 16:37:45.731000+00:00,176744,BO,40
2682,176744_W_Completeren aanvraag_2682,W_Completeren aanvraag,COMPLETE,2011-10-13 16:29:55.619000+00:00,2011-10-13 16:37:47.605000+00:00,176744,BO,40
2683,176744_O_CANCELLED_2683,O_CANCELLED,COMPLETE,2011-10-20 20:34:59.446000+00:00,2011-10-20 20:34:59.446000+00:00,176744,AU,20
2684,176744_A_CANCELLED_2684,A_CANCELLED,COMPLETE,2011-10-20 20:34:59.446000+00:00,2011-10-20 20:34:59.446000+00:00,176744,AU,20
2685,176744_W_Nabellen offertes_2685,W_Nabellen offertes,COMPLETE,2011-10-20 20:32:37.989000+00:00,2011-10-20 20:35:01.293000+00:00,176744,AU,20
2686,176750_A_SUBMITTED_2686,A_SUBMITTED,COMPLETE,2011-10-13 16:44:16.373000+00:00,2011-10-13 16:44:16.373000+00:00,176750,AA,0
2687,176750_A_PARTLYSUBMITTED_2687,A_PARTLYSUBMITTED,COMPLETE,2011-10-13 16:44:16.790000+00:00,2011-10-13 16:44:16.790000+00:00,176750,AA,0
2688,176750_A_DECLINED_2688,A_DECLINED,COMPLETE,2011-10-13 17:18:00.361000+00:00,2011-10-13 17:18:00.361000+00:00,176750,BC,28
2689,176750_W_Afhandelen leads_2689,W_Afhandelen leads,COMPLETE,2011-10-13 17:17:19.562000+00:00,2011-10-13 17:18:03.505000+00:00,176750,BC,28
2690,176753_A_SUBMITTED_2690,A_SUBMITTED,COMPLETE,2011-10-13 16:45:01.116000+00:00,2011-10-13 16:45:01.116000+00:00,176753,AA,0
2691,176753_A_PARTLYSUBMITTED_2691,A_PARTLYSUBMITTED,COMPLETE,2011-10-13 16:45:01.585000+00:00,2011-10-13 16:45:01.585000+00:00,176753,AA,0
2692,176753_A_DECLINED_2692,A_DECLINED,COMPLETE,2011-10-13 16:45:50.300000+00:00,2011-10-13 16:45:50.300000+00:00,176753,AA,0
2693,176756_A_SUBMITTED_2693,A_SUBMITTED,COMPLETE,2011-10-13 16:57:37.211000+00:00,2011-10-13 16:57:37.211000+00:00,176756,AA,0
2694,176756_A_PARTLYSUBMITTED_2694,A_PARTLYSUBMITTED,COMPLETE,2011-10-13 16:57:37.969000+00:00,2011-10-13 16:57:37.969000+00:00,176756,AA,0
2695,176756_A_DECLINED_2695,A_DECLINED,COMPLETE,2011-10-13 16:58:15.093000+00:00,2011-10-13 16:58:15.093000+00:00,176756,AA,0
2696,176759_A_SUBMITTED_2696,A_SUBMITTED,COMPLETE,2011-10-13 16:57:46.323000+00:00,2011-10-13 16:57:46.323000+00:00,176759,AA,0
2697,176759_A_PARTLYSUBMITTED_2697,A_PARTLYSUBMITTED,COMPLETE,2011-10-13 16:57:46.977000+00:00,2011-10-13 16:57:46.977000+00:00,176759,AA,0
2698,176759_A_DECLINED_2698,A_DECLINED,COMPLETE,2011-10-13 17:20:23.680000+00:00,2011-10-13 17:20:23.680000+00:00,176759,BC,28
2699,176759_W_Afhandelen leads_2699,W_Afhandelen leads,COMPLETE,2011-10-13 17:18:06.429000+00:00,2011-10-13 17:20:27.026000+00:00,176759,BC,28
2700,176762_A_SUBMITTED_2700,A_SUBMITTED,COMPLETE,2011-10-13 17:07:42.227000+00:00,2011-10-13 17:07:42.227000+00:00,176762,AA,0
2701,176762_A_PARTLYSUBMITTED_2701,A_PARTLYSUBMITTED,COMPLETE,2011-10-13 17:07:42.689000+00:00,2011-10-13 17:07:42.689000+00:00,176762,AA,0
2702,176762_W_Afhandelen leads_2702,W_Afhandelen leads,COMPLETE,2011-10-13 17:20:31.021000+00:00,2011-10-13 17:53:56.105000+00:00,176762,BC,28
2703,176762_A_PREACCEPTED_2703,A_PREACCEPTED,COMPLETE,2011-10-13 19:10:12.951000+00:00,2011-10-13 19:10:12.951000+00:00,176762,BN,39
2704,176762_W_Afhandelen leads_2704,W_Afhandelen leads,COMPLETE,2011-10-13 19:05:24.966000+00:00,2011-10-13 19:10:13.995000+00:00,176762,BN,39
2705,176762_W_Completeren aanvraag_2705,W_Completeren aanvraag,COMPLETE,2011-10-13 19:16:22.696000+00:00,2011-10-13 19:16:27.062000+00:00,176762,BC,28
2706,176762_W_Completeren aanvraag_2706,W_Completeren aanvraag,COMPLETE,2011-10-13 20:26:50.157000+00:00,2011-10-13 20:27:56.335000+00:00,176762,BL,37
2707,176762_W_Completeren aanvraag_2707,W_Completeren aanvraag,COMPLETE,2011-10-13 20:34:35.322000+00:00,2011-10-13 20:37:02.481000+00:00,176762,BQ,42
2708,176762_A_ACCEPTED_2708,A_ACCEPTED,COMPLETE,2011-10-14 09:21:41.827000+00:00,2011-10-14 09:21:41.827000+00:00,176762,BO,40
2709,176762_A_DECLINED_2709,A_DECLINED,COMPLETE,2011-10-14 09:24:07.299000+00:00,2011-10-14 09:24:07.299000+00:00,176762,BO,40
2710,176762_W_Completeren aanvraag_2710,W_Completeren aanvraag,COMPLETE,2011-10-14 09:18:51.566000+00:00,2011-10-14 09:24:10.717000+00:00,176762,BO,40
2711,176768_A_SUBMITTED_2711,A_SUBMITTED,COMPLETE,2011-10-13 17:53:16.982000+00:00,2011-10-13 17:53:16.982000+00:00,176768,AA,0
2712,176768_A_PARTLYSUBMITTED_2712,A_PARTLYSUBMITTED,COMPLETE,2011-10-13 17:53:20.061000+00:00,2011-10-13 17:53:20.061000+00:00,176768,AA,0
2713,176768_A_PREACCEPTED_2713,A_PREACCEPTED,COMPLETE,2011-10-13 17:53:57.498000+00:00,2011-10-13 17:53:57.498000+00:00,176768,AA,0
2714,176768_A_ACCEPTED_2714,A_ACCEPTED,COMPLETE,2011-10-13 18:12:28.192000+00:00,2011-10-13 18:12:28.192000+00:00,176768,BL,37
2715,176768_O_SELECTED_2715,O_SELECTED,COMPLETE,2011-10-13 18:16:42.506000+00:00,2011-10-13 18:16:42.506000+00:00,176768,BL,37
2716,176768_A_FINALIZED_2716,A_FINALIZED,COMPLETE,2011-10-13 18:16:42.507000+00:00,2011-10-13 18:16:42.507000+00:00,176768,BL,37
2717,176768_O_CREATED_2717,O_CREATED,COMPLETE,2011-10-13 18:16:44.255000+00:00,2011-10-13 18:16:44.255000+00:00,176768,BL,37
2718,176768_O_SENT_2718,O_SENT,COMPLETE,2011-10-13 18:16:44.281000+00:00,2011-10-13 18:16:44.281000+00:00,176768,BL,37
2719,176768_W_Completeren aanvraag_2719,W_Completeren aanvraag,COMPLETE,2011-10-13 18:06:27.363000+00:00,2011-10-13 18:16:45.435000+00:00,176768,BL,37
2720,176768_W_Nabellen offertes_2720,W_Nabellen offertes,COMPLETE,2011-10-13 18:17:01.417000+00:00,2011-10-13 18:18:40.662000+00:00,176768,BL,37
2721,176768_W_Nabellen offertes_2721,W_Nabellen offertes,COMPLETE,2011-10-20 20:40:06.273000+00:00,2011-10-20 20:41:47.685000+00:00,176768,AL,11
2722,176768_W_Nabellen offertes_2722,W_Nabellen offertes,COMPLETE,2011-10-21 18:23:00.423000+00:00,2011-10-21 18:23:12.562000+00:00,176768,BT,45
2723,176768_W_Nabellen offertes_2723,W_Nabellen offertes,COMPLETE,2011-10-21 18:23:21.513000+00:00,2011-10-21 18:23:29.638000+00:00,176768,BT,45
2724,176768_W_Nabellen offertes_2724,W_Nabellen offertes,COMPLETE,2011-10-21 19:25:27.489000+00:00,2011-10-21 19:28:44.774000+00:00,176768,BT,45
2728,176774_A_SUBMITTED_2728,A_SUBMITTED,COMPLETE,2011-10-13 18:26:27.735000+00:00,2011-10-13 18:26:27.735000+00:00,176774,AA,0
2729,176774_A_PARTLYSUBMITTED_2729,A_PARTLYSUBMITTED,COMPLETE,2011-10-13 18:26:28.369000+00:00,2011-10-13 18:26:28.369000+00:00,176774,AA,0
2730,176774_A_DECLINED_2730,A_DECLINED,COMPLETE,2011-10-13 18:27:07.606000+00:00,2011-10-13 18:27:07.606000+00:00,176774,AA,0
2731,176777_A_SUBMITTED_2731,A_SUBMITTED,COMPLETE,2011-10-13 18:31:53.245000+00:00,2011-10-13 18:31:53.245000+00:00,176777,AA,0
2732,176777_A_PARTLYSUBMITTED_2732,A_PARTLYSUBMITTED,COMPLETE,2011-10-13 18:31:53.679000+00:00,2011-10-13 18:31:53.679000+00:00,176777,AA,0
2733,176777_A_DECLINED_2733,A_DECLINED,COMPLETE,2011-10-13 18:32:28.002000+00:00,2011-10-13 18:32:28.002000+00:00,176777,AA,0
2734,176780_A_SUBMITTED_2734,A_SUBMITTED,COMPLETE,2011-10-13 18:59:27.492000+00:00,2011-10-13 18:59:27.492000+00:00,176780,AA,0
2735,176780_A_PARTLYSUBMITTED_2735,A_PARTLYSUBMITTED,COMPLETE,2011-10-13 18:59:30.210000+00:00,2011-10-13 18:59:30.210000+00:00,176780,AA,0
2736,176780_A_PREACCEPTED_2736,A_PREACCEPTED,COMPLETE,2011-10-13 19:00:09.724000+00:00,2011-10-13 19:00:09.724000+00:00,176780,AA,0
2737,176780_W_Completeren aanvraag_2737,W_Completeren aanvraag,COMPLETE,2011-10-13 19:11:23.992000+00:00,2011-10-13 19:11:28.324000+00:00,176780,BN,39
2738,176780_W_Completeren aanvraag_2738,W_Completeren aanvraag,COMPLETE,2011-10-13 20:15:10.978000+00:00,2011-10-13 20:15:39.501000+00:00,176780,BL,37
2739,176780_W_Completeren aanvraag_2739,W_Completeren aanvraag,COMPLETE,2011-10-13 20:18:26.413000+00:00,2011-10-13 20:33:50.944000+00:00,176780,BQ,42
2743,176789_A_SUBMITTED_2743,A_SUBMITTED,COMPLETE,2011-10-13 19:09:45.255000+00:00,2011-10-13 19:09:45.255000+00:00,176789,AA,0
2744,176789_A_PARTLYSUBMITTED_2744,A_PARTLYSUBMITTED,COMPLETE,2011-10-13 19:09:46.125000+00:00,2011-10-13 19:09:46.125000+00:00,176789,AA,0
2745,176789_A_PREACCEPTED_2745,A_PREACCEPTED,COMPLETE,2011-10-13 19:10:35.399000+00:00,2011-10-13 19:10:35.399000+00:00,176789,AA,0
2746,176789_W_Completeren aanvraag_2746,W_Completeren aanvraag,COMPLETE,2011-10-13 19:10:49.047000+00:00,2011-10-13 19:16:16.889000+00:00,176789,BC,28
2747,176789_A_ACCEPTED_2747,A_ACCEPTED,COMPLETE,2011-10-13 19:18:51.196000+00:00,2011-10-13 19:18:51.196000+00:00,176789,BC,28
2748,176789_O_SELECTED_2748,O_SELECTED,COMPLETE,2011-10-13 19:19:09.061000+00:00,2011-10-13 19:19:09.061000+00:00,176789,BC,28
2749,176789_A_FINALIZED_2749,A_FINALIZED,COMPLETE,2011-10-13 19:19:09.061000+00:00,2011-10-13 19:19:09.061000+00:00,176789,BC,28
2750,176789_O_CREATED_2750,O_CREATED,COMPLETE,2011-10-13 19:19:11.007000+00:00,2011-10-13 19:19:11.007000+00:00,176789,BC,28
2751,176789_O_SENT_2751,O_SENT,COMPLETE,2011-10-13 19:19:11.040000+00:00,2011-10-13 19:19:11.040000+00:00,176789,BC,28
2752,176789_W_Completeren aanvraag_2752,W_Completeren aanvraag,COMPLETE,2011-10-13 19:16:31.547000+00:00,2011-10-13 19:19:12.320000+00:00,176789,BC,28
2753,176789_W_Nabellen offertes_2753,W_Nabellen offertes,COMPLETE,2011-10-13 20:43:52.724000+00:00,2011-10-13 20:48:04.080000+00:00,176789,BC,28
2754,176789_W_Nabellen offertes_2754,W_Nabellen offertes,COMPLETE,2011-10-13 20:58:23.968000+00:00,2011-10-13 21:03:25.216000+00:00,176789,BC,28
2755,176789_A_CANCELLED_2755,A_CANCELLED,COMPLETE,2011-10-17 09:38:49+00:00,2011-10-17 09:38:49+00:00,176789,BC,28
2756,176789_O_CANCELLED_2756,O_CANCELLED,COMPLETE,2011-10-17 09:38:49+00:00,2011-10-17 09:38:49+00:00,176789,BC,28
2757,176789_W_Nabellen offertes_2757,W_Nabellen offertes,COMPLETE,2011-10-17 09:37:53.673000+00:00,2011-10-17 09:38:51.828000+00:00,176789,BC,28
2758,176795_A_SUBMITTED_2758,A_SUBMITTED,COMPLETE,2011-10-13 19:22:40.423000+00:00,2011-10-13 19:22:40.423000+00:00,176795,AA,0
2759,176795_A_PARTLYSUBMITTED_2759,A_PARTLYSUBMITTED,COMPLETE,2011-10-13 19:22:41.036000+00:00,2011-10-13 19:22:41.036000+00:00,176795,AA,0
2760,176795_A_DECLINED_2760,A_DECLINED,COMPLETE,2011-10-13 19:23:14.787000+00:00,2011-10-13 19:23:14.787000+00:00,176795,AA,0
2761,176798_A_SUBMITTED_2761,A_SUBMITTED,COMPLETE,2011-10-13 19:28:23.257000+00:00,2011-10-13 19:28:23.257000+00:00,176798,AA,0
2762,176798_A_PARTLYSUBMITTED_2762,A_PARTLYSUBMITTED,COMPLETE,2011-10-13 19:28:23.647000+00:00,2011-10-13 19:28:23.647000+00:00,176798,AA,0
2763,176798_A_DECLINED_2763,A_DECLINED,COMPLETE,2011-10-13 19:29:05.298000+00:00,2011-10-13 19:29:05.298000+00:00,176798,AA,0
2764,176801_A_SUBMITTED_2764,A_SUBMITTED,COMPLETE,2011-10-13 19:31:01.814000+00:00,2011-10-13 19:31:01.814000+00:00,176801,AA,0
2765,176801_A_PARTLYSUBMITTED_2765,A_PARTLYSUBMITTED,COMPLETE,2011-10-13 19:31:02.240000+00:00,2011-10-13 19:31:02.240000+00:00,176801,AA,0
2766,176801_A_DECLINED_2766,A_DECLINED,COMPLETE,2011-10-13 19:31:36.314000+00:00,2011-10-13 19:31:36.314000+00:00,176801,AA,0
2767,176819_A_SUBMITTED_2767,A_SUBMITTED,COMPLETE,2011-10-13 20:43:57.028000+00:00,2011-10-13 20:43:57.028000+00:00,176819,AA,0
2768,176819_A_PARTLYSUBMITTED_2768,A_PARTLYSUBMITTED,COMPLETE,2011-10-13 20:43:58.598000+00:00,2011-10-13 20:43:58.598000+00:00,176819,AA,0
2769,176819_A_DECLINED_2769,A_DECLINED,COMPLETE,2011-10-13 20:44:46.621000+00:00,2011-10-13 20:44:46.621000+00:00,176819,AA,0
2770,176843_A_SUBMITTED_2770,A_SUBMITTED,COMPLETE,2011-10-13 22:01:12.124000+00:00,2011-10-13 22:01:12.124000+00:00,176843,AA,0
2771,176843_A_PARTLYSUBMITTED_2771,A_PARTLYSUBMITTED,COMPLETE,2011-10-13 22:01:12.634000+00:00,2011-10-13 22:01:12.634000+00:00,176843,AA,0
2772,176843_A_DECLINED_2772,A_DECLINED,COMPLETE,2011-10-14 13:50:48.929000+00:00,2011-10-14 13:50:48.929000+00:00,176843,BO,40
2773,176843_W_Afhandelen leads_2773,W_Afhandelen leads,COMPLETE,2011-10-14 13:37:50.687000+00:00,2011-10-14 13:50:53.117000+00:00,176843,BO,40
2774,176882_A_SUBMITTED_2774,A_SUBMITTED,COMPLETE,2011-10-14 08:39:04.751000+00:00,2011-10-14 08:39:04.751000+00:00,176882,AA,0
2775,176882_A_PARTLYSUBMITTED_2775,A_PARTLYSUBMITTED,COMPLETE,2011-10-14 08:39:04.998000+00:00,2011-10-14 08:39:04.998000+00:00,176882,AA,0
2776,176882_A_DECLINED_2776,A_DECLINED,COMPLETE,2011-10-14 08:39:44.478000+00:00,2011-10-14 08:39:44.478000+00:00,176882,AA,0
2777,176888_A_SUBMITTED_2777,A_SUBMITTED,COMPLETE,2011-10-14 08:53:04.800000+00:00,2011-10-14 08:53:04.800000+00:00,176888,AA,0
2778,176888_A_PARTLYSUBMITTED_2778,A_PARTLYSUBMITTED,COMPLETE,2011-10-14 08:53:05.262000+00:00,2011-10-14 08:53:05.262000+00:00,176888,AA,0
2779,176888_A_DECLINED_2779,A_DECLINED,COMPLETE,2011-10-14 13:51:06.357000+00:00,2011-10-14 13:51:06.357000+00:00,176888,BO,40
2780,176888_W_Afhandelen leads_2780,W_Afhandelen leads,COMPLETE,2011-10-14 13:39:58.342000+00:00,2011-10-14 13:51:10.833000+00:00,176888,BO,40
2781,176900_A_SUBMITTED_2781,A_SUBMITTED,COMPLETE,2011-10-14 09:56:21.004000+00:00,2011-10-14 09:56:21.004000+00:00,176900,AA,0
2782,176900_A_PARTLYSUBMITTED_2782,A_PARTLYSUBMITTED,COMPLETE,2011-10-14 09:56:21.569000+00:00,2011-10-14 09:56:21.569000+00:00,176900,AA,0
2783,176900_A_DECLINED_2783,A_DECLINED,COMPLETE,2011-10-14 09:56:59.624000+00:00,2011-10-14 09:56:59.624000+00:00,176900,AA,0
2784,176909_A_SUBMITTED_2784,A_SUBMITTED,COMPLETE,2011-10-14 10:14:38.884000+00:00,2011-10-14 10:14:38.884000+00:00,176909,AA,0
2785,176909_A_PARTLYSUBMITTED_2785,A_PARTLYSUBMITTED,COMPLETE,2011-10-14 10:14:39.488000+00:00,2011-10-14 10:14:39.488000+00:00,176909,AA,0
2786,176909_A_DECLINED_2786,A_DECLINED,COMPLETE,2011-10-14 15:29:25.783000+00:00,2011-10-14 15:29:25.783000+00:00,176909,AG,6
2787,176909_W_Afhandelen leads_2787,W_Afhandelen leads,COMPLETE,2011-10-14 15:27:03.764000+00:00,2011-10-14 15:29:29.313000+00:00,176909,AG,6
2788,176912_A_SUBMITTED_2788,A_SUBMITTED,COMPLETE,2011-10-14 10:35:10.472000+00:00,2011-10-14 10:35:10.472000+00:00,176912,AA,0
2789,176912_A_PARTLYSUBMITTED_2789,A_PARTLYSUBMITTED,COMPLETE,2011-10-14 10:35:10.912000+00:00,2011-10-14 10:35:10.912000+00:00,176912,AA,0
2790,176912_A_DECLINED_2790,A_DECLINED,COMPLETE,2011-10-14 10:36:03.762000+00:00,2011-10-14 10:36:03.762000+00:00,176912,AA,0
2791,176915_A_SUBMITTED_2791,A_SUBMITTED,COMPLETE,2011-10-14 10:50:23.750000+00:00,2011-10-14 10:50:23.750000+00:00,176915,AA,0
2792,176915_A_PARTLYSUBMITTED_2792,A_PARTLYSUBMITTED,COMPLETE,2011-10-14 10:50:24.194000+00:00,2011-10-14 10:50:24.194000+00:00,176915,AA,0
2793,176915_A_DECLINED_2793,A_DECLINED,COMPLETE,2011-10-14 10:51:06.752000+00:00,2011-10-14 10:51:06.752000+00:00,176915,AA,0
2794,176918_A_SUBMITTED_2794,A_SUBMITTED,COMPLETE,2011-10-14 11:01:59.481000+00:00,2011-10-14 11:01:59.481000+00:00,176918,AA,0
2795,176918_A_PARTLYSUBMITTED_2795,A_PARTLYSUBMITTED,COMPLETE,2011-10-14 11:01:59.874000+00:00,2011-10-14 11:01:59.874000+00:00,176918,AA,0
2796,176918_A_DECLINED_2796,A_DECLINED,COMPLETE,2011-10-14 11:02:37.867000+00:00,2011-10-14 11:02:37.867000+00:00,176918,AA,0
2797,176933_A_SUBMITTED_2797,A_SUBMITTED,COMPLETE,2011-10-14 12:21:15.366000+00:00,2011-10-14 12:21:15.366000+00:00,176933,AA,0
2798,176933_A_PARTLYSUBMITTED_2798,A_PARTLYSUBMITTED,COMPLETE,2011-10-14 12:21:18.968000+00:00,2011-10-14 12:21:18.968000+00:00,176933,AA,0
2799,176933_A_DECLINED_2799,A_DECLINED,COMPLETE,2011-10-14 15:28:52.880000+00:00,2011-10-14 15:28:52.880000+00:00,176933,BO,40
2800,176933_W_Afhandelen leads_2800,W_Afhandelen leads,COMPLETE,2011-10-14 15:28:22.424000+00:00,2011-10-14 15:28:56.046000+00:00,176933,BO,40
2801,176948_A_SUBMITTED_2801,A_SUBMITTED,COMPLETE,2011-10-14 13:08:24.767000+00:00,2011-10-14 13:08:24.767000+00:00,176948,AA,0
2802,176948_A_PARTLYSUBMITTED_2802,A_PARTLYSUBMITTED,COMPLETE,2011-10-14 13:08:25.083000+00:00,2011-10-14 13:08:25.083000+00:00,176948,AA,0
2803,176948_A_DECLINED_2803,A_DECLINED,COMPLETE,2011-10-14 13:09:00.355000+00:00,2011-10-14 13:09:00.355000+00:00,176948,AA,0
2804,176951_A_SUBMITTED_2804,A_SUBMITTED,COMPLETE,2011-10-14 13:08:43.727000+00:00,2011-10-14 13:08:43.727000+00:00,176951,AA,0
2805,176951_A_PARTLYSUBMITTED_2805,A_PARTLYSUBMITTED,COMPLETE,2011-10-14 13:08:44.157000+00:00,2011-10-14 13:08:44.157000+00:00,176951,AA,0
2806,176951_A_DECLINED_2806,A_DECLINED,COMPLETE,2011-10-14 13:09:22.089000+00:00,2011-10-14 13:09:22.089000+00:00,176951,AA,0
2807,176987_A_SUBMITTED_2807,A_SUBMITTED,COMPLETE,2011-10-14 15:02:49.970000+00:00,2011-10-14 15:02:49.970000+00:00,176987,AA,0
2808,176987_A_PARTLYSUBMITTED_2808,A_PARTLYSUBMITTED,COMPLETE,2011-10-14 15:02:50.408000+00:00,2011-10-14 15:02:50.408000+00:00,176987,AA,0
2809,176987_A_DECLINED_2809,A_DECLINED,COMPLETE,2011-10-14 15:03:38.877000+00:00,2011-10-14 15:03:38.877000+00:00,176987,AA,0
2810,176990_A_SUBMITTED_2810,A_SUBMITTED,COMPLETE,2011-10-14 15:07:21.195000+00:00,2011-10-14 15:07:21.195000+00:00,176990,AA,0
2811,176990_A_PARTLYSUBMITTED_2811,A_PARTLYSUBMITTED,COMPLETE,2011-10-14 15:07:21.525000+00:00,2011-10-14 15:07:21.525000+00:00,176990,AA,0
2812,176990_A_DECLINED_2812,A_DECLINED,COMPLETE,2011-10-14 15:07:59.669000+00:00,2011-10-14 15:07:59.669000+00:00,176990,AA,0
2813,176993_A_SUBMITTED_2813,A_SUBMITTED,COMPLETE,2011-10-14 15:24:54.268000+00:00,2011-10-14 15:24:54.268000+00:00,176993,AA,0
2814,176993_A_PARTLYSUBMITTED_2814,A_PARTLYSUBMITTED,COMPLETE,2011-10-14 15:24:54.739000+00:00,2011-10-14 15:24:54.739000+00:00,176993,AA,0
2815,176993_A_PREACCEPTED_2815,A_PREACCEPTED,COMPLETE,2011-10-14 15:53:47.545000+00:00,2011-10-14 15:53:47.545000+00:00,176993,BO,40
2816,176993_W_Afhandelen leads_2816,W_Afhandelen leads,COMPLETE,2011-10-14 15:52:27.528000+00:00,2011-10-14 15:53:49.013000+00:00,176993,BO,40
2817,176993_A_DECLINED_2817,A_DECLINED,COMPLETE,2011-10-14 16:24:35.341000+00:00,2011-10-14 16:24:35.341000+00:00,176993,BT,45
2818,176993_W_Completeren aanvraag_2818,W_Completeren aanvraag,COMPLETE,2011-10-14 16:14:09.501000+00:00,2011-10-14 16:24:38.673000+00:00,176993,BT,45
2819,176999_A_SUBMITTED_2819,A_SUBMITTED,COMPLETE,2011-10-14 15:26:19.937000+00:00,2011-10-14 15:26:19.937000+00:00,176999,AA,0
2820,176999_A_PARTLYSUBMITTED_2820,A_PARTLYSUBMITTED,COMPLETE,2011-10-14 15:26:20.192000+00:00,2011-10-14 15:26:20.192000+00:00,176999,AA,0
2821,176999_A_DECLINED_2821,A_DECLINED,COMPLETE,2011-10-14 15:27:07.542000+00:00,2011-10-14 15:27:07.542000+00:00,176999,AA,0
2822,177017_A_SUBMITTED_2822,A_SUBMITTED,COMPLETE,2011-10-14 16:37:58.048000+00:00,2011-10-14 16:37:58.048000+00:00,177017,AA,0
2823,177017_A_PARTLYSUBMITTED_2823,A_PARTLYSUBMITTED,COMPLETE,2011-10-14 16:37:58.452000+00:00,2011-10-14 16:37:58.452000+00:00,177017,AA,0
2824,177017_A_DECLINED_2824,A_DECLINED,COMPLETE,2011-10-14 16:38:42.867000+00:00,2011-10-14 16:38:42.867000+00:00,177017,AA,0
2825,177020_A_SUBMITTED_2825,A_SUBMITTED,COMPLETE,2011-10-14 16:57:46.161000+00:00,2011-10-14 16:57:46.161000+00:00,177020,AA,0
2826,177020_A_PARTLYSUBMITTED_2826,A_PARTLYSUBMITTED,COMPLETE,2011-10-14 16:57:46.390000+00:00,2011-10-14 16:57:46.390000+00:00,177020,AA,0
2827,177020_A_DECLINED_2827,A_DECLINED,COMPLETE,2011-10-14 16:58:20.712000+00:00,2011-10-14 16:58:20.712000+00:00,177020,AA,0
2828,177026_A_SUBMITTED_2828,A_SUBMITTED,COMPLETE,2011-10-14 17:43:51.707000+00:00,2011-10-14 17:43:51.707000+00:00,177026,AA,0
2829,177026_A_PARTLYSUBMITTED_2829,A_PARTLYSUBMITTED,COMPLETE,2011-10-14 17:43:52.439000+00:00,2011-10-14 17:43:52.439000+00:00,177026,AA,0
2830,177026_A_DECLINED_2830,A_DECLINED,COMPLETE,2011-10-14 19:30:46.750000+00:00,2011-10-14 19:30:46.750000+00:00,177026,AG,6
2831,177026_W_Afhandelen leads_2831,W_Afhandelen leads,COMPLETE,2011-10-14 19:29:30.601000+00:00,2011-10-14 19:30:50.717000+00:00,177026,AG,6
2832,177032_A_SUBMITTED_2832,A_SUBMITTED,COMPLETE,2011-10-14 17:46:56.375000+00:00,2011-10-14 17:46:56.375000+00:00,177032,AA,0
2833,177032_A_PARTLYSUBMITTED_2833,A_PARTLYSUBMITTED,COMPLETE,2011-10-14 17:46:56.826000+00:00,2011-10-14 17:46:56.826000+00:00,177032,AA,0
2834,177032_A_DECLINED_2834,A_DECLINED,COMPLETE,2011-10-14 19:30:42.186000+00:00,2011-10-14 19:30:42.186000+00:00,177032,AS,18
2835,177032_W_Afhandelen leads_2835,W_Afhandelen leads,COMPLETE,2011-10-14 19:23:33.911000+00:00,2011-10-14 19:30:45.598000+00:00,177032,AS,18
2836,177035_A_SUBMITTED_2836,A_SUBMITTED,COMPLETE,2011-10-14 18:03:48.117000+00:00,2011-10-14 18:03:48.117000+00:00,177035,AA,0
2837,177035_A_PARTLYSUBMITTED_2837,A_PARTLYSUBMITTED,COMPLETE,2011-10-14 18:03:48.510000+00:00,2011-10-14 18:03:48.510000+00:00,177035,AA,0
2838,177035_A_PREACCEPTED_2838,A_PREACCEPTED,COMPLETE,2011-10-14 18:05:42.888000+00:00,2011-10-14 18:05:42.888000+00:00,177035,AT,19
2839,177035_W_Afhandelen leads_2839,W_Afhandelen leads,COMPLETE,2011-10-14 18:04:15.521000+00:00,2011-10-14 18:05:44.255000+00:00,177035,AT,19
2840,177035_A_DECLINED_2840,A_DECLINED,COMPLETE,2011-10-14 18:12:03.484000+00:00,2011-10-14 18:12:03.484000+00:00,177035,AT,19
2841,177035_W_Completeren aanvraag_2841,W_Completeren aanvraag,COMPLETE,2011-10-14 18:06:02.272000+00:00,2011-10-14 18:12:07.779000+00:00,177035,AT,19
2842,177041_A_SUBMITTED_2842,A_SUBMITTED,COMPLETE,2011-10-14 18:25:00.909000+00:00,2011-10-14 18:25:00.909000+00:00,177041,AA,0
2843,177041_A_PARTLYSUBMITTED_2843,A_PARTLYSUBMITTED,COMPLETE,2011-10-14 18:25:01.140000+00:00,2011-10-14 18:25:01.140000+00:00,177041,AA,0
2844,177041_A_DECLINED_2844,A_DECLINED,COMPLETE,2011-10-14 18:25:33.508000+00:00,2011-10-14 18:25:33.508000+00:00,177041,AA,0
2845,177047_A_SUBMITTED_2845,A_SUBMITTED,COMPLETE,2011-10-14 18:44:50.243000+00:00,2011-10-14 18:44:50.243000+00:00,177047,AA,0
2846,177047_A_PARTLYSUBMITTED_2846,A_PARTLYSUBMITTED,COMPLETE,2011-10-14 18:44:50.675000+00:00,2011-10-14 18:44:50.675000+00:00,177047,AA,0
2847,177047_A_DECLINED_2847,A_DECLINED,COMPLETE,2011-10-14 19:17:30.965000+00:00,2011-10-14 19:17:30.965000+00:00,177047,AS,18
2848,177047_W_Afhandelen leads_2848,W_Afhandelen leads,COMPLETE,2011-10-14 19:15:48.376000+00:00,2011-10-14 19:17:34.656000+00:00,177047,AS,18
2849,177050_A_SUBMITTED_2849,A_SUBMITTED,COMPLETE,2011-10-14 19:17:52.320000+00:00,2011-10-14 19:17:52.320000+00:00,177050,AA,0
2850,177050_A_PARTLYSUBMITTED_2850,A_PARTLYSUBMITTED,COMPLETE,2011-10-14 19:17:53.290000+00:00,2011-10-14 19:17:53.290000+00:00,177050,AA,0
2851,177050_A_DECLINED_2851,A_DECLINED,COMPLETE,2011-10-14 19:18:26.285000+00:00,2011-10-14 19:18:26.285000+00:00,177050,AA,0
2852,177056_A_SUBMITTED_2852,A_SUBMITTED,COMPLETE,2011-10-14 19:29:08.608000+00:00,2011-10-14 19:29:08.608000+00:00,177056,AA,0
2853,177056_A_PARTLYSUBMITTED_2853,A_PARTLYSUBMITTED,COMPLETE,2011-10-14 19:29:08.838000+00:00,2011-10-14 19:29:08.838000+00:00,177056,AA,0
2854,177056_A_DECLINED_2854,A_DECLINED,COMPLETE,2011-10-14 19:29:44.221000+00:00,2011-10-14 19:29:44.221000+00:00,177056,AA,0
2855,177059_A_SUBMITTED_2855,A_SUBMITTED,COMPLETE,2011-10-14 19:39:00.663000+00:00,2011-10-14 19:39:00.663000+00:00,177059,AA,0
2856,177059_A_PARTLYSUBMITTED_2856,A_PARTLYSUBMITTED,COMPLETE,2011-10-14 19:39:00.965000+00:00,2011-10-14 19:39:00.965000+00:00,177059,AA,0
2857,177059_A_PREACCEPTED_2857,A_PREACCEPTED,COMPLETE,2011-10-14 19:39:34.791000+00:00,2011-10-14 19:39:34.791000+00:00,177059,AA,0
2858,177059_W_Completeren aanvraag_2858,W_Completeren aanvraag,COMPLETE,2011-10-14 19:47:24.558000+00:00,2011-10-14 19:50:45.170000+00:00,177059,AS,18
2861,177059_A_CANCELLED_2861,A_CANCELLED,COMPLETE,2011-10-17 20:14:09.865000+00:00,2011-10-17 20:14:09.865000+00:00,177059,BQ,42
2862,177059_W_Completeren aanvraag_2862,W_Completeren aanvraag,COMPLETE,2011-10-17 20:00:10.805000+00:00,2011-10-17 20:14:11.967000+00:00,177059,BQ,42
2863,177062_A_SUBMITTED_2863,A_SUBMITTED,COMPLETE,2011-10-14 20:03:57.835000+00:00,2011-10-14 20:03:57.835000+00:00,177062,AA,0
2864,177062_A_PARTLYSUBMITTED_2864,A_PARTLYSUBMITTED,COMPLETE,2011-10-14 20:03:58.301000+00:00,2011-10-14 20:03:58.301000+00:00,177062,AA,0
2865,177062_A_DECLINED_2865,A_DECLINED,COMPLETE,2011-10-14 20:54:25.337000+00:00,2011-10-14 20:54:25.337000+00:00,177062,AT,19
2866,177062_W_Afhandelen leads_2866,W_Afhandelen leads,COMPLETE,2011-10-14 20:54:11.290000+00:00,2011-10-14 20:54:28.992000+00:00,177062,AT,19
2867,177065_A_SUBMITTED_2867,A_SUBMITTED,COMPLETE,2011-10-14 20:18:21.081000+00:00,2011-10-14 20:18:21.081000+00:00,177065,AA,0
2868,177065_A_PARTLYSUBMITTED_2868,A_PARTLYSUBMITTED,COMPLETE,2011-10-14 20:18:21.332000+00:00,2011-10-14 20:18:21.332000+00:00,177065,AA,0
2869,177065_A_DECLINED_2869,A_DECLINED,COMPLETE,2011-10-14 20:55:38.044000+00:00,2011-10-14 20:55:38.044000+00:00,177065,AT,19
2870,177065_W_Afhandelen leads_2870,W_Afhandelen leads,COMPLETE,2011-10-14 20:54:31.595000+00:00,2011-10-14 20:55:41.741000+00:00,177065,AT,19
2871,177071_A_SUBMITTED_2871,A_SUBMITTED,COMPLETE,2011-10-14 20:24:57.686000+00:00,2011-10-14 20:24:57.686000+00:00,177071,AA,0
2872,177071_A_PARTLYSUBMITTED_2872,A_PARTLYSUBMITTED,COMPLETE,2011-10-14 20:24:58.007000+00:00,2011-10-14 20:24:58.007000+00:00,177071,AA,0
2873,177071_A_DECLINED_2873,A_DECLINED,COMPLETE,2011-10-14 20:25:31.663000+00:00,2011-10-14 20:25:31.663000+00:00,177071,AA,0
2874,177074_A_SUBMITTED_2874,A_SUBMITTED,COMPLETE,2011-10-14 20:26:22.801000+00:00,2011-10-14 20:26:22.801000+00:00,177074,AA,0
2875,177074_A_PARTLYSUBMITTED_2875,A_PARTLYSUBMITTED,COMPLETE,2011-10-14 20:26:23.068000+00:00,2011-10-14 20:26:23.068000+00:00,177074,AA,0
2876,177074_A_DECLINED_2876,A_DECLINED,COMPLETE,2011-10-14 20:26:50.439000+00:00,2011-10-14 20:26:50.439000+00:00,177074,AA,0
2877,177080_A_SUBMITTED_2877,A_SUBMITTED,COMPLETE,2011-10-14 21:00:31.327000+00:00,2011-10-14 21:00:31.327000+00:00,177080,AA,0
2878,177080_A_PARTLYSUBMITTED_2878,A_PARTLYSUBMITTED,COMPLETE,2011-10-14 21:00:31.699000+00:00,2011-10-14 21:00:31.699000+00:00,177080,AA,0
2879,177080_A_DECLINED_2879,A_DECLINED,COMPLETE,2011-10-14 21:01:11.982000+00:00,2011-10-14 21:01:11.982000+00:00,177080,AA,0
2880,177086_A_SUBMITTED_2880,A_SUBMITTED,COMPLETE,2011-10-14 21:37:59.444000+00:00,2011-10-14 21:37:59.444000+00:00,177086,AA,0
2881,177086_A_PARTLYSUBMITTED_2881,A_PARTLYSUBMITTED,COMPLETE,2011-10-14 21:37:59.748000+00:00,2011-10-14 21:37:59.748000+00:00,177086,AA,0
2882,177086_A_PREACCEPTED_2882,A_PREACCEPTED,COMPLETE,2011-10-14 21:38:35.333000+00:00,2011-10-14 21:38:35.333000+00:00,177086,AA,0
2884,177086_A_ACCEPTED_2884,A_ACCEPTED,COMPLETE,2011-10-17 13:28:40.603000+00:00,2011-10-17 13:28:40.603000+00:00,177086,BQ,42
2885,177086_A_CANCELLED_2885,A_CANCELLED,COMPLETE,2011-10-17 13:33:06.358000+00:00,2011-10-17 13:33:06.358000+00:00,177086,BQ,42
2886,177086_W_Completeren aanvraag_2886,W_Completeren aanvraag,COMPLETE,2011-10-17 13:20:10.485000+00:00,2011-10-17 13:33:07.792000+00:00,177086,BQ,42
2887,177089_A_SUBMITTED_2887,A_SUBMITTED,COMPLETE,2011-10-14 22:07:17.319000+00:00,2011-10-14 22:07:17.319000+00:00,177089,AA,0
2888,177089_A_PARTLYSUBMITTED_2888,A_PARTLYSUBMITTED,COMPLETE,2011-10-14 22:07:18.041000+00:00,2011-10-14 22:07:18.041000+00:00,177089,AA,0
2889,177089_A_PREACCEPTED_2889,A_PREACCEPTED,COMPLETE,2011-10-14 22:07:58.795000+00:00,2011-10-14 22:07:58.795000+00:00,177089,AA,0
2897,177089_O_SENT_BACK_2897,O_SENT_BACK,COMPLETE,2011-10-24 11:28:06.123000+00:00,2011-10-24 11:28:06.123000+00:00,177089,BJ,35
2898,177089_W_Nabellen offertes_2898,W_Nabellen offertes,COMPLETE,2011-10-24 11:26:37.863000+00:00,2011-10-24 11:28:07.512000+00:00,177089,BJ,35
2948,177203_A_CANCELLED_2948,A_CANCELLED,COMPLETE,2011-10-17 09:48:47.663000+00:00,2011-10-17 09:48:47.663000+00:00,177203,BT,45
2949,177203_W_Completeren aanvraag_2949,W_Completeren aanvraag,COMPLETE,2011-10-17 09:25:50.365000+00:00,2011-10-17 09:48:49.180000+00:00,177203,BT,45
2953,177212_A_ACCEPTED_2953,A_ACCEPTED,COMPLETE,2011-10-17 09:59:25.639000+00:00,2011-10-17 09:59:25.639000+00:00,177212,BT,45
2954,177212_A_FINALIZED_2954,A_FINALIZED,COMPLETE,2011-10-17 10:01:45.767000+00:00,2011-10-17 10:01:45.767000+00:00,177212,BT,45
2955,177212_O_SELECTED_2955,O_SELECTED,COMPLETE,2011-10-17 10:01:45.767000+00:00,2011-10-17 10:01:45.767000+00:00,177212,BT,45
2956,177212_O_CREATED_2956,O_CREATED,COMPLETE,2011-10-17 10:01:47.113000+00:00,2011-10-17 10:01:47.113000+00:00,177212,BT,45
2957,177212_O_SENT_2957,O_SENT,COMPLETE,2011-10-17 10:01:47.152000+00:00,2011-10-17 10:01:47.152000+00:00,177212,BT,45
2958,177212_W_Completeren aanvraag_2958,W_Completeren aanvraag,COMPLETE,2011-10-17 09:50:02.035000+00:00,2011-10-17 10:01:48.989000+00:00,177212,BT,45
2959,177212_O_CANCELLED_2959,O_CANCELLED,COMPLETE,2011-10-24 19:08:06.418000+00:00,2011-10-24 19:08:06.418000+00:00,177212,AT,19
2960,177212_A_CANCELLED_2960,A_CANCELLED,COMPLETE,2011-10-24 19:08:06.418000+00:00,2011-10-24 19:08:06.418000+00:00,177212,AT,19
2961,177212_W_Nabellen offertes_2961,W_Nabellen offertes,COMPLETE,2011-10-24 18:58:32.385000+00:00,2011-10-24 19:08:08.759000+00:00,177212,AT,19
2980,177245_A_CANCELLED_2980,A_CANCELLED,COMPLETE,2011-10-17 09:55:39.557000+00:00,2011-10-17 09:55:39.557000+00:00,177245,BC,28
2981,177245_W_Completeren aanvraag_2981,W_Completeren aanvraag,COMPLETE,2011-10-17 09:53:27.532000+00:00,2011-10-17 09:55:42.585000+00:00,177245,BC,28
2985,177248_W_Completeren aanvraag_2985,W_Completeren aanvraag,COMPLETE,2011-10-17 09:27:34.290000+00:00,2011-10-17 09:28:30.921000+00:00,177248,BJ,35
2998,177263_A_PREACCEPTED_2998,A_PREACCEPTED,COMPLETE,2011-10-17 09:23:47.145000+00:00,2011-10-17 09:23:47.145000+00:00,177263,BC,28
2999,177263_W_Afhandelen leads_2999,W_Afhandelen leads,COMPLETE,2011-10-17 09:21:34.407000+00:00,2011-10-17 09:23:48.395000+00:00,177263,BC,28
3000,177263_W_Completeren aanvraag_3000,W_Completeren aanvraag,COMPLETE,2011-10-17 11:28:35.265000+00:00,2011-10-17 11:34:02.833000+00:00,177263,BC,28
3001,177263_W_Completeren aanvraag_3001,W_Completeren aanvraag,COMPLETE,2011-10-17 14:47:38.585000+00:00,2011-10-17 14:48:32.960000+00:00,177263,BQ,42
3002,177263_W_Completeren aanvraag_3002,W_Completeren aanvraag,COMPLETE,2011-10-17 17:40:41.057000+00:00,2011-10-17 17:48:02.793000+00:00,177263,BN,39
3003,177263_A_ACCEPTED_3003,A_ACCEPTED,COMPLETE,2011-10-17 17:48:15.604000+00:00,2011-10-17 17:48:15.604000+00:00,177263,BN,39
3004,177263_O_SELECTED_3004,O_SELECTED,COMPLETE,2011-10-17 17:49:28.747000+00:00,2011-10-17 17:49:28.747000+00:00,177263,BN,39
3005,177263_A_FINALIZED_3005,A_FINALIZED,COMPLETE,2011-10-17 17:49:28.747000+00:00,2011-10-17 17:49:28.747000+00:00,177263,BN,39
3006,177263_O_CREATED_3006,O_CREATED,COMPLETE,2011-10-17 17:49:30.087000+00:00,2011-10-17 17:49:30.087000+00:00,177263,BN,39
3007,177263_O_SENT_3007,O_SENT,COMPLETE,2011-10-17 17:49:30.111000+00:00,2011-10-17 17:49:30.111000+00:00,177263,BN,39
3008,177263_W_Completeren aanvraag_3008,W_Completeren aanvraag,COMPLETE,2011-10-17 17:48:08.174000+00:00,2011-10-17 17:49:31.352000+00:00,177263,BN,39
3009,177263_O_SELECTED_3009,O_SELECTED,COMPLETE,2011-10-17 17:50:33.731000+00:00,2011-10-17 17:50:33.731000+00:00,177263,BN,39
3010,177263_O_CANCELLED_3010,O_CANCELLED,COMPLETE,2011-10-17 17:50:33.731000+00:00,2011-10-17 17:50:33.731000+00:00,177263,BN,39
3011,177263_O_CREATED_3011,O_CREATED,COMPLETE,2011-10-17 17:50:34.621000+00:00,2011-10-17 17:50:34.621000+00:00,177263,BN,39
3012,177263_O_SENT_3012,O_SENT,COMPLETE,2011-10-17 17:50:34.659000+00:00,2011-10-17 17:50:34.659000+00:00,177263,BN,39
3013,177263_W_Nabellen offertes_3013,W_Nabellen offertes,COMPLETE,2011-10-17 17:49:39.723000+00:00,2011-10-17 17:50:35.979000+00:00,177263,BN,39
3031,177266_A_DECLINED_3031,A_DECLINED,COMPLETE,2011-10-17 09:22:50.454000+00:00,2011-10-17 09:22:50.454000+00:00,177266,AN,13
3032,177266_W_Afhandelen leads_3032,W_Afhandelen leads,COMPLETE,2011-10-17 09:22:39.515000+00:00,2011-10-17 09:22:54.035000+00:00,177266,AN,13
3035,177272_A_DECLINED_3035,A_DECLINED,COMPLETE,2011-10-17 09:25:20.007000+00:00,2011-10-17 09:25:20.007000+00:00,177272,AN,13
3036,177272_W_Afhandelen leads_3036,W_Afhandelen leads,COMPLETE,2011-10-17 09:23:44.472000+00:00,2011-10-17 09:25:23.117000+00:00,177272,AN,13
3045,177281_A_PREACCEPTED_3045,A_PREACCEPTED,COMPLETE,2011-10-17 09:30:32.314000+00:00,2011-10-17 09:30:32.314000+00:00,177281,BC,28
3046,177281_W_Afhandelen leads_3046,W_Afhandelen leads,COMPLETE,2011-10-17 09:28:16.996000+00:00,2011-10-17 09:30:33.393000+00:00,177281,BC,28
3047,177281_W_Completeren aanvraag_3047,W_Completeren aanvraag,COMPLETE,2011-10-17 12:20:49.988000+00:00,2011-10-17 12:22:21.165000+00:00,177281,AN,13
3048,177281_W_Completeren aanvraag_3048,W_Completeren aanvraag,COMPLETE,2011-10-17 14:52:38.982000+00:00,2011-10-17 14:53:32.461000+00:00,177281,BQ,42
3049,177281_A_DECLINED_3049,A_DECLINED,COMPLETE,2011-10-17 18:38:19.991000+00:00,2011-10-17 18:38:19.991000+00:00,177281,BQ,42
3050,177281_W_Completeren aanvraag_3050,W_Completeren aanvraag,COMPLETE,2011-10-17 18:23:53.106000+00:00,2011-10-17 18:38:27.324000+00:00,177281,BQ,42
3062,177305_A_DECLINED_3062,A_DECLINED,COMPLETE,2011-10-17 09:18:58.267000+00:00,2011-10-17 09:18:58.267000+00:00,177305,AN,13
3063,177305_W_Afhandelen leads_3063,W_Afhandelen leads,COMPLETE,2011-10-17 09:18:45.328000+00:00,2011-10-17 09:19:01.416000+00:00,177305,AN,13
3069,177311_A_DECLINED_3069,A_DECLINED,COMPLETE,2011-10-17 09:29:19.315000+00:00,2011-10-17 09:29:19.315000+00:00,177311,AN,13
3070,177311_W_Afhandelen leads_3070,W_Afhandelen leads,COMPLETE,2011-10-17 09:27:49.828000+00:00,2011-10-17 09:29:21.926000+00:00,177311,AN,13
3079,177344_A_PREACCEPTED_3079,A_PREACCEPTED,COMPLETE,2011-10-17 09:23:27.309000+00:00,2011-10-17 09:23:27.309000+00:00,177344,AN,13
3080,177344_W_Afhandelen leads_3080,W_Afhandelen leads,COMPLETE,2011-10-17 09:23:01.135000+00:00,2011-10-17 09:23:28.864000+00:00,177344,AN,13
3081,177344_W_Completeren aanvraag_3081,W_Completeren aanvraag,COMPLETE,2011-10-17 15:26:21.404000+00:00,2011-10-17 15:28:37.736000+00:00,177344,AT,19
3090,177359_W_Completeren aanvraag_3090,W_Completeren aanvraag,COMPLETE,2011-10-17 13:33:48.865000+00:00,2011-10-17 13:34:39.470000+00:00,177359,BT,45
3091,177359_W_Completeren aanvraag_3091,W_Completeren aanvraag,COMPLETE,2011-10-17 13:39:01.549000+00:00,2011-10-17 13:40:27.226000+00:00,177359,BT,45
3092,177359_W_Completeren aanvraag_3092,W_Completeren aanvraag,COMPLETE,2011-10-17 14:22:58.406000+00:00,2011-10-17 14:26:28.484000+00:00,177359,AT,19
3097,177362_A_DECLINED_3097,A_DECLINED,COMPLETE,2011-10-17 09:28:17.728000+00:00,2011-10-17 09:28:17.728000+00:00,177362,AN,13
3098,177362_W_Afhandelen leads_3098,W_Afhandelen leads,COMPLETE,2011-10-17 09:27:55.642000+00:00,2011-10-17 09:28:21.052000+00:00,177362,AN,13
3102,177374_A_SUBMITTED_3102,A_SUBMITTED,COMPLETE,2011-10-17 00:09:03.352000+00:00,2011-10-17 00:09:03.352000+00:00,177374,AA,0
3103,177374_A_PARTLYSUBMITTED_3103,A_PARTLYSUBMITTED,COMPLETE,2011-10-17 00:09:03.541000+00:00,2011-10-17 00:09:03.541000+00:00,177374,AA,0
3104,177374_A_DECLINED_3104,A_DECLINED,COMPLETE,2011-10-17 09:27:37.392000+00:00,2011-10-17 09:27:37.392000+00:00,177374,AN,13
3105,177374_W_Afhandelen leads_3105,W_Afhandelen leads,COMPLETE,2011-10-17 09:25:39.608000+00:00,2011-10-17 09:27:40.140000+00:00,177374,AN,13
3106,177377_A_SUBMITTED_3106,A_SUBMITTED,COMPLETE,2011-10-17 00:56:57.013000+00:00,2011-10-17 00:56:57.013000+00:00,177377,AA,0
3107,177377_A_PARTLYSUBMITTED_3107,A_PARTLYSUBMITTED,COMPLETE,2011-10-17 00:56:57.187000+00:00,2011-10-17 00:56:57.187000+00:00,177377,AA,0
3108,177377_W_Afhandelen leads_3108,W_Afhandelen leads,COMPLETE,2011-10-17 09:19:29.632000+00:00,2011-10-17 09:23:42.898000+00:00,177377,AN,13
3109,177377_A_PREACCEPTED_3109,A_PREACCEPTED,COMPLETE,2011-10-17 09:30:44.588000+00:00,2011-10-17 09:30:44.588000+00:00,177377,AN,13
3110,177377_W_Afhandelen leads_3110,W_Afhandelen leads,COMPLETE,2011-10-17 09:30:39.073000+00:00,2011-10-17 09:30:45.614000+00:00,177377,AN,13
3111,177377_W_Completeren aanvraag_3111,W_Completeren aanvraag,COMPLETE,2011-10-17 15:30:22.051000+00:00,2011-10-17 15:42:31.172000+00:00,177377,BT,45
3112,177377_W_Completeren aanvraag_3112,W_Completeren aanvraag,COMPLETE,2011-10-17 15:42:47.047000+00:00,2011-10-17 15:45:07.911000+00:00,177377,BT,45
3113,177377_W_Completeren aanvraag_3113,W_Completeren aanvraag,COMPLETE,2011-10-17 15:45:13.077000+00:00,2011-10-17 15:48:31.338000+00:00,177377,BT,45
3114,177377_W_Completeren aanvraag_3114,W_Completeren aanvraag,COMPLETE,2011-10-17 19:12:10.690000+00:00,2011-10-17 19:14:44.887000+00:00,177377,BR,43
3115,177377_A_DECLINED_3115,A_DECLINED,COMPLETE,2011-10-18 11:57:12.193000+00:00,2011-10-18 11:57:12.193000+00:00,177377,BO,40
3116,177377_W_Completeren aanvraag_3116,W_Completeren aanvraag,COMPLETE,2011-10-18 11:51:04.635000+00:00,2011-10-18 11:57:15.343000+00:00,177377,BO,40
3117,177380_A_SUBMITTED_3117,A_SUBMITTED,COMPLETE,2011-10-17 04:06:54.838000+00:00,2011-10-17 04:06:54.838000+00:00,177380,AA,0
3118,177380_A_PARTLYSUBMITTED_3118,A_PARTLYSUBMITTED,COMPLETE,2011-10-17 04:07:02.568000+00:00,2011-10-17 04:07:02.568000+00:00,177380,AA,0
3119,177380_A_DECLINED_3119,A_DECLINED,COMPLETE,2011-10-17 09:30:14.715000+00:00,2011-10-17 09:30:14.715000+00:00,177380,AN,13
3120,177380_W_Afhandelen leads_3120,W_Afhandelen leads,COMPLETE,2011-10-17 09:29:25.329000+00:00,2011-10-17 09:30:18.269000+00:00,177380,AN,13
3121,177399_A_SUBMITTED_3121,A_SUBMITTED,COMPLETE,2011-10-17 07:54:14.520000+00:00,2011-10-17 07:54:14.520000+00:00,177399,AA,0
3122,177399_A_PARTLYSUBMITTED_3122,A_PARTLYSUBMITTED,COMPLETE,2011-10-17 07:54:21.980000+00:00,2011-10-17 07:54:21.980000+00:00,177399,AA,0
3123,177399_A_DECLINED_3123,A_DECLINED,COMPLETE,2011-10-17 09:24:53.402000+00:00,2011-10-17 09:24:53.402000+00:00,177399,AN,13
3124,177399_W_Afhandelen leads_3124,W_Afhandelen leads,COMPLETE,2011-10-17 09:23:50.752000+00:00,2011-10-17 09:24:56.128000+00:00,177399,AN,13
3125,177402_A_SUBMITTED_3125,A_SUBMITTED,COMPLETE,2011-10-17 09:08:39.414000+00:00,2011-10-17 09:08:39.414000+00:00,177402,AA,0
3126,177402_A_PARTLYSUBMITTED_3126,A_PARTLYSUBMITTED,COMPLETE,2011-10-17 09:08:39.620000+00:00,2011-10-17 09:08:39.620000+00:00,177402,AA,0
3127,177402_A_PREACCEPTED_3127,A_PREACCEPTED,COMPLETE,2011-10-17 09:11:43.383000+00:00,2011-10-17 09:11:43.383000+00:00,177402,BH,33
3128,177402_W_Afhandelen leads_3128,W_Afhandelen leads,COMPLETE,2011-10-17 09:09:45.960000+00:00,2011-10-17 09:11:44.588000+00:00,177402,BH,33
3129,177402_A_DECLINED_3129,A_DECLINED,COMPLETE,2011-10-17 09:18:08.113000+00:00,2011-10-17 09:18:08.113000+00:00,177402,BH,33
3130,177402_W_Completeren aanvraag_3130,W_Completeren aanvraag,COMPLETE,2011-10-17 09:11:57.006000+00:00,2011-10-17 09:18:12.107000+00:00,177402,BH,33
3131,177408_A_SUBMITTED_3131,A_SUBMITTED,COMPLETE,2011-10-17 09:16:52.695000+00:00,2011-10-17 09:16:52.695000+00:00,177408,AA,0
3132,177408_A_PARTLYSUBMITTED_3132,A_PARTLYSUBMITTED,COMPLETE,2011-10-17 09:16:52.819000+00:00,2011-10-17 09:16:52.819000+00:00,177408,AA,0
3133,177408_A_DECLINED_3133,A_DECLINED,COMPLETE,2011-10-17 09:18:50.284000+00:00,2011-10-17 09:18:50.284000+00:00,177408,AH,7
3134,177408_W_Afhandelen leads_3134,W_Afhandelen leads,COMPLETE,2011-10-17 09:17:19.006000+00:00,2011-10-17 09:18:53.459000+00:00,177408,AH,7
3135,177411_A_SUBMITTED_3135,A_SUBMITTED,COMPLETE,2011-10-17 09:46:53.067000+00:00,2011-10-17 09:46:53.067000+00:00,177411,AA,0
3136,177411_A_PARTLYSUBMITTED_3136,A_PARTLYSUBMITTED,COMPLETE,2011-10-17 09:46:53.277000+00:00,2011-10-17 09:46:53.277000+00:00,177411,AA,0
3137,177411_A_DECLINED_3137,A_DECLINED,COMPLETE,2011-10-17 09:47:33.809000+00:00,2011-10-17 09:47:33.809000+00:00,177411,AA,0
3138,177414_A_SUBMITTED_3138,A_SUBMITTED,COMPLETE,2011-10-17 09:48:12.683000+00:00,2011-10-17 09:48:12.683000+00:00,177414,AA,0
3139,177414_A_PARTLYSUBMITTED_3139,A_PARTLYSUBMITTED,COMPLETE,2011-10-17 09:48:12.775000+00:00,2011-10-17 09:48:12.775000+00:00,177414,AA,0
3140,177414_A_DECLINED_3140,A_DECLINED,COMPLETE,2011-10-17 10:49:23.187000+00:00,2011-10-17 10:49:23.187000+00:00,177414,AN,13
3141,177414_W_Afhandelen leads_3141,W_Afhandelen leads,COMPLETE,2011-10-17 10:48:26.891000+00:00,2011-10-17 10:49:25.629000+00:00,177414,AN,13
3142,177417_A_SUBMITTED_3142,A_SUBMITTED,COMPLETE,2011-10-17 09:55:01.911000+00:00,2011-10-17 09:55:01.911000+00:00,177417,AA,0
3143,177417_A_PARTLYSUBMITTED_3143,A_PARTLYSUBMITTED,COMPLETE,2011-10-17 09:55:02.012000+00:00,2011-10-17 09:55:02.012000+00:00,177417,AA,0
3144,177417_A_DECLINED_3144,A_DECLINED,COMPLETE,2011-10-17 09:55:36.729000+00:00,2011-10-17 09:55:36.729000+00:00,177417,AA,0
3145,177420_A_SUBMITTED_3145,A_SUBMITTED,COMPLETE,2011-10-17 09:56:43.315000+00:00,2011-10-17 09:56:43.315000+00:00,177420,AA,0
3146,177420_A_PARTLYSUBMITTED_3146,A_PARTLYSUBMITTED,COMPLETE,2011-10-17 09:56:43.846000+00:00,2011-10-17 09:56:43.846000+00:00,177420,AA,0
3147,177420_A_DECLINED_3147,A_DECLINED,COMPLETE,2011-10-17 09:57:36.784000+00:00,2011-10-17 09:57:36.784000+00:00,177420,AA,0
3148,177429_A_SUBMITTED_3148,A_SUBMITTED,COMPLETE,2011-10-17 10:57:10.988000+00:00,2011-10-17 10:57:10.988000+00:00,177429,AA,0
3149,177429_A_PARTLYSUBMITTED_3149,A_PARTLYSUBMITTED,COMPLETE,2011-10-17 10:57:11.529000+00:00,2011-10-17 10:57:11.529000+00:00,177429,AA,0
3150,177429_A_DECLINED_3150,A_DECLINED,COMPLETE,2011-10-17 10:57:52.227000+00:00,2011-10-17 10:57:52.227000+00:00,177429,AA,0
3151,177435_A_SUBMITTED_3151,A_SUBMITTED,COMPLETE,2011-10-17 11:11:02.816000+00:00,2011-10-17 11:11:02.816000+00:00,177435,AA,0
3152,177435_A_PARTLYSUBMITTED_3152,A_PARTLYSUBMITTED,COMPLETE,2011-10-17 11:11:02.951000+00:00,2011-10-17 11:11:02.951000+00:00,177435,AA,0
3153,177435_A_DECLINED_3153,A_DECLINED,COMPLETE,2011-10-17 11:11:35.378000+00:00,2011-10-17 11:11:35.378000+00:00,177435,AA,0
3154,177438_A_SUBMITTED_3154,A_SUBMITTED,COMPLETE,2011-10-17 11:13:54.892000+00:00,2011-10-17 11:13:54.892000+00:00,177438,AA,0
3155,177438_A_PARTLYSUBMITTED_3155,A_PARTLYSUBMITTED,COMPLETE,2011-10-17 11:13:54.996000+00:00,2011-10-17 11:13:54.996000+00:00,177438,AA,0
3156,177438_A_DECLINED_3156,A_DECLINED,COMPLETE,2011-10-17 11:21:46.872000+00:00,2011-10-17 11:21:46.872000+00:00,177438,AN,13
3157,177438_W_Afhandelen leads_3157,W_Afhandelen leads,COMPLETE,2011-10-17 11:20:40.707000+00:00,2011-10-17 11:21:49.928000+00:00,177438,AN,13
3158,177441_A_SUBMITTED_3158,A_SUBMITTED,COMPLETE,2011-10-17 11:19:37.411000+00:00,2011-10-17 11:19:37.411000+00:00,177441,AA,0
3159,177441_A_PARTLYSUBMITTED_3159,A_PARTLYSUBMITTED,COMPLETE,2011-10-17 11:19:37.544000+00:00,2011-10-17 11:19:37.544000+00:00,177441,AA,0
3160,177441_A_DECLINED_3160,A_DECLINED,COMPLETE,2011-10-17 11:20:11.622000+00:00,2011-10-17 11:20:11.622000+00:00,177441,AA,0
3161,177444_A_SUBMITTED_3161,A_SUBMITTED,COMPLETE,2011-10-17 11:20:02.264000+00:00,2011-10-17 11:20:02.264000+00:00,177444,AA,0
3162,177444_A_PARTLYSUBMITTED_3162,A_PARTLYSUBMITTED,COMPLETE,2011-10-17 11:20:02.441000+00:00,2011-10-17 11:20:02.441000+00:00,177444,AA,0
3163,177444_A_PREACCEPTED_3163,A_PREACCEPTED,COMPLETE,2011-10-17 11:20:50.633000+00:00,2011-10-17 11:20:50.633000+00:00,177444,AA,0
3164,177444_W_Completeren aanvraag_3164,W_Completeren aanvraag,COMPLETE,2011-10-17 14:11:00.684000+00:00,2011-10-17 14:11:14.276000+00:00,177444,AT,19
3165,177444_W_Completeren aanvraag_3165,W_Completeren aanvraag,COMPLETE,2011-10-17 14:56:07.614000+00:00,2011-10-17 14:59:44.859000+00:00,177444,BQ,42
3166,177444_W_Completeren aanvraag_3166,W_Completeren aanvraag,COMPLETE,2011-10-17 19:11:45.654000+00:00,2011-10-17 19:11:55.766000+00:00,177444,BR,43
3167,177444_W_Completeren aanvraag_3167,W_Completeren aanvraag,COMPLETE,2011-10-17 19:12:20.570000+00:00,2011-10-17 19:20:21.928000+00:00,177444,AL,11
3168,177444_A_DECLINED_3168,A_DECLINED,COMPLETE,2011-10-17 19:22:43.164000+00:00,2011-10-17 19:22:43.164000+00:00,177444,AL,11
3169,177444_W_Completeren aanvraag_3169,W_Completeren aanvraag,COMPLETE,2011-10-17 19:20:29.313000+00:00,2011-10-17 19:22:46.394000+00:00,177444,AL,11
3170,177447_A_SUBMITTED_3170,A_SUBMITTED,COMPLETE,2011-10-17 11:24:14.020000+00:00,2011-10-17 11:24:14.020000+00:00,177447,AA,0
3171,177447_A_PARTLYSUBMITTED_3171,A_PARTLYSUBMITTED,COMPLETE,2011-10-17 11:24:14.164000+00:00,2011-10-17 11:24:14.164000+00:00,177447,AA,0
3172,177447_A_DECLINED_3172,A_DECLINED,COMPLETE,2011-10-17 11:57:24.766000+00:00,2011-10-17 11:57:24.766000+00:00,177447,AN,13
3173,177447_W_Afhandelen leads_3173,W_Afhandelen leads,COMPLETE,2011-10-17 11:56:53.193000+00:00,2011-10-17 11:57:28.857000+00:00,177447,AN,13
3174,177450_A_SUBMITTED_3174,A_SUBMITTED,COMPLETE,2011-10-17 11:25:26.328000+00:00,2011-10-17 11:25:26.328000+00:00,177450,AA,0
3175,177450_A_PARTLYSUBMITTED_3175,A_PARTLYSUBMITTED,COMPLETE,2011-10-17 11:25:26.564000+00:00,2011-10-17 11:25:26.564000+00:00,177450,AA,0
3176,177450_A_PREACCEPTED_3176,A_PREACCEPTED,COMPLETE,2011-10-17 11:42:08.928000+00:00,2011-10-17 11:42:08.928000+00:00,177450,AN,13
3177,177450_W_Afhandelen leads_3177,W_Afhandelen leads,COMPLETE,2011-10-17 11:41:42.134000+00:00,2011-10-17 11:42:10.125000+00:00,177450,AN,13
3178,177450_W_Completeren aanvraag_3178,W_Completeren aanvraag,COMPLETE,2011-10-17 12:03:19.293000+00:00,2011-10-17 12:04:26.385000+00:00,177450,AN,13
3179,177450_W_Completeren aanvraag_3179,W_Completeren aanvraag,COMPLETE,2011-10-17 14:51:35.949000+00:00,2011-10-17 14:52:31.849000+00:00,177450,BQ,42
3180,177450_A_DECLINED_3180,A_DECLINED,COMPLETE,2011-10-17 18:23:28.465000+00:00,2011-10-17 18:23:28.465000+00:00,177450,BQ,42
3181,177450_W_Completeren aanvraag_3181,W_Completeren aanvraag,COMPLETE,2011-10-17 18:16:49.063000+00:00,2011-10-17 18:23:31.688000+00:00,177450,BQ,42
3182,177453_A_SUBMITTED_3182,A_SUBMITTED,COMPLETE,2011-10-17 11:30:04.612000+00:00,2011-10-17 11:30:04.612000+00:00,177453,AA,0
3183,177453_A_PARTLYSUBMITTED_3183,A_PARTLYSUBMITTED,COMPLETE,2011-10-17 11:30:04.718000+00:00,2011-10-17 11:30:04.718000+00:00,177453,AA,0
3184,177453_A_DECLINED_3184,A_DECLINED,COMPLETE,2011-10-17 11:30:45.583000+00:00,2011-10-17 11:30:45.583000+00:00,177453,AA,0
3185,177456_A_SUBMITTED_3185,A_SUBMITTED,COMPLETE,2011-10-17 11:35:26.318000+00:00,2011-10-17 11:35:26.318000+00:00,177456,AA,0
3186,177456_A_PARTLYSUBMITTED_3186,A_PARTLYSUBMITTED,COMPLETE,2011-10-17 11:35:26.538000+00:00,2011-10-17 11:35:26.538000+00:00,177456,AA,0
3187,177456_A_PREACCEPTED_3187,A_PREACCEPTED,COMPLETE,2011-10-17 11:58:54.803000+00:00,2011-10-17 11:58:54.803000+00:00,177456,AN,13
3188,177456_W_Afhandelen leads_3188,W_Afhandelen leads,COMPLETE,2011-10-17 11:57:32.772000+00:00,2011-10-17 11:58:55.988000+00:00,177456,AN,13
3189,177456_W_Completeren aanvraag_3189,W_Completeren aanvraag,COMPLETE,2011-10-17 12:00:47.941000+00:00,2011-10-17 12:01:41.322000+00:00,177456,AN,13
3190,177456_W_Completeren aanvraag_3190,W_Completeren aanvraag,COMPLETE,2011-10-17 14:50:13.850000+00:00,2011-10-17 14:50:25.510000+00:00,177456,BQ,42
3191,177456_W_Completeren aanvraag_3191,W_Completeren aanvraag,COMPLETE,2011-10-17 14:54:31.191000+00:00,2011-10-17 14:55:36.431000+00:00,177456,BQ,42
3192,177456_W_Completeren aanvraag_3192,W_Completeren aanvraag,COMPLETE,2011-10-17 18:38:39.372000+00:00,2011-10-17 18:40:16.508000+00:00,177456,BQ,42
3193,177456_A_ACCEPTED_3193,A_ACCEPTED,COMPLETE,2011-10-17 19:01:57.702000+00:00,2011-10-17 19:01:57.702000+00:00,177456,AL,11
3194,177456_A_FINALIZED_3194,A_FINALIZED,COMPLETE,2011-10-17 19:03:15.099000+00:00,2011-10-17 19:03:15.099000+00:00,177456,AL,11
3195,177456_O_SELECTED_3195,O_SELECTED,COMPLETE,2011-10-17 19:03:15.099000+00:00,2011-10-17 19:03:15.099000+00:00,177456,AL,11
3196,177456_O_CREATED_3196,O_CREATED,COMPLETE,2011-10-17 19:03:16.274000+00:00,2011-10-17 19:03:16.274000+00:00,177456,AL,11
3197,177456_O_SENT_3197,O_SENT,COMPLETE,2011-10-17 19:03:16.307000+00:00,2011-10-17 19:03:16.307000+00:00,177456,AL,11
3198,177456_W_Completeren aanvraag_3198,W_Completeren aanvraag,COMPLETE,2011-10-17 18:43:09.981000+00:00,2011-10-17 19:03:18.385000+00:00,177456,AL,11
3199,177456_W_Nabellen offertes_3199,W_Nabellen offertes,COMPLETE,2011-10-17 19:03:34.468000+00:00,2011-10-17 19:05:30.912000+00:00,177456,AL,11
3208,177468_A_SUBMITTED_3208,A_SUBMITTED,COMPLETE,2011-10-17 12:00:49.171000+00:00,2011-10-17 12:00:49.171000+00:00,177468,AA,0
3209,177468_A_PARTLYSUBMITTED_3209,A_PARTLYSUBMITTED,COMPLETE,2011-10-17 12:00:49.662000+00:00,2011-10-17 12:00:49.662000+00:00,177468,AA,0
3210,177468_A_DECLINED_3210,A_DECLINED,COMPLETE,2011-10-17 12:01:31.959000+00:00,2011-10-17 12:01:31.959000+00:00,177468,AA,0
3211,177474_A_SUBMITTED_3211,A_SUBMITTED,COMPLETE,2011-10-17 12:19:59.888000+00:00,2011-10-17 12:19:59.888000+00:00,177474,AA,0
3212,177474_A_PARTLYSUBMITTED_3212,A_PARTLYSUBMITTED,COMPLETE,2011-10-17 12:20:00.314000+00:00,2011-10-17 12:20:00.314000+00:00,177474,AA,0
3213,177474_A_DECLINED_3213,A_DECLINED,COMPLETE,2011-10-17 12:32:07.766000+00:00,2011-10-17 12:32:07.766000+00:00,177474,AN,13
3214,177474_W_Afhandelen leads_3214,W_Afhandelen leads,COMPLETE,2011-10-17 12:30:56.592000+00:00,2011-10-17 12:32:11.118000+00:00,177474,AN,13
3215,177477_A_SUBMITTED_3215,A_SUBMITTED,COMPLETE,2011-10-17 12:36:35.175000+00:00,2011-10-17 12:36:35.175000+00:00,177477,AA,0
3216,177477_A_PARTLYSUBMITTED_3216,A_PARTLYSUBMITTED,COMPLETE,2011-10-17 12:36:36.039000+00:00,2011-10-17 12:36:36.039000+00:00,177477,AA,0
3217,177477_A_DECLINED_3217,A_DECLINED,COMPLETE,2011-10-17 12:37:07.045000+00:00,2011-10-17 12:37:07.045000+00:00,177477,AA,0
3218,177486_A_SUBMITTED_3218,A_SUBMITTED,COMPLETE,2011-10-17 13:10:24.661000+00:00,2011-10-17 13:10:24.661000+00:00,177486,AA,0
3219,177486_A_PARTLYSUBMITTED_3219,A_PARTLYSUBMITTED,COMPLETE,2011-10-17 13:10:24.777000+00:00,2011-10-17 13:10:24.777000+00:00,177486,AA,0
3220,177486_A_DECLINED_3220,A_DECLINED,COMPLETE,2011-10-17 13:10:59.676000+00:00,2011-10-17 13:10:59.676000+00:00,177486,AA,0
3221,177489_A_SUBMITTED_3221,A_SUBMITTED,COMPLETE,2011-10-17 13:13:48.977000+00:00,2011-10-17 13:13:48.977000+00:00,177489,AA,0
3222,177489_A_PARTLYSUBMITTED_3222,A_PARTLYSUBMITTED,COMPLETE,2011-10-17 13:13:49.247000+00:00,2011-10-17 13:13:49.247000+00:00,177489,AA,0
3223,177489_A_DECLINED_3223,A_DECLINED,COMPLETE,2011-10-17 13:14:29.360000+00:00,2011-10-17 13:14:29.360000+00:00,177489,AA,0
3224,177498_A_SUBMITTED_3224,A_SUBMITTED,COMPLETE,2011-10-17 13:49:17.290000+00:00,2011-10-17 13:49:17.290000+00:00,177498,AA,0
3225,177498_A_PARTLYSUBMITTED_3225,A_PARTLYSUBMITTED,COMPLETE,2011-10-17 13:49:17.582000+00:00,2011-10-17 13:49:17.582000+00:00,177498,AA,0
3226,177498_W_Afhandelen leads_3226,W_Afhandelen leads,COMPLETE,2011-10-17 14:19:15.138000+00:00,2011-10-17 14:57:26.638000+00:00,177498,AO,14
3227,177498_A_PREACCEPTED_3227,A_PREACCEPTED,COMPLETE,2011-10-17 15:04:44.380000+00:00,2011-10-17 15:04:44.380000+00:00,177498,AO,14
3228,177498_W_Afhandelen leads_3228,W_Afhandelen leads,COMPLETE,2011-10-17 15:03:30.523000+00:00,2011-10-17 15:04:45.436000+00:00,177498,AO,14
3229,177498_W_Completeren aanvraag_3229,W_Completeren aanvraag,COMPLETE,2011-10-17 15:09:31.862000+00:00,2011-10-17 15:23:01.558000+00:00,177498,AO,14
3230,177498_W_Completeren aanvraag_3230,W_Completeren aanvraag,COMPLETE,2011-10-17 15:23:15.153000+00:00,2011-10-17 15:39:37.247000+00:00,177498,AO,14
3231,177498_W_Completeren aanvraag_3231,W_Completeren aanvraag,COMPLETE,2011-10-17 16:16:50.148000+00:00,2011-10-17 16:50:39.739000+00:00,177498,BQ,42
3232,177498_A_DECLINED_3232,A_DECLINED,COMPLETE,2011-10-17 16:51:50.009000+00:00,2011-10-17 16:51:50.009000+00:00,177498,BQ,42
3233,177498_W_Completeren aanvraag_3233,W_Completeren aanvraag,COMPLETE,2011-10-17 16:50:59.800000+00:00,2011-10-17 16:51:52.535000+00:00,177498,BQ,42
3234,177507_A_SUBMITTED_3234,A_SUBMITTED,COMPLETE,2011-10-17 14:33:49.048000+00:00,2011-10-17 14:33:49.048000+00:00,177507,AA,0
3235,177507_A_PARTLYSUBMITTED_3235,A_PARTLYSUBMITTED,COMPLETE,2011-10-17 14:33:49.168000+00:00,2011-10-17 14:33:49.168000+00:00,177507,AA,0
3236,177507_A_DECLINED_3236,A_DECLINED,COMPLETE,2011-10-17 14:34:37.636000+00:00,2011-10-17 14:34:37.636000+00:00,177507,AA,0
3237,177513_A_SUBMITTED_3237,A_SUBMITTED,COMPLETE,2011-10-17 14:37:51.411000+00:00,2011-10-17 14:37:51.411000+00:00,177513,AA,0
3238,177513_A_PARTLYSUBMITTED_3238,A_PARTLYSUBMITTED,COMPLETE,2011-10-17 14:37:51.624000+00:00,2011-10-17 14:37:51.624000+00:00,177513,AA,0
3239,177513_A_DECLINED_3239,A_DECLINED,COMPLETE,2011-10-17 16:16:31.027000+00:00,2011-10-17 16:16:31.027000+00:00,177513,AO,14
3240,177513_W_Afhandelen leads_3240,W_Afhandelen leads,COMPLETE,2011-10-17 16:13:34.198000+00:00,2011-10-17 16:16:36.069000+00:00,177513,AO,14
3241,177534_A_SUBMITTED_3241,A_SUBMITTED,COMPLETE,2011-10-17 15:11:26.454000+00:00,2011-10-17 15:11:26.454000+00:00,177534,AA,0
3242,177534_A_PARTLYSUBMITTED_3242,A_PARTLYSUBMITTED,COMPLETE,2011-10-17 15:11:26.843000+00:00,2011-10-17 15:11:26.843000+00:00,177534,AA,0
3243,177534_W_Afhandelen leads_3243,W_Afhandelen leads,COMPLETE,2011-10-17 16:18:36.325000+00:00,2011-10-17 17:01:42.612000+00:00,177534,AO,14
3244,177534_A_DECLINED_3244,A_DECLINED,COMPLETE,2011-10-17 18:04:22.557000+00:00,2011-10-17 18:04:22.557000+00:00,177534,AO,14
3245,177534_W_Afhandelen leads_3245,W_Afhandelen leads,COMPLETE,2011-10-17 17:04:41.452000+00:00,2011-10-17 18:04:26.712000+00:00,177534,AO,14
3246,177543_A_SUBMITTED_3246,A_SUBMITTED,COMPLETE,2011-10-17 15:36:10.145000+00:00,2011-10-17 15:36:10.145000+00:00,177543,AA,0
3247,177543_A_PARTLYSUBMITTED_3247,A_PARTLYSUBMITTED,COMPLETE,2011-10-17 15:36:10.252000+00:00,2011-10-17 15:36:10.252000+00:00,177543,AA,0
3248,177543_A_PREACCEPTED_3248,A_PREACCEPTED,COMPLETE,2011-10-17 16:49:26.856000+00:00,2011-10-17 16:49:26.856000+00:00,177543,AG,6
3249,177543_W_Afhandelen leads_3249,W_Afhandelen leads,COMPLETE,2011-10-17 16:48:15.609000+00:00,2011-10-17 16:49:28.167000+00:00,177543,AG,6
3250,177543_A_ACCEPTED_3250,A_ACCEPTED,COMPLETE,2011-10-17 16:57:55.057000+00:00,2011-10-17 16:57:55.057000+00:00,177543,BQ,42
3251,177543_A_FINALIZED_3251,A_FINALIZED,COMPLETE,2011-10-17 17:00:51.927000+00:00,2011-10-17 17:00:51.927000+00:00,177543,BQ,42
3252,177543_O_SELECTED_3252,O_SELECTED,COMPLETE,2011-10-17 17:00:51.927000+00:00,2011-10-17 17:00:51.927000+00:00,177543,BQ,42
3253,177543_O_CREATED_3253,O_CREATED,COMPLETE,2011-10-17 17:00:52.870000+00:00,2011-10-17 17:00:52.870000+00:00,177543,BQ,42
3254,177543_O_SENT_3254,O_SENT,COMPLETE,2011-10-17 17:00:52.893000+00:00,2011-10-17 17:00:52.893000+00:00,177543,BQ,42
3255,177543_W_Completeren aanvraag_3255,W_Completeren aanvraag,COMPLETE,2011-10-17 16:53:57.285000+00:00,2011-10-17 17:00:54.983000+00:00,177543,BQ,42
3256,177543_O_CANCELLED_3256,O_CANCELLED,COMPLETE,2011-10-24 20:21:59.718000+00:00,2011-10-24 20:21:59.718000+00:00,177543,BQ,42
3257,177543_A_CANCELLED_3257,A_CANCELLED,COMPLETE,2011-10-24 20:21:59.718000+00:00,2011-10-24 20:21:59.718000+00:00,177543,BQ,42
3258,177543_W_Nabellen offertes_3258,W_Nabellen offertes,COMPLETE,2011-10-24 20:18:52.873000+00:00,2011-10-24 20:22:01.682000+00:00,177543,BQ,42
3259,177552_A_SUBMITTED_3259,A_SUBMITTED,COMPLETE,2011-10-17 15:48:20.630000+00:00,2011-10-17 15:48:20.630000+00:00,177552,AA,0
3260,177552_A_PARTLYSUBMITTED_3260,A_PARTLYSUBMITTED,COMPLETE,2011-10-17 15:48:20.804000+00:00,2011-10-17 15:48:20.804000+00:00,177552,AA,0
3261,177552_W_Afhandelen leads_3261,W_Afhandelen leads,COMPLETE,2011-10-17 15:51:14.740000+00:00,2011-10-17 16:01:28.859000+00:00,177552,AT,19
3262,177552_A_DECLINED_3262,A_DECLINED,COMPLETE,2011-10-17 16:20:57.181000+00:00,2011-10-17 16:20:57.181000+00:00,177552,AT,19
3263,177552_W_Afhandelen leads_3263,W_Afhandelen leads,COMPLETE,2011-10-17 16:13:00.733000+00:00,2011-10-17 16:21:00.536000+00:00,177552,AT,19
3264,177558_A_SUBMITTED_3264,A_SUBMITTED,COMPLETE,2011-10-17 15:57:00.772000+00:00,2011-10-17 15:57:00.772000+00:00,177558,AA,0
3265,177558_A_PARTLYSUBMITTED_3265,A_PARTLYSUBMITTED,COMPLETE,2011-10-17 15:57:00.935000+00:00,2011-10-17 15:57:00.935000+00:00,177558,AA,0
3266,177558_A_PREACCEPTED_3266,A_PREACCEPTED,COMPLETE,2011-10-17 16:52:46.166000+00:00,2011-10-17 16:52:46.166000+00:00,177558,AG,6
3267,177558_W_Afhandelen leads_3267,W_Afhandelen leads,COMPLETE,2011-10-17 16:50:43.497000+00:00,2011-10-17 16:52:47.435000+00:00,177558,AG,6
3268,177558_W_Completeren aanvraag_3268,W_Completeren aanvraag,COMPLETE,2011-10-17 18:46:21.182000+00:00,2011-10-17 18:49:59.398000+00:00,177558,BR,43
3269,177558_A_ACCEPTED_3269,A_ACCEPTED,COMPLETE,2011-10-17 19:48:17.803000+00:00,2011-10-17 19:48:17.803000+00:00,177558,AO,14
3270,177558_O_SELECTED_3270,O_SELECTED,COMPLETE,2011-10-17 19:50:20.834000+00:00,2011-10-17 19:50:20.834000+00:00,177558,AO,14
3271,177558_A_FINALIZED_3271,A_FINALIZED,COMPLETE,2011-10-17 19:50:20.834000+00:00,2011-10-17 19:50:20.834000+00:00,177558,AO,14
3272,177558_O_CREATED_3272,O_CREATED,COMPLETE,2011-10-17 19:50:22.240000+00:00,2011-10-17 19:50:22.240000+00:00,177558,AO,14
3273,177558_O_SENT_3273,O_SENT,COMPLETE,2011-10-17 19:50:22.275000+00:00,2011-10-17 19:50:22.275000+00:00,177558,AO,14
3274,177558_W_Completeren aanvraag_3274,W_Completeren aanvraag,COMPLETE,2011-10-17 19:40:38.269000+00:00,2011-10-17 19:50:23.518000+00:00,177558,AO,14
3275,177558_W_Nabellen offertes_3275,W_Nabellen offertes,COMPLETE,2011-10-17 19:50:42.210000+00:00,2011-10-17 19:53:03.945000+00:00,177558,AO,14
3284,177564_A_SUBMITTED_3284,A_SUBMITTED,COMPLETE,2011-10-17 16:19:02.779000+00:00,2011-10-17 16:19:02.779000+00:00,177564,AA,0
3285,177564_A_PARTLYSUBMITTED_3285,A_PARTLYSUBMITTED,COMPLETE,2011-10-17 16:19:03.595000+00:00,2011-10-17 16:19:03.595000+00:00,177564,AA,0
3286,177564_A_DECLINED_3286,A_DECLINED,COMPLETE,2011-10-17 16:19:43.733000+00:00,2011-10-17 16:19:43.733000+00:00,177564,AA,0
3287,177567_A_SUBMITTED_3287,A_SUBMITTED,COMPLETE,2011-10-17 17:05:11.919000+00:00,2011-10-17 17:05:11.919000+00:00,177567,AA,0
3288,177567_A_PARTLYSUBMITTED_3288,A_PARTLYSUBMITTED,COMPLETE,2011-10-17 17:05:12.484000+00:00,2011-10-17 17:05:12.484000+00:00,177567,AA,0
3289,177567_A_DECLINED_3289,A_DECLINED,COMPLETE,2011-10-17 17:58:22.109000+00:00,2011-10-17 17:58:22.109000+00:00,177567,AL,11
3290,177567_W_Afhandelen leads_3290,W_Afhandelen leads,COMPLETE,2011-10-17 17:55:54.130000+00:00,2011-10-17 17:58:25.771000+00:00,177567,AL,11
3291,177570_A_SUBMITTED_3291,A_SUBMITTED,COMPLETE,2011-10-17 17:05:20.836000+00:00,2011-10-17 17:05:20.836000+00:00,177570,AA,0
3292,177570_A_PARTLYSUBMITTED_3292,A_PARTLYSUBMITTED,COMPLETE,2011-10-17 17:05:21.032000+00:00,2011-10-17 17:05:21.032000+00:00,177570,AA,0
3293,177570_W_Afhandelen leads_3293,W_Afhandelen leads,COMPLETE,2011-10-17 17:58:33.671000+00:00,2011-10-18 06:15:06.216000+00:00,177570,AL,11
3294,177570_W_Afhandelen leads_3294,W_Afhandelen leads,COMPLETE,2011-10-18 09:09:35.844000+00:00,2011-10-18 09:14:28.530000+00:00,177570,AL,11
3295,177570_A_PREACCEPTED_3295,A_PREACCEPTED,COMPLETE,2011-10-18 09:26:38.255000+00:00,2011-10-18 09:26:38.255000+00:00,177570,AL,11
3296,177570_W_Afhandelen leads_3296,W_Afhandelen leads,COMPLETE,2011-10-18 09:19:59.948000+00:00,2011-10-18 09:26:39.579000+00:00,177570,AL,11
3297,177570_W_Completeren aanvraag_3297,W_Completeren aanvraag,COMPLETE,2011-10-18 09:38:57.363000+00:00,2011-10-18 09:59:51.388000+00:00,177570,BO,40
3298,177570_W_Completeren aanvraag_3298,W_Completeren aanvraag,COMPLETE,2011-10-18 10:25:19.986000+00:00,2011-10-18 10:25:53.952000+00:00,177570,BO,40
3299,177570_A_DECLINED_3299,A_DECLINED,COMPLETE,2011-10-18 16:04:04.477000+00:00,2011-10-18 16:04:04.477000+00:00,177570,AT,19
3300,177570_W_Completeren aanvraag_3300,W_Completeren aanvraag,COMPLETE,2011-10-18 15:51:28.141000+00:00,2011-10-18 16:04:08.604000+00:00,177570,AT,19
3301,177573_A_SUBMITTED_3301,A_SUBMITTED,COMPLETE,2011-10-17 17:05:34.905000+00:00,2011-10-17 17:05:34.905000+00:00,177573,AA,0
3302,177573_A_PARTLYSUBMITTED_3302,A_PARTLYSUBMITTED,COMPLETE,2011-10-17 17:05:35+00:00,2011-10-17 17:05:35+00:00,177573,AA,0
3303,177573_A_DECLINED_3303,A_DECLINED,COMPLETE,2011-10-17 18:06:20.747000+00:00,2011-10-17 18:06:20.747000+00:00,177573,AO,14
3304,177573_W_Afhandelen leads_3304,W_Afhandelen leads,COMPLETE,2011-10-17 18:04:39.374000+00:00,2011-10-17 18:06:23.182000+00:00,177573,AO,14
3305,177576_A_SUBMITTED_3305,A_SUBMITTED,COMPLETE,2011-10-17 17:08:31.281000+00:00,2011-10-17 17:08:31.281000+00:00,177576,AA,0
3306,177576_A_PARTLYSUBMITTED_3306,A_PARTLYSUBMITTED,COMPLETE,2011-10-17 17:08:31.415000+00:00,2011-10-17 17:08:31.415000+00:00,177576,AA,0
3307,177576_A_PREACCEPTED_3307,A_PREACCEPTED,COMPLETE,2011-10-17 17:09:07.134000+00:00,2011-10-17 17:09:07.134000+00:00,177576,AA,0
3308,177576_W_Completeren aanvraag_3308,W_Completeren aanvraag,COMPLETE,2011-10-17 19:25:34.165000+00:00,2011-10-17 19:32:48.971000+00:00,177576,BR,43
3309,177576_W_Completeren aanvraag_3309,W_Completeren aanvraag,COMPLETE,2011-10-17 19:32:55.283000+00:00,2011-10-17 19:36:11.511000+00:00,177576,BR,43
3310,177576_A_ACCEPTED_3310,A_ACCEPTED,COMPLETE,2011-10-17 19:39:09.187000+00:00,2011-10-17 19:39:09.187000+00:00,177576,BR,43
3311,177576_O_SELECTED_3311,O_SELECTED,COMPLETE,2011-10-17 19:43:59.708000+00:00,2011-10-17 19:43:59.708000+00:00,177576,BR,43
3312,177576_A_FINALIZED_3312,A_FINALIZED,COMPLETE,2011-10-17 19:43:59.708000+00:00,2011-10-17 19:43:59.708000+00:00,177576,BR,43
3313,177576_O_CREATED_3313,O_CREATED,COMPLETE,2011-10-17 19:44:00.985000+00:00,2011-10-17 19:44:00.985000+00:00,177576,BR,43
3314,177576_O_SENT_3314,O_SENT,COMPLETE,2011-10-17 19:44:01.013000+00:00,2011-10-17 19:44:01.013000+00:00,177576,BR,43
3315,177576_W_Completeren aanvraag_3315,W_Completeren aanvraag,COMPLETE,2011-10-17 19:36:15.490000+00:00,2011-10-17 19:44:03.013000+00:00,177576,BR,43
3316,177576_W_Nabellen offertes_3316,W_Nabellen offertes,COMPLETE,2011-10-17 19:44:17.995000+00:00,2011-10-17 19:45:47.175000+00:00,177576,BR,43
3317,177576_W_Nabellen offertes_3317,W_Nabellen offertes,COMPLETE,2011-10-17 19:46:09.099000+00:00,2011-10-17 19:46:39.850000+00:00,177576,BR,43
3318,177576_O_SENT_BACK_3318,O_SENT_BACK,COMPLETE,2011-10-24 11:28:59.898000+00:00,2011-10-24 11:28:59.898000+00:00,177576,BJ,35
3319,177576_W_Nabellen offertes_3319,W_Nabellen offertes,COMPLETE,2011-10-24 11:28:20.471000+00:00,2011-10-24 11:29:02.075000+00:00,177576,BJ,35
3335,177585_A_SUBMITTED_3335,A_SUBMITTED,COMPLETE,2011-10-17 17:26:31.494000+00:00,2011-10-17 17:26:31.494000+00:00,177585,AA,0
3336,177585_A_PARTLYSUBMITTED_3336,A_PARTLYSUBMITTED,COMPLETE,2011-10-17 17:26:31.708000+00:00,2011-10-17 17:26:31.708000+00:00,177585,AA,0
3337,177585_A_DECLINED_3337,A_DECLINED,COMPLETE,2011-10-17 17:27:07.628000+00:00,2011-10-17 17:27:07.628000+00:00,177585,AA,0
3338,177588_A_SUBMITTED_3338,A_SUBMITTED,COMPLETE,2011-10-17 17:28:43.623000+00:00,2011-10-17 17:28:43.623000+00:00,177588,AA,0
3339,177588_A_PARTLYSUBMITTED_3339,A_PARTLYSUBMITTED,COMPLETE,2011-10-17 17:28:43.851000+00:00,2011-10-17 17:28:43.851000+00:00,177588,AA,0
3340,177588_A_PREACCEPTED_3340,A_PREACCEPTED,COMPLETE,2011-10-17 17:29:19.874000+00:00,2011-10-17 17:29:19.874000+00:00,177588,AA,0
3341,177588_A_DECLINED_3341,A_DECLINED,COMPLETE,2011-10-17 19:58:24.376000+00:00,2011-10-17 19:58:24.376000+00:00,177588,BR,43
3342,177588_W_Completeren aanvraag_3342,W_Completeren aanvraag,COMPLETE,2011-10-17 19:48:34.645000+00:00,2011-10-17 19:58:27.890000+00:00,177588,BR,43
3343,177594_A_SUBMITTED_3343,A_SUBMITTED,COMPLETE,2011-10-17 17:31:44.246000+00:00,2011-10-17 17:31:44.246000+00:00,177594,AA,0
3344,177594_A_PARTLYSUBMITTED_3344,A_PARTLYSUBMITTED,COMPLETE,2011-10-17 17:31:44.494000+00:00,2011-10-17 17:31:44.494000+00:00,177594,AA,0
3345,177594_A_DECLINED_3345,A_DECLINED,COMPLETE,2011-10-17 17:32:24.191000+00:00,2011-10-17 17:32:24.191000+00:00,177594,AA,0
3346,177597_A_SUBMITTED_3346,A_SUBMITTED,COMPLETE,2011-10-17 17:42:45.224000+00:00,2011-10-17 17:42:45.224000+00:00,177597,AA,0
3347,177597_A_PARTLYSUBMITTED_3347,A_PARTLYSUBMITTED,COMPLETE,2011-10-17 17:42:45.327000+00:00,2011-10-17 17:42:45.327000+00:00,177597,AA,0
3348,177597_A_DECLINED_3348,A_DECLINED,COMPLETE,2011-10-17 17:43:14.713000+00:00,2011-10-17 17:43:14.713000+00:00,177597,AA,0
3349,177603_A_SUBMITTED_3349,A_SUBMITTED,COMPLETE,2011-10-17 18:12:41.597000+00:00,2011-10-17 18:12:41.597000+00:00,177603,AA,0
3350,177603_A_PARTLYSUBMITTED_3350,A_PARTLYSUBMITTED,COMPLETE,2011-10-17 18:12:41.817000+00:00,2011-10-17 18:12:41.817000+00:00,177603,AA,0
3351,177603_A_PREACCEPTED_3351,A_PREACCEPTED,COMPLETE,2011-10-17 18:13:14.784000+00:00,2011-10-17 18:13:14.784000+00:00,177603,AA,0
3352,177603_A_ACCEPTED_3352,A_ACCEPTED,COMPLETE,2011-10-17 18:18:08.849000+00:00,2011-10-17 18:18:08.849000+00:00,177603,AT,19
3353,177603_O_SELECTED_3353,O_SELECTED,COMPLETE,2011-10-17 18:20:21.421000+00:00,2011-10-17 18:20:21.421000+00:00,177603,AT,19
3354,177603_A_FINALIZED_3354,A_FINALIZED,COMPLETE,2011-10-17 18:20:21.421000+00:00,2011-10-17 18:20:21.421000+00:00,177603,AT,19
3355,177603_O_CREATED_3355,O_CREATED,COMPLETE,2011-10-17 18:20:22.934000+00:00,2011-10-17 18:20:22.934000+00:00,177603,AT,19
3356,177603_O_SENT_3356,O_SENT,COMPLETE,2011-10-17 18:20:22.963000+00:00,2011-10-17 18:20:22.963000+00:00,177603,AT,19
3357,177603_W_Completeren aanvraag_3357,W_Completeren aanvraag,COMPLETE,2011-10-17 18:14:06.206000+00:00,2011-10-17 18:20:24.143000+00:00,177603,AT,19
3358,177603_W_Nabellen offertes_3358,W_Nabellen offertes,COMPLETE,2011-10-17 18:20:40.550000+00:00,2011-10-17 18:21:18.928000+00:00,177603,AT,19
3359,177603_O_SENT_BACK_3359,O_SENT_BACK,COMPLETE,2011-10-24 10:56:43.537000+00:00,2011-10-24 10:56:43.537000+00:00,177603,BJ,35
3360,177603_W_Nabellen offertes_3360,W_Nabellen offertes,COMPLETE,2011-10-24 10:55:31.721000+00:00,2011-10-24 10:56:45.414000+00:00,177603,BJ,35
3380,177606_A_SUBMITTED_3380,A_SUBMITTED,COMPLETE,2011-10-17 18:30:35.284000+00:00,2011-10-17 18:30:35.284000+00:00,177606,AA,0
3381,177606_A_PARTLYSUBMITTED_3381,A_PARTLYSUBMITTED,COMPLETE,2011-10-17 18:30:36.938000+00:00,2011-10-17 18:30:36.938000+00:00,177606,AA,0
3382,177606_W_Afhandelen leads_3382,W_Afhandelen leads,COMPLETE,2011-10-17 18:31:45.863000+00:00,2011-10-17 18:34:23.013000+00:00,177606,BR,43
3383,177606_A_PREACCEPTED_3383,A_PREACCEPTED,COMPLETE,2011-10-17 18:34:37.253000+00:00,2011-10-17 18:34:37.253000+00:00,177606,BR,43
3384,177606_W_Afhandelen leads_3384,W_Afhandelen leads,COMPLETE,2011-10-17 18:34:25.353000+00:00,2011-10-17 18:34:38.523000+00:00,177606,BR,43
3385,177606_A_DECLINED_3385,A_DECLINED,COMPLETE,2011-10-17 18:46:02.066000+00:00,2011-10-17 18:46:02.066000+00:00,177606,BR,43
3386,177606_W_Completeren aanvraag_3386,W_Completeren aanvraag,COMPLETE,2011-10-17 18:36:00.474000+00:00,2011-10-17 18:46:05.062000+00:00,177606,BR,43
3387,177609_A_SUBMITTED_3387,A_SUBMITTED,COMPLETE,2011-10-17 18:38:21.448000+00:00,2011-10-17 18:38:21.448000+00:00,177609,AA,0
3388,177609_A_PARTLYSUBMITTED_3388,A_PARTLYSUBMITTED,COMPLETE,2011-10-17 18:38:21.732000+00:00,2011-10-17 18:38:21.732000+00:00,177609,AA,0
3389,177609_A_PREACCEPTED_3389,A_PREACCEPTED,COMPLETE,2011-10-17 18:41:53.987000+00:00,2011-10-17 18:41:53.987000+00:00,177609,BN,39
3390,177609_W_Afhandelen leads_3390,W_Afhandelen leads,COMPLETE,2011-10-17 18:39:28.265000+00:00,2011-10-17 18:41:55.189000+00:00,177609,BN,39
3391,177609_A_ACCEPTED_3391,A_ACCEPTED,COMPLETE,2011-10-17 18:51:25.002000+00:00,2011-10-17 18:51:25.002000+00:00,177609,BN,39
3392,177609_A_FINALIZED_3392,A_FINALIZED,COMPLETE,2011-10-17 18:57:14.719000+00:00,2011-10-17 18:57:14.719000+00:00,177609,BN,39
3393,177609_O_SELECTED_3393,O_SELECTED,COMPLETE,2011-10-17 18:57:14.719000+00:00,2011-10-17 18:57:14.719000+00:00,177609,BN,39
3394,177609_O_CREATED_3394,O_CREATED,COMPLETE,2011-10-17 18:57:15.720000+00:00,2011-10-17 18:57:15.720000+00:00,177609,BN,39
3395,177609_O_SENT_3395,O_SENT,COMPLETE,2011-10-17 18:57:15.754000+00:00,2011-10-17 18:57:15.754000+00:00,177609,BN,39
3396,177609_W_Completeren aanvraag_3396,W_Completeren aanvraag,COMPLETE,2011-10-17 18:42:14.450000+00:00,2011-10-17 18:57:17.972000+00:00,177609,BN,39
3397,177609_W_Nabellen offertes_3397,W_Nabellen offertes,COMPLETE,2011-10-17 18:57:28.518000+00:00,2011-10-17 19:00:34.230000+00:00,177609,BN,39
3398,177609_W_Nabellen offertes_3398,W_Nabellen offertes,COMPLETE,2011-10-17 19:02:00.654000+00:00,2011-10-17 19:03:48.493000+00:00,177609,BN,39
3399,177609_O_SENT_BACK_3399,O_SENT_BACK,COMPLETE,2011-10-24 11:06:37.730000+00:00,2011-10-24 11:06:37.730000+00:00,177609,BJ,35
3400,177609_W_Nabellen offertes_3400,W_Nabellen offertes,COMPLETE,2011-10-24 11:05:54.882000+00:00,2011-10-24 11:06:40.112000+00:00,177609,BJ,35
3408,177612_A_SUBMITTED_3408,A_SUBMITTED,COMPLETE,2011-10-17 18:54:35.619000+00:00,2011-10-17 18:54:35.619000+00:00,177612,AA,0
3409,177612_A_PARTLYSUBMITTED_3409,A_PARTLYSUBMITTED,COMPLETE,2011-10-17 18:54:36.500000+00:00,2011-10-17 18:54:36.500000+00:00,177612,AA,0
3410,177612_A_DECLINED_3410,A_DECLINED,COMPLETE,2011-10-17 18:55:13.901000+00:00,2011-10-17 18:55:13.901000+00:00,177612,AA,0
3411,177615_A_SUBMITTED_3411,A_SUBMITTED,COMPLETE,2011-10-17 19:17:48.535000+00:00,2011-10-17 19:17:48.535000+00:00,177615,AA,0
3412,177615_A_PARTLYSUBMITTED_3412,A_PARTLYSUBMITTED,COMPLETE,2011-10-17 19:17:49.053000+00:00,2011-10-17 19:17:49.053000+00:00,177615,AA,0
3413,177615_A_DECLINED_3413,A_DECLINED,COMPLETE,2011-10-17 19:18:24.710000+00:00,2011-10-17 19:18:24.710000+00:00,177615,AA,0
3414,177621_A_SUBMITTED_3414,A_SUBMITTED,COMPLETE,2011-10-17 19:37:39.030000+00:00,2011-10-17 19:37:39.030000+00:00,177621,AA,0
3415,177621_A_PARTLYSUBMITTED_3415,A_PARTLYSUBMITTED,COMPLETE,2011-10-17 19:37:39.244000+00:00,2011-10-17 19:37:39.244000+00:00,177621,AA,0
3416,177621_A_DECLINED_3416,A_DECLINED,COMPLETE,2011-10-17 20:48:48.069000+00:00,2011-10-17 20:48:48.069000+00:00,177621,AO,14
3417,177621_W_Afhandelen leads_3417,W_Afhandelen leads,COMPLETE,2011-10-17 20:48:29.734000+00:00,2011-10-17 20:48:50.634000+00:00,177621,AO,14
3418,177627_A_SUBMITTED_3418,A_SUBMITTED,COMPLETE,2011-10-17 19:54:45.495000+00:00,2011-10-17 19:54:45.495000+00:00,177627,AA,0
3419,177627_A_PARTLYSUBMITTED_3419,A_PARTLYSUBMITTED,COMPLETE,2011-10-17 19:54:45.629000+00:00,2011-10-17 19:54:45.629000+00:00,177627,AA,0
3420,177627_A_DECLINED_3420,A_DECLINED,COMPLETE,2011-10-17 19:55:22.240000+00:00,2011-10-17 19:55:22.240000+00:00,177627,AA,0
3421,177630_A_SUBMITTED_3421,A_SUBMITTED,COMPLETE,2011-10-17 19:56:01.486000+00:00,2011-10-17 19:56:01.486000+00:00,177630,AA,0
3422,177630_A_PARTLYSUBMITTED_3422,A_PARTLYSUBMITTED,COMPLETE,2011-10-17 19:56:02.573000+00:00,2011-10-17 19:56:02.573000+00:00,177630,AA,0
3423,177630_A_DECLINED_3423,A_DECLINED,COMPLETE,2011-10-17 19:56:05.827000+00:00,2011-10-17 19:56:05.827000+00:00,177630,AA,0
3424,177633_A_SUBMITTED_3424,A_SUBMITTED,COMPLETE,2011-10-17 19:56:27.295000+00:00,2011-10-17 19:56:27.295000+00:00,177633,AA,0
3425,177633_A_PARTLYSUBMITTED_3425,A_PARTLYSUBMITTED,COMPLETE,2011-10-17 19:56:27.472000+00:00,2011-10-17 19:56:27.472000+00:00,177633,AA,0
3426,177633_A_PREACCEPTED_3426,A_PREACCEPTED,COMPLETE,2011-10-17 19:57:04.761000+00:00,2011-10-17 19:57:04.761000+00:00,177633,AA,0
3427,177633_W_Completeren aanvraag_3427,W_Completeren aanvraag,COMPLETE,2011-10-17 20:25:42.226000+00:00,2011-10-17 20:25:48.834000+00:00,177633,BQ,42
3428,177633_W_Completeren aanvraag_3428,W_Completeren aanvraag,COMPLETE,2011-10-17 20:51:33.517000+00:00,2011-10-17 20:57:22.740000+00:00,177633,BR,43
3429,177633_A_DECLINED_3429,A_DECLINED,COMPLETE,2011-10-17 21:05:06.045000+00:00,2011-10-17 21:05:06.045000+00:00,177633,BR,43
3430,177633_W_Completeren aanvraag_3430,W_Completeren aanvraag,COMPLETE,2011-10-17 20:57:24.952000+00:00,2011-10-17 21:05:09.779000+00:00,177633,BR,43
3431,177639_A_SUBMITTED_3431,A_SUBMITTED,COMPLETE,2011-10-17 20:00:27.585000+00:00,2011-10-17 20:00:27.585000+00:00,177639,AA,0
3432,177639_A_PARTLYSUBMITTED_3432,A_PARTLYSUBMITTED,COMPLETE,2011-10-17 20:00:27.711000+00:00,2011-10-17 20:00:27.711000+00:00,177639,AA,0
3433,177639_A_DECLINED_3433,A_DECLINED,COMPLETE,2011-10-17 20:01:02.144000+00:00,2011-10-17 20:01:02.144000+00:00,177639,AA,0
3434,177642_A_SUBMITTED_3434,A_SUBMITTED,COMPLETE,2011-10-17 20:01:21.815000+00:00,2011-10-17 20:01:21.815000+00:00,177642,AA,0
3435,177642_A_PARTLYSUBMITTED_3435,A_PARTLYSUBMITTED,COMPLETE,2011-10-17 20:01:21.987000+00:00,2011-10-17 20:01:21.987000+00:00,177642,AA,0
3436,177642_A_DECLINED_3436,A_DECLINED,COMPLETE,2011-10-17 20:01:58.673000+00:00,2011-10-17 20:01:58.673000+00:00,177642,AA,0
3437,177648_A_SUBMITTED_3437,A_SUBMITTED,COMPLETE,2011-10-17 20:12:10.424000+00:00,2011-10-17 20:12:10.424000+00:00,177648,AA,0
3438,177648_A_PARTLYSUBMITTED_3438,A_PARTLYSUBMITTED,COMPLETE,2011-10-17 20:12:10.514000+00:00,2011-10-17 20:12:10.514000+00:00,177648,AA,0
3439,177648_A_DECLINED_3439,A_DECLINED,COMPLETE,2011-10-17 20:12:45.049000+00:00,2011-10-17 20:12:45.049000+00:00,177648,AA,0
3440,177654_A_SUBMITTED_3440,A_SUBMITTED,COMPLETE,2011-10-17 20:40:23.820000+00:00,2011-10-17 20:40:23.820000+00:00,177654,AA,0
3441,177654_A_PARTLYSUBMITTED_3441,A_PARTLYSUBMITTED,COMPLETE,2011-10-17 20:40:24.065000+00:00,2011-10-17 20:40:24.065000+00:00,177654,AA,0
3442,177654_A_DECLINED_3442,A_DECLINED,COMPLETE,2011-10-17 20:40:55.227000+00:00,2011-10-17 20:40:55.227000+00:00,177654,AA,0
3443,177660_A_SUBMITTED_3443,A_SUBMITTED,COMPLETE,2011-10-17 21:18:25.156000+00:00,2011-10-17 21:18:25.156000+00:00,177660,AA,0
3444,177660_A_PARTLYSUBMITTED_3444,A_PARTLYSUBMITTED,COMPLETE,2011-10-17 21:18:25.465000+00:00,2011-10-17 21:18:25.465000+00:00,177660,AA,0
3445,177660_A_DECLINED_3445,A_DECLINED,COMPLETE,2011-10-18 09:12:34.885000+00:00,2011-10-18 09:12:34.885000+00:00,177660,AL,11
3446,177660_W_Afhandelen leads_3446,W_Afhandelen leads,COMPLETE,2011-10-18 09:10:18.470000+00:00,2011-10-18 09:12:38.860000+00:00,177660,AL,11
3447,177672_A_SUBMITTED_3447,A_SUBMITTED,COMPLETE,2011-10-17 21:48:48.598000+00:00,2011-10-17 21:48:48.598000+00:00,177672,AA,0
3448,177672_A_PARTLYSUBMITTED_3448,A_PARTLYSUBMITTED,COMPLETE,2011-10-17 21:48:48.713000+00:00,2011-10-17 21:48:48.713000+00:00,177672,AA,0
3449,177672_W_Afhandelen leads_3449,W_Afhandelen leads,COMPLETE,2011-10-18 09:12:58.244000+00:00,2011-10-18 09:14:28.533000+00:00,177672,AL,11
3450,177672_A_DECLINED_3450,A_DECLINED,COMPLETE,2011-10-18 09:16:09.336000+00:00,2011-10-18 09:16:09.336000+00:00,177672,AL,11
3451,177672_W_Afhandelen leads_3451,W_Afhandelen leads,COMPLETE,2011-10-18 09:14:33.421000+00:00,2011-10-18 09:16:13.230000+00:00,177672,AL,11
3452,177678_A_SUBMITTED_3452,A_SUBMITTED,COMPLETE,2011-10-17 22:15:34.304000+00:00,2011-10-17 22:15:34.304000+00:00,177678,AA,0
3453,177678_A_PARTLYSUBMITTED_3453,A_PARTLYSUBMITTED,COMPLETE,2011-10-17 22:15:34.544000+00:00,2011-10-17 22:15:34.544000+00:00,177678,AA,0
3454,177678_A_DECLINED_3454,A_DECLINED,COMPLETE,2011-10-18 09:19:29.730000+00:00,2011-10-18 09:19:29.730000+00:00,177678,AL,11
3455,177678_W_Afhandelen leads_3455,W_Afhandelen leads,COMPLETE,2011-10-18 09:16:26.830000+00:00,2011-10-18 09:19:32.707000+00:00,177678,AL,11
3456,177684_A_SUBMITTED_3456,A_SUBMITTED,COMPLETE,2011-10-17 22:44:52.771000+00:00,2011-10-17 22:44:52.771000+00:00,177684,AA,0
3457,177684_A_PARTLYSUBMITTED_3457,A_PARTLYSUBMITTED,COMPLETE,2011-10-17 22:44:52.946000+00:00,2011-10-17 22:44:52.946000+00:00,177684,AA,0
3458,177684_A_DECLINED_3458,A_DECLINED,COMPLETE,2011-10-17 22:45:38.709000+00:00,2011-10-17 22:45:38.709000+00:00,177684,AA,0
3459,177699_A_SUBMITTED_3459,A_SUBMITTED,COMPLETE,2011-10-17 23:15:59.494000+00:00,2011-10-17 23:15:59.494000+00:00,177699,AA,0
3460,177699_A_PARTLYSUBMITTED_3460,A_PARTLYSUBMITTED,COMPLETE,2011-10-17 23:16:04.469000+00:00,2011-10-17 23:16:04.469000+00:00,177699,AA,0
3461,177699_A_DECLINED_3461,A_DECLINED,COMPLETE,2011-10-17 23:16:44.077000+00:00,2011-10-17 23:16:44.077000+00:00,177699,AA,0
3462,177705_A_SUBMITTED_3462,A_SUBMITTED,COMPLETE,2011-10-18 00:04:24.283000+00:00,2011-10-18 00:04:24.283000+00:00,177705,AA,0
3463,177705_A_PARTLYSUBMITTED_3463,A_PARTLYSUBMITTED,COMPLETE,2011-10-18 00:04:24.985000+00:00,2011-10-18 00:04:24.985000+00:00,177705,AA,0
3464,177705_W_Beoordelen fraude_3464,W_Beoordelen fraude,COMPLETE,2011-10-18 09:19:04.762000+00:00,2011-10-18 09:19:26.843000+00:00,177705,AD,3
3465,177705_A_DECLINED_3465,A_DECLINED,COMPLETE,2011-10-18 13:35:20.897000+00:00,2011-10-18 13:35:20.897000+00:00,177705,AD,3
3466,177705_W_Beoordelen fraude_3466,W_Beoordelen fraude,COMPLETE,2011-10-18 13:35:15.200000+00:00,2011-10-18 13:35:23.796000+00:00,177705,AD,3
3467,177711_A_SUBMITTED_3467,A_SUBMITTED,COMPLETE,2011-10-18 00:48:19.541000+00:00,2011-10-18 00:48:19.541000+00:00,177711,AA,0
3468,177711_A_PARTLYSUBMITTED_3468,A_PARTLYSUBMITTED,COMPLETE,2011-10-18 00:48:19.653000+00:00,2011-10-18 00:48:19.653000+00:00,177711,AA,0
3469,177711_A_DECLINED_3469,A_DECLINED,COMPLETE,2011-10-18 00:48:55.627000+00:00,2011-10-18 00:48:55.627000+00:00,177711,AA,0
3470,177722_A_SUBMITTED_3470,A_SUBMITTED,COMPLETE,2011-10-18 08:32:46.045000+00:00,2011-10-18 08:32:46.045000+00:00,177722,AA,0
3471,177722_A_PARTLYSUBMITTED_3471,A_PARTLYSUBMITTED,COMPLETE,2011-10-18 08:32:46.186000+00:00,2011-10-18 08:32:46.186000+00:00,177722,AA,0
3472,177722_A_DECLINED_3472,A_DECLINED,COMPLETE,2011-10-18 08:33:19.630000+00:00,2011-10-18 08:33:19.630000+00:00,177722,AA,0
3473,177734_A_SUBMITTED_3473,A_SUBMITTED,COMPLETE,2011-10-18 08:58:45.176000+00:00,2011-10-18 08:58:45.176000+00:00,177734,AA,0
3474,177734_A_PARTLYSUBMITTED_3474,A_PARTLYSUBMITTED,COMPLETE,2011-10-18 08:58:45.321000+00:00,2011-10-18 08:58:45.321000+00:00,177734,AA,0
3475,177734_A_DECLINED_3475,A_DECLINED,COMPLETE,2011-10-18 09:22:39.970000+00:00,2011-10-18 09:22:39.970000+00:00,177734,AL,11
3476,177734_W_Afhandelen leads_3476,W_Afhandelen leads,COMPLETE,2011-10-18 09:19:49.743000+00:00,2011-10-18 09:22:42.588000+00:00,177734,AL,11
3477,177743_A_SUBMITTED_3477,A_SUBMITTED,COMPLETE,2011-10-18 09:29:38.988000+00:00,2011-10-18 09:29:38.988000+00:00,177743,AA,0
3478,177743_A_PARTLYSUBMITTED_3478,A_PARTLYSUBMITTED,COMPLETE,2011-10-18 09:29:39.501000+00:00,2011-10-18 09:29:39.501000+00:00,177743,AA,0
3479,177743_A_DECLINED_3479,A_DECLINED,COMPLETE,2011-10-18 09:30:21.557000+00:00,2011-10-18 09:30:21.557000+00:00,177743,AA,0
3480,177746_A_SUBMITTED_3480,A_SUBMITTED,COMPLETE,2011-10-18 09:30:18.948000+00:00,2011-10-18 09:30:18.948000+00:00,177746,AA,0
3481,177746_A_PARTLYSUBMITTED_3481,A_PARTLYSUBMITTED,COMPLETE,2011-10-18 09:30:19.167000+00:00,2011-10-18 09:30:19.167000+00:00,177746,AA,0
3482,177746_A_DECLINED_3482,A_DECLINED,COMPLETE,2011-10-18 09:36:21.055000+00:00,2011-10-18 09:36:21.055000+00:00,177746,BO,40
3483,177746_W_Afhandelen leads_3483,W_Afhandelen leads,COMPLETE,2011-10-18 09:34:16.569000+00:00,2011-10-18 09:36:25.731000+00:00,177746,BO,40
3484,177749_A_SUBMITTED_3484,A_SUBMITTED,COMPLETE,2011-10-18 09:48:54.540000+00:00,2011-10-18 09:48:54.540000+00:00,177749,AA,0
3485,177749_A_PARTLYSUBMITTED_3485,A_PARTLYSUBMITTED,COMPLETE,2011-10-18 09:48:54.829000+00:00,2011-10-18 09:48:54.829000+00:00,177749,AA,0
3486,177749_A_DECLINED_3486,A_DECLINED,COMPLETE,2011-10-18 09:51:21.443000+00:00,2011-10-18 09:51:21.443000+00:00,177749,AL,11
3487,177749_W_Afhandelen leads_3487,W_Afhandelen leads,COMPLETE,2011-10-18 09:50:46.649000+00:00,2011-10-18 09:51:24.585000+00:00,177749,AL,11
3488,177752_A_SUBMITTED_3488,A_SUBMITTED,COMPLETE,2011-10-18 09:48:57.883000+00:00,2011-10-18 09:48:57.883000+00:00,177752,AA,0
3489,177752_A_PARTLYSUBMITTED_3489,A_PARTLYSUBMITTED,COMPLETE,2011-10-18 09:48:58.055000+00:00,2011-10-18 09:48:58.055000+00:00,177752,AA,0
3490,177752_A_DECLINED_3490,A_DECLINED,COMPLETE,2011-10-18 09:49:59.188000+00:00,2011-10-18 09:49:59.188000+00:00,177752,AA,0
3491,177758_A_SUBMITTED_3491,A_SUBMITTED,COMPLETE,2011-10-18 10:07:20.260000+00:00,2011-10-18 10:07:20.260000+00:00,177758,AA,0
3492,177758_A_PARTLYSUBMITTED_3492,A_PARTLYSUBMITTED,COMPLETE,2011-10-18 10:07:20.538000+00:00,2011-10-18 10:07:20.538000+00:00,177758,AA,0
3493,177758_A_DECLINED_3493,A_DECLINED,COMPLETE,2011-10-18 10:13:02.572000+00:00,2011-10-18 10:13:02.572000+00:00,177758,BH,33
3494,177758_W_Afhandelen leads_3494,W_Afhandelen leads,COMPLETE,2011-10-18 10:08:00.014000+00:00,2011-10-18 10:13:07.155000+00:00,177758,BH,33
3495,177761_A_SUBMITTED_3495,A_SUBMITTED,COMPLETE,2011-10-18 10:22:24.278000+00:00,2011-10-18 10:22:24.278000+00:00,177761,AA,0
3496,177761_A_PARTLYSUBMITTED_3496,A_PARTLYSUBMITTED,COMPLETE,2011-10-18 10:22:24.448000+00:00,2011-10-18 10:22:24.448000+00:00,177761,AA,0
3497,177761_A_PREACCEPTED_3497,A_PREACCEPTED,COMPLETE,2011-10-18 10:23:03.749000+00:00,2011-10-18 10:23:03.749000+00:00,177761,AA,0
3498,177761_W_Completeren aanvraag_3498,W_Completeren aanvraag,COMPLETE,2011-10-18 10:26:02.596000+00:00,2011-10-18 10:29:12.526000+00:00,177761,BO,40
3499,177761_A_DECLINED_3499,A_DECLINED,COMPLETE,2011-10-18 10:41:57.391000+00:00,2011-10-18 10:41:57.391000+00:00,177761,BH,33
3500,177761_W_Completeren aanvraag_3500,W_Completeren aanvraag,COMPLETE,2011-10-18 10:37:33.450000+00:00,2011-10-18 10:42:00.430000+00:00,177761,BH,33
3501,177767_A_SUBMITTED_3501,A_SUBMITTED,COMPLETE,2011-10-18 10:58:39.382000+00:00,2011-10-18 10:58:39.382000+00:00,177767,AA,0
3502,177767_A_PARTLYSUBMITTED_3502,A_PARTLYSUBMITTED,COMPLETE,2011-10-18 10:58:39.831000+00:00,2011-10-18 10:58:39.831000+00:00,177767,AA,0
3503,177767_A_DECLINED_3503,A_DECLINED,COMPLETE,2011-10-18 11:16:25.388000+00:00,2011-10-18 11:16:25.388000+00:00,177767,AL,11
3504,177767_W_Afhandelen leads_3504,W_Afhandelen leads,COMPLETE,2011-10-18 11:14:23.002000+00:00,2011-10-18 11:16:28.617000+00:00,177767,AL,11
3505,177773_A_SUBMITTED_3505,A_SUBMITTED,COMPLETE,2011-10-18 12:05:37.251000+00:00,2011-10-18 12:05:37.251000+00:00,177773,AA,0
3506,177773_A_PARTLYSUBMITTED_3506,A_PARTLYSUBMITTED,COMPLETE,2011-10-18 12:05:40.318000+00:00,2011-10-18 12:05:40.318000+00:00,177773,AA,0
3507,177773_A_DECLINED_3507,A_DECLINED,COMPLETE,2011-10-18 12:06:30.506000+00:00,2011-10-18 12:06:30.506000+00:00,177773,AA,0
3508,177779_A_SUBMITTED_3508,A_SUBMITTED,COMPLETE,2011-10-18 12:22:41.479000+00:00,2011-10-18 12:22:41.479000+00:00,177779,AA,0
3509,177779_A_PARTLYSUBMITTED_3509,A_PARTLYSUBMITTED,COMPLETE,2011-10-18 12:22:41.820000+00:00,2011-10-18 12:22:41.820000+00:00,177779,AA,0
3510,177779_A_PREACCEPTED_3510,A_PREACCEPTED,COMPLETE,2011-10-18 12:23:23.247000+00:00,2011-10-18 12:23:23.247000+00:00,177779,AA,0
3511,177779_W_Completeren aanvraag_3511,W_Completeren aanvraag,COMPLETE,2011-10-18 12:30:22.037000+00:00,2011-10-18 12:39:51.750000+00:00,177779,BO,40
3512,177779_W_Completeren aanvraag_3512,W_Completeren aanvraag,COMPLETE,2011-10-18 16:04:49.941000+00:00,2011-10-18 16:05:56.920000+00:00,177779,AT,19
3513,177779_W_Completeren aanvraag_3513,W_Completeren aanvraag,COMPLETE,2011-10-18 17:14:49.854000+00:00,2011-10-18 17:16:04.658000+00:00,177779,BR,43
3514,177779_A_CANCELLED_3514,A_CANCELLED,COMPLETE,2011-10-19 13:50:14.365000+00:00,2011-10-19 13:50:14.365000+00:00,177779,BQ,42
3515,177779_W_Completeren aanvraag_3515,W_Completeren aanvraag,COMPLETE,2011-10-19 13:45:56.587000+00:00,2011-10-19 13:50:15.687000+00:00,177779,BQ,42
3516,177785_A_SUBMITTED_3516,A_SUBMITTED,COMPLETE,2011-10-18 12:36:16.855000+00:00,2011-10-18 12:36:16.855000+00:00,177785,AA,0
3517,177785_A_PARTLYSUBMITTED_3517,A_PARTLYSUBMITTED,COMPLETE,2011-10-18 12:36:17.072000+00:00,2011-10-18 12:36:17.072000+00:00,177785,AA,0
3518,177785_A_DECLINED_3518,A_DECLINED,COMPLETE,2011-10-18 12:37:12.434000+00:00,2011-10-18 12:37:12.434000+00:00,177785,AA,0
3519,177788_A_SUBMITTED_3519,A_SUBMITTED,COMPLETE,2011-10-18 12:37:44.727000+00:00,2011-10-18 12:37:44.727000+00:00,177788,AA,0
3520,177788_A_PARTLYSUBMITTED_3520,A_PARTLYSUBMITTED,COMPLETE,2011-10-18 12:37:45.063000+00:00,2011-10-18 12:37:45.063000+00:00,177788,AA,0
3521,177788_A_DECLINED_3521,A_DECLINED,COMPLETE,2011-10-18 13:45:32.234000+00:00,2011-10-18 13:45:32.234000+00:00,177788,AT,19
3522,177788_W_Afhandelen leads_3522,W_Afhandelen leads,COMPLETE,2011-10-18 13:44:52.865000+00:00,2011-10-18 13:45:35.190000+00:00,177788,AT,19
3523,177794_A_SUBMITTED_3523,A_SUBMITTED,COMPLETE,2011-10-18 13:03:34.311000+00:00,2011-10-18 13:03:34.311000+00:00,177794,AA,0
3524,177794_A_PARTLYSUBMITTED_3524,A_PARTLYSUBMITTED,COMPLETE,2011-10-18 13:03:34.807000+00:00,2011-10-18 13:03:34.807000+00:00,177794,AA,0
3525,177794_A_PREACCEPTED_3525,A_PREACCEPTED,COMPLETE,2011-10-18 13:04:24.205000+00:00,2011-10-18 13:04:24.205000+00:00,177794,AA,0
3526,177794_W_Completeren aanvraag_3526,W_Completeren aanvraag,COMPLETE,2011-10-18 13:06:34.179000+00:00,2011-10-18 13:21:54.695000+00:00,177794,BP,41
3527,177794_W_Completeren aanvraag_3527,W_Completeren aanvraag,COMPLETE,2011-10-19 09:42:47.653000+00:00,2011-10-19 09:44:24.506000+00:00,177794,BQ,42
3532,177803_A_SUBMITTED_3532,A_SUBMITTED,COMPLETE,2011-10-18 13:17:01.868000+00:00,2011-10-18 13:17:01.868000+00:00,177803,AA,0
3533,177803_A_PARTLYSUBMITTED_3533,A_PARTLYSUBMITTED,COMPLETE,2011-10-18 13:17:02.586000+00:00,2011-10-18 13:17:02.586000+00:00,177803,AA,0
3534,177803_A_DECLINED_3534,A_DECLINED,COMPLETE,2011-10-18 13:48:31.548000+00:00,2011-10-18 13:48:31.548000+00:00,177803,AT,19
3535,177803_W_Afhandelen leads_3535,W_Afhandelen leads,COMPLETE,2011-10-18 13:47:56.936000+00:00,2011-10-18 13:48:34.496000+00:00,177803,AT,19
3536,177806_A_SUBMITTED_3536,A_SUBMITTED,COMPLETE,2011-10-18 13:26:48.311000+00:00,2011-10-18 13:26:48.311000+00:00,177806,AA,0
3537,177806_A_PARTLYSUBMITTED_3537,A_PARTLYSUBMITTED,COMPLETE,2011-10-18 13:26:48.822000+00:00,2011-10-18 13:26:48.822000+00:00,177806,AA,0
3538,177806_A_DECLINED_3538,A_DECLINED,COMPLETE,2011-10-18 13:49:22.269000+00:00,2011-10-18 13:49:22.269000+00:00,177806,AT,19
3539,177806_W_Afhandelen leads_3539,W_Afhandelen leads,COMPLETE,2011-10-18 13:48:39.649000+00:00,2011-10-18 13:49:25.433000+00:00,177806,AT,19
3540,177809_A_SUBMITTED_3540,A_SUBMITTED,COMPLETE,2011-10-18 13:41:04.844000+00:00,2011-10-18 13:41:04.844000+00:00,177809,AA,0
3541,177809_A_PARTLYSUBMITTED_3541,A_PARTLYSUBMITTED,COMPLETE,2011-10-18 13:41:05.365000+00:00,2011-10-18 13:41:05.365000+00:00,177809,AA,0
3542,177809_A_DECLINED_3542,A_DECLINED,COMPLETE,2011-10-18 13:50:11.099000+00:00,2011-10-18 13:50:11.099000+00:00,177809,AT,19
3543,177809_W_Afhandelen leads_3543,W_Afhandelen leads,COMPLETE,2011-10-18 13:49:28.162000+00:00,2011-10-18 13:50:14.986000+00:00,177809,AT,19
3544,177812_A_SUBMITTED_3544,A_SUBMITTED,COMPLETE,2011-10-18 13:48:54.619000+00:00,2011-10-18 13:48:54.619000+00:00,177812,AA,0
3545,177812_A_PARTLYSUBMITTED_3545,A_PARTLYSUBMITTED,COMPLETE,2011-10-18 13:48:55.261000+00:00,2011-10-18 13:48:55.261000+00:00,177812,AA,0
3546,177812_A_DECLINED_3546,A_DECLINED,COMPLETE,2011-10-18 13:49:35.648000+00:00,2011-10-18 13:49:35.648000+00:00,177812,AA,0
3547,177818_A_SUBMITTED_3547,A_SUBMITTED,COMPLETE,2011-10-18 13:54:09.952000+00:00,2011-10-18 13:54:09.952000+00:00,177818,AA,0
3548,177818_A_PARTLYSUBMITTED_3548,A_PARTLYSUBMITTED,COMPLETE,2011-10-18 13:54:10.199000+00:00,2011-10-18 13:54:10.199000+00:00,177818,AA,0
3549,177818_A_DECLINED_3549,A_DECLINED,COMPLETE,2011-10-18 13:55:04.946000+00:00,2011-10-18 13:55:04.946000+00:00,177818,AA,0
3550,177824_A_SUBMITTED_3550,A_SUBMITTED,COMPLETE,2011-10-18 13:56:53.524000+00:00,2011-10-18 13:56:53.524000+00:00,177824,AA,0
3551,177824_A_PARTLYSUBMITTED_3551,A_PARTLYSUBMITTED,COMPLETE,2011-10-18 13:56:53.677000+00:00,2011-10-18 13:56:53.677000+00:00,177824,AA,0
3552,177824_A_DECLINED_3552,A_DECLINED,COMPLETE,2011-10-18 13:57:31.793000+00:00,2011-10-18 13:57:31.793000+00:00,177824,AA,0
3553,177833_A_SUBMITTED_3553,A_SUBMITTED,COMPLETE,2011-10-18 14:26:14.144000+00:00,2011-10-18 14:26:14.144000+00:00,177833,AA,0
3554,177833_A_PARTLYSUBMITTED_3554,A_PARTLYSUBMITTED,COMPLETE,2011-10-18 14:26:14.457000+00:00,2011-10-18 14:26:14.457000+00:00,177833,AA,0
3555,177833_A_DECLINED_3555,A_DECLINED,COMPLETE,2011-10-18 14:26:56.432000+00:00,2011-10-18 14:26:56.432000+00:00,177833,AA,0
3556,177839_A_SUBMITTED_3556,A_SUBMITTED,COMPLETE,2011-10-18 14:50:30.511000+00:00,2011-10-18 14:50:30.511000+00:00,177839,AA,0
3557,177839_A_PARTLYSUBMITTED_3557,A_PARTLYSUBMITTED,COMPLETE,2011-10-18 14:50:30.925000+00:00,2011-10-18 14:50:30.925000+00:00,177839,AA,0
3558,177839_A_DECLINED_3558,A_DECLINED,COMPLETE,2011-10-18 15:07:23.278000+00:00,2011-10-18 15:07:23.278000+00:00,177839,AL,11
3559,177839_W_Afhandelen leads_3559,W_Afhandelen leads,COMPLETE,2011-10-18 15:07:03.847000+00:00,2011-10-18 15:07:27.874000+00:00,177839,AL,11
3560,177842_A_SUBMITTED_3560,A_SUBMITTED,COMPLETE,2011-10-18 14:52:30.734000+00:00,2011-10-18 14:52:30.734000+00:00,177842,AA,0
3561,177842_A_PARTLYSUBMITTED_3561,A_PARTLYSUBMITTED,COMPLETE,2011-10-18 14:52:30.877000+00:00,2011-10-18 14:52:30.877000+00:00,177842,AA,0
3562,177842_A_DECLINED_3562,A_DECLINED,COMPLETE,2011-10-18 14:53:16.976000+00:00,2011-10-18 14:53:16.976000+00:00,177842,AA,0
3563,177848_A_SUBMITTED_3563,A_SUBMITTED,COMPLETE,2011-10-18 14:55:59.662000+00:00,2011-10-18 14:55:59.662000+00:00,177848,AA,0
3564,177848_A_PARTLYSUBMITTED_3564,A_PARTLYSUBMITTED,COMPLETE,2011-10-18 14:55:59.765000+00:00,2011-10-18 14:55:59.765000+00:00,177848,AA,0
3565,177848_A_DECLINED_3565,A_DECLINED,COMPLETE,2011-10-18 14:56:41.540000+00:00,2011-10-18 14:56:41.540000+00:00,177848,AA,0
3566,177854_A_SUBMITTED_3566,A_SUBMITTED,COMPLETE,2011-10-18 15:25:59.003000+00:00,2011-10-18 15:25:59.003000+00:00,177854,AA,0
3567,177854_A_PARTLYSUBMITTED_3567,A_PARTLYSUBMITTED,COMPLETE,2011-10-18 15:25:59.388000+00:00,2011-10-18 15:25:59.388000+00:00,177854,AA,0
3568,177854_A_DECLINED_3568,A_DECLINED,COMPLETE,2011-10-18 15:26:37.231000+00:00,2011-10-18 15:26:37.231000+00:00,177854,AA,0
3569,177860_A_SUBMITTED_3569,A_SUBMITTED,COMPLETE,2011-10-18 16:03:44.174000+00:00,2011-10-18 16:03:44.174000+00:00,177860,AA,0
3570,177860_A_PARTLYSUBMITTED_3570,A_PARTLYSUBMITTED,COMPLETE,2011-10-18 16:03:44.626000+00:00,2011-10-18 16:03:44.626000+00:00,177860,AA,0
3571,177860_A_DECLINED_3571,A_DECLINED,COMPLETE,2011-10-18 16:06:49.354000+00:00,2011-10-18 16:06:49.354000+00:00,177860,BP,41
3572,177860_W_Afhandelen leads_3572,W_Afhandelen leads,COMPLETE,2011-10-18 16:05:02.662000+00:00,2011-10-18 16:06:52.609000+00:00,177860,BP,41
3573,177863_A_SUBMITTED_3573,A_SUBMITTED,COMPLETE,2011-10-18 16:18:28.297000+00:00,2011-10-18 16:18:28.297000+00:00,177863,AA,0
3574,177863_A_PARTLYSUBMITTED_3574,A_PARTLYSUBMITTED,COMPLETE,2011-10-18 16:18:28.436000+00:00,2011-10-18 16:18:28.436000+00:00,177863,AA,0
3575,177863_A_DECLINED_3575,A_DECLINED,COMPLETE,2011-10-18 16:33:35.420000+00:00,2011-10-18 16:33:35.420000+00:00,177863,AL,11
3576,177863_W_Afhandelen leads_3576,W_Afhandelen leads,COMPLETE,2011-10-18 16:30:44.851000+00:00,2011-10-18 16:33:38.454000+00:00,177863,AL,11
3577,177869_A_SUBMITTED_3577,A_SUBMITTED,COMPLETE,2011-10-18 16:44:19.130000+00:00,2011-10-18 16:44:19.130000+00:00,177869,AA,0
3578,177869_A_PARTLYSUBMITTED_3578,A_PARTLYSUBMITTED,COMPLETE,2011-10-18 16:44:19.301000+00:00,2011-10-18 16:44:19.301000+00:00,177869,AA,0
3579,177869_A_DECLINED_3579,A_DECLINED,COMPLETE,2011-10-18 16:44:56.390000+00:00,2011-10-18 16:44:56.390000+00:00,177869,AA,0
3580,177872_A_SUBMITTED_3580,A_SUBMITTED,COMPLETE,2011-10-18 16:49:02.210000+00:00,2011-10-18 16:49:02.210000+00:00,177872,AA,0
3581,177872_A_PARTLYSUBMITTED_3581,A_PARTLYSUBMITTED,COMPLETE,2011-10-18 16:49:02.363000+00:00,2011-10-18 16:49:02.363000+00:00,177872,AA,0
3582,177872_A_DECLINED_3582,A_DECLINED,COMPLETE,2011-10-18 16:49:45.383000+00:00,2011-10-18 16:49:45.383000+00:00,177872,AA,0
3583,177875_A_SUBMITTED_3583,A_SUBMITTED,COMPLETE,2011-10-18 17:02:13.597000+00:00,2011-10-18 17:02:13.597000+00:00,177875,AA,0
3584,177875_A_PARTLYSUBMITTED_3584,A_PARTLYSUBMITTED,COMPLETE,2011-10-18 17:02:13.785000+00:00,2011-10-18 17:02:13.785000+00:00,177875,AA,0
3585,177875_A_DECLINED_3585,A_DECLINED,COMPLETE,2011-10-18 17:03:00.677000+00:00,2011-10-18 17:03:00.677000+00:00,177875,AA,0
3586,177884_A_SUBMITTED_3586,A_SUBMITTED,COMPLETE,2011-10-18 17:11:37.676000+00:00,2011-10-18 17:11:37.676000+00:00,177884,AA,0
3587,177884_A_PARTLYSUBMITTED_3587,A_PARTLYSUBMITTED,COMPLETE,2011-10-18 17:11:38.100000+00:00,2011-10-18 17:11:38.100000+00:00,177884,AA,0
3588,177884_A_DECLINED_3588,A_DECLINED,COMPLETE,2011-10-18 17:12:21.060000+00:00,2011-10-18 17:12:21.060000+00:00,177884,AA,0
3589,177887_A_SUBMITTED_3589,A_SUBMITTED,COMPLETE,2011-10-18 17:13:26.740000+00:00,2011-10-18 17:13:26.740000+00:00,177887,AA,0
3590,177887_A_PARTLYSUBMITTED_3590,A_PARTLYSUBMITTED,COMPLETE,2011-10-18 17:13:26.885000+00:00,2011-10-18 17:13:26.885000+00:00,177887,AA,0
3591,177887_A_DECLINED_3591,A_DECLINED,COMPLETE,2011-10-18 17:47:57.037000+00:00,2011-10-18 17:47:57.037000+00:00,177887,BC,28
3592,177887_W_Afhandelen leads_3592,W_Afhandelen leads,COMPLETE,2011-10-18 17:45:02.946000+00:00,2011-10-18 17:47:59.880000+00:00,177887,BC,28
3593,177890_A_SUBMITTED_3593,A_SUBMITTED,COMPLETE,2011-10-18 17:23:21.963000+00:00,2011-10-18 17:23:21.963000+00:00,177890,AA,0
3594,177890_A_PARTLYSUBMITTED_3594,A_PARTLYSUBMITTED,COMPLETE,2011-10-18 17:23:22.124000+00:00,2011-10-18 17:23:22.124000+00:00,177890,AA,0
3595,177890_W_Afhandelen leads_3595,W_Afhandelen leads,COMPLETE,2011-10-18 17:48:03.861000+00:00,2011-10-18 17:49:14.655000+00:00,177890,BC,28
3596,177890_W_Afhandelen leads_3596,W_Afhandelen leads,COMPLETE,2011-10-18 17:49:21.689000+00:00,2011-10-18 17:49:22.414000+00:00,177890,BC,28
3597,177890_A_DECLINED_3597,A_DECLINED,COMPLETE,2011-10-18 17:52:16.095000+00:00,2011-10-18 17:52:16.095000+00:00,177890,BC,28
3598,177890_W_Afhandelen leads_3598,W_Afhandelen leads,COMPLETE,2011-10-18 17:49:30.795000+00:00,2011-10-18 17:52:19.941000+00:00,177890,BC,28
3599,177893_A_SUBMITTED_3599,A_SUBMITTED,COMPLETE,2011-10-18 17:23:28.837000+00:00,2011-10-18 17:23:28.837000+00:00,177893,AA,0
3600,177893_A_PARTLYSUBMITTED_3600,A_PARTLYSUBMITTED,COMPLETE,2011-10-18 17:23:29.007000+00:00,2011-10-18 17:23:29.007000+00:00,177893,AA,0
3601,177893_A_DECLINED_3601,A_DECLINED,COMPLETE,2011-10-18 17:53:49.932000+00:00,2011-10-18 17:53:49.932000+00:00,177893,BC,28
3602,177893_W_Afhandelen leads_3602,W_Afhandelen leads,COMPLETE,2011-10-18 17:52:24.100000+00:00,2011-10-18 17:53:53.153000+00:00,177893,BC,28
3603,177896_A_SUBMITTED_3603,A_SUBMITTED,COMPLETE,2011-10-18 17:30:27.865000+00:00,2011-10-18 17:30:27.865000+00:00,177896,AA,0
3604,177896_A_PARTLYSUBMITTED_3604,A_PARTLYSUBMITTED,COMPLETE,2011-10-18 17:30:28.032000+00:00,2011-10-18 17:30:28.032000+00:00,177896,AA,0
3605,177896_A_DECLINED_3605,A_DECLINED,COMPLETE,2011-10-18 18:14:14.623000+00:00,2011-10-18 18:14:14.623000+00:00,177896,BC,28
3606,177896_W_Afhandelen leads_3606,W_Afhandelen leads,COMPLETE,2011-10-18 18:13:42.040000+00:00,2011-10-18 18:14:18.202000+00:00,177896,BC,28
3607,177899_A_SUBMITTED_3607,A_SUBMITTED,COMPLETE,2011-10-18 17:39:10.627000+00:00,2011-10-18 17:39:10.627000+00:00,177899,AA,0
3608,177899_A_PARTLYSUBMITTED_3608,A_PARTLYSUBMITTED,COMPLETE,2011-10-18 17:39:10.736000+00:00,2011-10-18 17:39:10.736000+00:00,177899,AA,0
3609,177899_A_DECLINED_3609,A_DECLINED,COMPLETE,2011-10-18 17:39:42.118000+00:00,2011-10-18 17:39:42.118000+00:00,177899,AA,0
3610,177902_A_SUBMITTED_3610,A_SUBMITTED,COMPLETE,2011-10-18 17:59:38.016000+00:00,2011-10-18 17:59:38.016000+00:00,177902,AA,0
3611,177902_A_PARTLYSUBMITTED_3611,A_PARTLYSUBMITTED,COMPLETE,2011-10-18 17:59:38.263000+00:00,2011-10-18 17:59:38.263000+00:00,177902,AA,0
3612,177902_A_PREACCEPTED_3612,A_PREACCEPTED,COMPLETE,2011-10-18 18:00:19.087000+00:00,2011-10-18 18:00:19.087000+00:00,177902,AA,0
3613,177902_A_ACCEPTED_3613,A_ACCEPTED,COMPLETE,2011-10-18 18:41:02.474000+00:00,2011-10-18 18:41:02.474000+00:00,177902,BP,41
3614,177902_O_SELECTED_3614,O_SELECTED,COMPLETE,2011-10-18 18:43:58.666000+00:00,2011-10-18 18:43:58.666000+00:00,177902,BP,41
3615,177902_A_FINALIZED_3615,A_FINALIZED,COMPLETE,2011-10-18 18:43:58.666000+00:00,2011-10-18 18:43:58.666000+00:00,177902,BP,41
3616,177902_O_CREATED_3616,O_CREATED,COMPLETE,2011-10-18 18:44:00.076000+00:00,2011-10-18 18:44:00.076000+00:00,177902,BP,41
3617,177902_O_SENT_3617,O_SENT,COMPLETE,2011-10-18 18:44:00.115000+00:00,2011-10-18 18:44:00.115000+00:00,177902,BP,41
3618,177902_W_Completeren aanvraag_3618,W_Completeren aanvraag,COMPLETE,2011-10-18 18:34:23.288000+00:00,2011-10-18 18:44:02.559000+00:00,177902,BP,41
3619,177902_W_Nabellen offertes_3619,W_Nabellen offertes,COMPLETE,2011-10-20 13:32:58.951000+00:00,2011-10-20 13:34:00.991000+00:00,177902,AT,19
3620,177902_O_SENT_BACK_3620,O_SENT_BACK,COMPLETE,2011-10-24 11:24:38.544000+00:00,2011-10-24 11:24:38.544000+00:00,177902,BJ,35
3621,177902_W_Nabellen offertes_3621,W_Nabellen offertes,COMPLETE,2011-10-24 11:24:11.426000+00:00,2011-10-24 11:24:39.884000+00:00,177902,BJ,35
3627,177905_A_SUBMITTED_3627,A_SUBMITTED,COMPLETE,2011-10-18 18:12:41.631000+00:00,2011-10-18 18:12:41.631000+00:00,177905,AA,0
3628,177905_A_PARTLYSUBMITTED_3628,A_PARTLYSUBMITTED,COMPLETE,2011-10-18 18:12:41.818000+00:00,2011-10-18 18:12:41.818000+00:00,177905,AA,0
3629,177905_A_DECLINED_3629,A_DECLINED,COMPLETE,2011-10-18 18:17:55.433000+00:00,2011-10-18 18:17:55.433000+00:00,177905,BC,28
3630,177905_W_Afhandelen leads_3630,W_Afhandelen leads,COMPLETE,2011-10-18 18:14:21.271000+00:00,2011-10-18 18:17:59.292000+00:00,177905,BC,28
3631,177911_A_SUBMITTED_3631,A_SUBMITTED,COMPLETE,2011-10-18 18:23:27.241000+00:00,2011-10-18 18:23:27.241000+00:00,177911,AA,0
3632,177911_A_PARTLYSUBMITTED_3632,A_PARTLYSUBMITTED,COMPLETE,2011-10-18 18:23:27.376000+00:00,2011-10-18 18:23:27.376000+00:00,177911,AA,0
3633,177911_A_DECLINED_3633,A_DECLINED,COMPLETE,2011-10-18 18:27:41.451000+00:00,2011-10-18 18:27:41.451000+00:00,177911,AO,14
3634,177911_W_Afhandelen leads_3634,W_Afhandelen leads,COMPLETE,2011-10-18 18:23:55.058000+00:00,2011-10-18 18:27:45.203000+00:00,177911,AO,14
3635,177914_A_SUBMITTED_3635,A_SUBMITTED,COMPLETE,2011-10-18 18:34:36.099000+00:00,2011-10-18 18:34:36.099000+00:00,177914,AA,0
3636,177914_A_PARTLYSUBMITTED_3636,A_PARTLYSUBMITTED,COMPLETE,2011-10-18 18:34:36.908000+00:00,2011-10-18 18:34:36.908000+00:00,177914,AA,0
3637,177914_A_DECLINED_3637,A_DECLINED,COMPLETE,2011-10-18 18:35:30.416000+00:00,2011-10-18 18:35:30.416000+00:00,177914,AA,0
3638,177917_A_SUBMITTED_3638,A_SUBMITTED,COMPLETE,2011-10-18 18:45:19.803000+00:00,2011-10-18 18:45:19.803000+00:00,177917,AA,0
3639,177917_A_PARTLYSUBMITTED_3639,A_PARTLYSUBMITTED,COMPLETE,2011-10-18 18:45:20.012000+00:00,2011-10-18 18:45:20.012000+00:00,177917,AA,0
3640,177917_A_DECLINED_3640,A_DECLINED,COMPLETE,2011-10-18 18:46:03.047000+00:00,2011-10-18 18:46:03.047000+00:00,177917,AA,0
3641,177920_A_SUBMITTED_3641,A_SUBMITTED,COMPLETE,2011-10-18 18:50:43.725000+00:00,2011-10-18 18:50:43.725000+00:00,177920,AA,0
3642,177920_A_PARTLYSUBMITTED_3642,A_PARTLYSUBMITTED,COMPLETE,2011-10-18 18:50:44.061000+00:00,2011-10-18 18:50:44.061000+00:00,177920,AA,0
3643,177920_A_DECLINED_3643,A_DECLINED,COMPLETE,2011-10-18 19:02:51.293000+00:00,2011-10-18 19:02:51.293000+00:00,177920,BC,28
3644,177920_W_Afhandelen leads_3644,W_Afhandelen leads,COMPLETE,2011-10-18 18:54:48.591000+00:00,2011-10-18 19:02:54.812000+00:00,177920,BC,28
3645,177923_A_SUBMITTED_3645,A_SUBMITTED,COMPLETE,2011-10-18 18:55:35.204000+00:00,2011-10-18 18:55:35.204000+00:00,177923,AA,0
3646,177923_A_PARTLYSUBMITTED_3646,A_PARTLYSUBMITTED,COMPLETE,2011-10-18 18:55:35.304000+00:00,2011-10-18 18:55:35.304000+00:00,177923,AA,0
3647,177923_A_DECLINED_3647,A_DECLINED,COMPLETE,2011-10-18 18:56:17.420000+00:00,2011-10-18 18:56:17.420000+00:00,177923,AA,0
3648,177929_A_SUBMITTED_3648,A_SUBMITTED,COMPLETE,2011-10-18 18:58:08.986000+00:00,2011-10-18 18:58:08.986000+00:00,177929,AA,0
3649,177929_A_PARTLYSUBMITTED_3649,A_PARTLYSUBMITTED,COMPLETE,2011-10-18 18:58:09.087000+00:00,2011-10-18 18:58:09.087000+00:00,177929,AA,0
3650,177929_A_DECLINED_3650,A_DECLINED,COMPLETE,2011-10-18 20:04:20.663000+00:00,2011-10-18 20:04:20.663000+00:00,177929,AO,14
3651,177929_W_Afhandelen leads_3651,W_Afhandelen leads,COMPLETE,2011-10-18 19:37:02.514000+00:00,2011-10-18 20:04:23.387000+00:00,177929,AO,14
3652,177932_A_SUBMITTED_3652,A_SUBMITTED,COMPLETE,2011-10-18 19:07:56.211000+00:00,2011-10-18 19:07:56.211000+00:00,177932,AA,0
3653,177932_A_PARTLYSUBMITTED_3653,A_PARTLYSUBMITTED,COMPLETE,2011-10-18 19:07:56.299000+00:00,2011-10-18 19:07:56.299000+00:00,177932,AA,0
3654,177932_A_DECLINED_3654,A_DECLINED,COMPLETE,2011-10-18 19:08:32.687000+00:00,2011-10-18 19:08:32.687000+00:00,177932,AA,0
3655,177935_A_SUBMITTED_3655,A_SUBMITTED,COMPLETE,2011-10-18 19:12:29.149000+00:00,2011-10-18 19:12:29.149000+00:00,177935,AA,0
3656,177935_A_PARTLYSUBMITTED_3656,A_PARTLYSUBMITTED,COMPLETE,2011-10-18 19:12:29.256000+00:00,2011-10-18 19:12:29.256000+00:00,177935,AA,0
3657,177935_A_DECLINED_3657,A_DECLINED,COMPLETE,2011-10-18 19:13:10.060000+00:00,2011-10-18 19:13:10.060000+00:00,177935,AA,0
3658,177938_A_SUBMITTED_3658,A_SUBMITTED,COMPLETE,2011-10-18 19:17:16.114000+00:00,2011-10-18 19:17:16.114000+00:00,177938,AA,0
3659,177938_A_PARTLYSUBMITTED_3659,A_PARTLYSUBMITTED,COMPLETE,2011-10-18 19:17:16.352000+00:00,2011-10-18 19:17:16.352000+00:00,177938,AA,0
3660,177938_A_PREACCEPTED_3660,A_PREACCEPTED,COMPLETE,2011-10-18 19:54:21.433000+00:00,2011-10-18 19:54:21.433000+00:00,177938,BC,28
3661,177938_W_Afhandelen leads_3661,W_Afhandelen leads,COMPLETE,2011-10-18 19:53:42.274000+00:00,2011-10-18 19:54:22.624000+00:00,177938,BC,28
3662,177938_A_CANCELLED_3662,A_CANCELLED,COMPLETE,2011-10-18 20:03:31.594000+00:00,2011-10-18 20:03:31.594000+00:00,177938,BP,41
3663,177938_W_Completeren aanvraag_3663,W_Completeren aanvraag,COMPLETE,2011-10-18 19:56:54.554000+00:00,2011-10-18 20:03:34.053000+00:00,177938,BP,41
3664,177944_A_SUBMITTED_3664,A_SUBMITTED,COMPLETE,2011-10-18 19:28:19.460000+00:00,2011-10-18 19:28:19.460000+00:00,177944,AA,0
3665,177944_A_PARTLYSUBMITTED_3665,A_PARTLYSUBMITTED,COMPLETE,2011-10-18 19:28:20.577000+00:00,2011-10-18 19:28:20.577000+00:00,177944,AA,0
3666,177944_A_DECLINED_3666,A_DECLINED,COMPLETE,2011-10-18 19:59:41.009000+00:00,2011-10-18 19:59:41.009000+00:00,177944,BC,28
3667,177944_W_Afhandelen leads_3667,W_Afhandelen leads,COMPLETE,2011-10-18 19:54:25.132000+00:00,2011-10-18 19:59:43.984000+00:00,177944,BC,28
3668,177947_A_SUBMITTED_3668,A_SUBMITTED,COMPLETE,2011-10-18 19:35:22.340000+00:00,2011-10-18 19:35:22.340000+00:00,177947,AA,0
3669,177947_A_PARTLYSUBMITTED_3669,A_PARTLYSUBMITTED,COMPLETE,2011-10-18 19:35:22.597000+00:00,2011-10-18 19:35:22.597000+00:00,177947,AA,0
3670,177947_A_PREACCEPTED_3670,A_PREACCEPTED,COMPLETE,2011-10-18 19:36:05.478000+00:00,2011-10-18 19:36:05.478000+00:00,177947,AA,0
3671,177947_A_DECLINED_3671,A_DECLINED,COMPLETE,2011-10-18 19:49:46.854000+00:00,2011-10-18 19:49:46.854000+00:00,177947,BP,41
3672,177947_W_Completeren aanvraag_3672,W_Completeren aanvraag,COMPLETE,2011-10-18 19:41:52.096000+00:00,2011-10-18 19:49:50.694000+00:00,177947,BP,41
3673,177950_A_SUBMITTED_3673,A_SUBMITTED,COMPLETE,2011-10-18 19:39:44.531000+00:00,2011-10-18 19:39:44.531000+00:00,177950,AA,0
3674,177950_A_PARTLYSUBMITTED_3674,A_PARTLYSUBMITTED,COMPLETE,2011-10-18 19:39:44.639000+00:00,2011-10-18 19:39:44.639000+00:00,177950,AA,0
3675,177950_A_DECLINED_3675,A_DECLINED,COMPLETE,2011-10-18 19:40:22.574000+00:00,2011-10-18 19:40:22.574000+00:00,177950,AA,0
3676,177956_A_SUBMITTED_3676,A_SUBMITTED,COMPLETE,2011-10-18 19:55:35.942000+00:00,2011-10-18 19:55:35.942000+00:00,177956,AA,0
3677,177956_A_PARTLYSUBMITTED_3677,A_PARTLYSUBMITTED,COMPLETE,2011-10-18 19:55:36.225000+00:00,2011-10-18 19:55:36.225000+00:00,177956,AA,0
3678,177956_A_PREACCEPTED_3678,A_PREACCEPTED,COMPLETE,2011-10-18 19:56:15.994000+00:00,2011-10-18 19:56:15.994000+00:00,177956,AA,0
3679,177956_W_Completeren aanvraag_3679,W_Completeren aanvraag,COMPLETE,2011-10-18 20:03:42.849000+00:00,2011-10-18 20:06:21.632000+00:00,177956,BP,41
3680,177956_A_DECLINED_3680,A_DECLINED,COMPLETE,2011-10-19 10:03:11.659000+00:00,2011-10-19 10:03:11.659000+00:00,177956,BQ,42
3681,177956_W_Completeren aanvraag_3681,W_Completeren aanvraag,COMPLETE,2011-10-19 09:54:04.441000+00:00,2011-10-19 10:03:15.309000+00:00,177956,BQ,42
3682,177959_A_SUBMITTED_3682,A_SUBMITTED,COMPLETE,2011-10-18 19:59:00.665000+00:00,2011-10-18 19:59:00.665000+00:00,177959,AA,0
3683,177959_A_PARTLYSUBMITTED_3683,A_PARTLYSUBMITTED,COMPLETE,2011-10-18 19:59:00.851000+00:00,2011-10-18 19:59:00.851000+00:00,177959,AA,0
3684,177959_A_DECLINED_3684,A_DECLINED,COMPLETE,2011-10-18 20:00:30.236000+00:00,2011-10-18 20:00:30.236000+00:00,177959,BC,28
3685,177959_W_Afhandelen leads_3685,W_Afhandelen leads,COMPLETE,2011-10-18 19:59:52.101000+00:00,2011-10-18 20:00:33.637000+00:00,177959,BC,28
3686,177962_A_SUBMITTED_3686,A_SUBMITTED,COMPLETE,2011-10-18 20:02:52.979000+00:00,2011-10-18 20:02:52.979000+00:00,177962,AA,0
3687,177962_A_PARTLYSUBMITTED_3687,A_PARTLYSUBMITTED,COMPLETE,2011-10-18 20:02:53.229000+00:00,2011-10-18 20:02:53.229000+00:00,177962,AA,0
3688,177962_A_DECLINED_3688,A_DECLINED,COMPLETE,2011-10-18 20:03:37.812000+00:00,2011-10-18 20:03:37.812000+00:00,177962,AA,0
3689,177977_A_SUBMITTED_3689,A_SUBMITTED,COMPLETE,2011-10-18 20:36:50.284000+00:00,2011-10-18 20:36:50.284000+00:00,177977,AA,0
3690,177977_A_PARTLYSUBMITTED_3690,A_PARTLYSUBMITTED,COMPLETE,2011-10-18 20:36:50.452000+00:00,2011-10-18 20:36:50.452000+00:00,177977,AA,0
3691,177977_A_DECLINED_3691,A_DECLINED,COMPLETE,2011-10-18 20:37:29.638000+00:00,2011-10-18 20:37:29.638000+00:00,177977,AA,0
3692,177980_A_SUBMITTED_3692,A_SUBMITTED,COMPLETE,2011-10-18 20:51:33.496000+00:00,2011-10-18 20:51:33.496000+00:00,177980,AA,0
3693,177980_A_PARTLYSUBMITTED_3693,A_PARTLYSUBMITTED,COMPLETE,2011-10-18 20:51:33.765000+00:00,2011-10-18 20:51:33.765000+00:00,177980,AA,0
3694,177980_A_DECLINED_3694,A_DECLINED,COMPLETE,2011-10-18 20:52:14.198000+00:00,2011-10-18 20:52:14.198000+00:00,177980,AA,0
3695,177992_A_SUBMITTED_3695,A_SUBMITTED,COMPLETE,2011-10-18 21:07:17.300000+00:00,2011-10-18 21:07:17.300000+00:00,177992,AA,0
3696,177992_A_PARTLYSUBMITTED_3696,A_PARTLYSUBMITTED,COMPLETE,2011-10-18 21:07:17.459000+00:00,2011-10-18 21:07:17.459000+00:00,177992,AA,0
3697,177992_A_DECLINED_3697,A_DECLINED,COMPLETE,2011-10-18 21:07:58.212000+00:00,2011-10-18 21:07:58.212000+00:00,177992,AA,0
3698,178001_A_SUBMITTED_3698,A_SUBMITTED,COMPLETE,2011-10-18 21:22:20.845000+00:00,2011-10-18 21:22:20.845000+00:00,178001,AA,0
3699,178001_A_PARTLYSUBMITTED_3699,A_PARTLYSUBMITTED,COMPLETE,2011-10-18 21:22:20.939000+00:00,2011-10-18 21:22:20.939000+00:00,178001,AA,0
3700,178001_A_DECLINED_3700,A_DECLINED,COMPLETE,2011-10-18 21:22:50.432000+00:00,2011-10-18 21:22:50.432000+00:00,178001,AA,0
3701,178007_A_SUBMITTED_3701,A_SUBMITTED,COMPLETE,2011-10-18 21:39:35.546000+00:00,2011-10-18 21:39:35.546000+00:00,178007,AA,0
3702,178007_A_PARTLYSUBMITTED_3702,A_PARTLYSUBMITTED,COMPLETE,2011-10-18 21:39:35.726000+00:00,2011-10-18 21:39:35.726000+00:00,178007,AA,0
3703,178007_A_DECLINED_3703,A_DECLINED,COMPLETE,2011-10-19 09:17:34.828000+00:00,2011-10-19 09:17:34.828000+00:00,178007,BS,44
3704,178007_W_Afhandelen leads_3704,W_Afhandelen leads,COMPLETE,2011-10-19 09:12:37.154000+00:00,2011-10-19 09:17:38.038000+00:00,178007,BS,44
3705,178010_A_SUBMITTED_3705,A_SUBMITTED,COMPLETE,2011-10-18 22:32:33.671000+00:00,2011-10-18 22:32:33.671000+00:00,178010,AA,0
3706,178010_A_PARTLYSUBMITTED_3706,A_PARTLYSUBMITTED,COMPLETE,2011-10-18 22:32:34.217000+00:00,2011-10-18 22:32:34.217000+00:00,178010,AA,0
3707,178010_A_PREACCEPTED_3707,A_PREACCEPTED,COMPLETE,2011-10-19 09:22:18.040000+00:00,2011-10-19 09:22:18.040000+00:00,178010,BS,44
3708,178010_W_Afhandelen leads_3708,W_Afhandelen leads,COMPLETE,2011-10-19 09:17:44.978000+00:00,2011-10-19 09:22:19.573000+00:00,178010,BS,44
3709,178010_A_DECLINED_3709,A_DECLINED,COMPLETE,2011-10-19 09:59:05.108000+00:00,2011-10-19 09:59:05.108000+00:00,178010,BS,44
3710,178010_W_Completeren aanvraag_3710,W_Completeren aanvraag,COMPLETE,2011-10-19 09:43:00.840000+00:00,2011-10-19 09:59:09.912000+00:00,178010,BS,44
3711,178016_A_SUBMITTED_3711,A_SUBMITTED,COMPLETE,2011-10-18 22:46:11.302000+00:00,2011-10-18 22:46:11.302000+00:00,178016,AA,0
3712,178016_A_PARTLYSUBMITTED_3712,A_PARTLYSUBMITTED,COMPLETE,2011-10-18 22:46:11.504000+00:00,2011-10-18 22:46:11.504000+00:00,178016,AA,0
3713,178016_A_PREACCEPTED_3713,A_PREACCEPTED,COMPLETE,2011-10-18 22:46:47.514000+00:00,2011-10-18 22:46:47.514000+00:00,178016,AA,0
3714,178016_A_DECLINED_3714,A_DECLINED,COMPLETE,2011-10-19 09:22:15.165000+00:00,2011-10-19 09:22:15.165000+00:00,178016,BQ,42
3715,178016_W_Completeren aanvraag_3715,W_Completeren aanvraag,COMPLETE,2011-10-19 09:12:15.966000+00:00,2011-10-19 09:22:18.839000+00:00,178016,BQ,42
3716,178019_A_SUBMITTED_3716,A_SUBMITTED,COMPLETE,2011-10-18 22:54:47.622000+00:00,2011-10-18 22:54:47.622000+00:00,178019,AA,0
3717,178019_A_PARTLYSUBMITTED_3717,A_PARTLYSUBMITTED,COMPLETE,2011-10-18 22:54:47.874000+00:00,2011-10-18 22:54:47.874000+00:00,178019,AA,0
3718,178019_A_PREACCEPTED_3718,A_PREACCEPTED,COMPLETE,2011-10-19 09:23:13.572000+00:00,2011-10-19 09:23:13.572000+00:00,178019,BS,44
3719,178019_W_Afhandelen leads_3719,W_Afhandelen leads,COMPLETE,2011-10-19 09:19:59.178000+00:00,2011-10-19 09:23:14.731000+00:00,178019,BS,44
3720,178019_W_Completeren aanvraag_3720,W_Completeren aanvraag,COMPLETE,2011-10-19 10:16:49.015000+00:00,2011-10-19 10:26:25.129000+00:00,178019,BS,44
3721,178019_W_Completeren aanvraag_3721,W_Completeren aanvraag,COMPLETE,2011-10-19 10:58:46.193000+00:00,2011-10-19 11:05:30.157000+00:00,178019,BQ,42
3722,178019_A_DECLINED_3722,A_DECLINED,COMPLETE,2011-10-19 11:45:18.438000+00:00,2011-10-19 11:45:18.438000+00:00,178019,BO,40
3723,178019_W_Completeren aanvraag_3723,W_Completeren aanvraag,COMPLETE,2011-10-19 11:33:49.310000+00:00,2011-10-19 11:45:22.394000+00:00,178019,BO,40
3724,178022_A_SUBMITTED_3724,A_SUBMITTED,COMPLETE,2011-10-18 23:14:03.495000+00:00,2011-10-18 23:14:03.495000+00:00,178022,AA,0
3725,178022_A_PARTLYSUBMITTED_3725,A_PARTLYSUBMITTED,COMPLETE,2011-10-18 23:14:05.516000+00:00,2011-10-18 23:14:05.516000+00:00,178022,AA,0
3726,178022_A_DECLINED_3726,A_DECLINED,COMPLETE,2011-10-18 23:14:41.628000+00:00,2011-10-18 23:14:41.628000+00:00,178022,AA,0
3727,178025_A_SUBMITTED_3727,A_SUBMITTED,COMPLETE,2011-10-18 23:18:23.899000+00:00,2011-10-18 23:18:23.899000+00:00,178025,AA,0
3728,178025_A_PARTLYSUBMITTED_3728,A_PARTLYSUBMITTED,COMPLETE,2011-10-18 23:18:24.224000+00:00,2011-10-18 23:18:24.224000+00:00,178025,AA,0
3729,178025_A_DECLINED_3729,A_DECLINED,COMPLETE,2011-10-19 09:24:56.220000+00:00,2011-10-19 09:24:56.220000+00:00,178025,BS,44
3730,178025_W_Afhandelen leads_3730,W_Afhandelen leads,COMPLETE,2011-10-19 09:23:30.690000+00:00,2011-10-19 09:25:00.381000+00:00,178025,BS,44
3731,178028_A_SUBMITTED_3731,A_SUBMITTED,COMPLETE,2011-10-19 00:05:29.271000+00:00,2011-10-19 00:05:29.271000+00:00,178028,AA,0
3732,178028_A_PARTLYSUBMITTED_3732,A_PARTLYSUBMITTED,COMPLETE,2011-10-19 00:05:32.052000+00:00,2011-10-19 00:05:32.052000+00:00,178028,AA,0
3733,178028_A_DECLINED_3733,A_DECLINED,COMPLETE,2011-10-19 09:26:39.688000+00:00,2011-10-19 09:26:39.688000+00:00,178028,BS,44
3734,178028_W_Afhandelen leads_3734,W_Afhandelen leads,COMPLETE,2011-10-19 09:25:13.002000+00:00,2011-10-19 09:26:42.219000+00:00,178028,BS,44
3735,178031_A_SUBMITTED_3735,A_SUBMITTED,COMPLETE,2011-10-19 00:37:08.477000+00:00,2011-10-19 00:37:08.477000+00:00,178031,AA,0
3736,178031_A_PARTLYSUBMITTED_3736,A_PARTLYSUBMITTED,COMPLETE,2011-10-19 00:37:08.890000+00:00,2011-10-19 00:37:08.890000+00:00,178031,AA,0
3737,178031_A_DECLINED_3737,A_DECLINED,COMPLETE,2011-10-19 00:37:56.886000+00:00,2011-10-19 00:37:56.886000+00:00,178031,AA,0
3738,178034_A_SUBMITTED_3738,A_SUBMITTED,COMPLETE,2011-10-19 00:41:51.084000+00:00,2011-10-19 00:41:51.084000+00:00,178034,AA,0
3739,178034_A_PARTLYSUBMITTED_3739,A_PARTLYSUBMITTED,COMPLETE,2011-10-19 00:41:51.300000+00:00,2011-10-19 00:41:51.300000+00:00,178034,AA,0
3740,178034_A_DECLINED_3740,A_DECLINED,COMPLETE,2011-10-19 00:42:33.531000+00:00,2011-10-19 00:42:33.531000+00:00,178034,AA,0
3741,178059_A_SUBMITTED_3741,A_SUBMITTED,COMPLETE,2011-10-19 06:15:26.677000+00:00,2011-10-19 06:15:26.677000+00:00,178059,AA,0
3742,178059_A_PARTLYSUBMITTED_3742,A_PARTLYSUBMITTED,COMPLETE,2011-10-19 06:15:31.966000+00:00,2011-10-19 06:15:31.966000+00:00,178059,AA,0
3743,178059_A_PREACCEPTED_3743,A_PREACCEPTED,COMPLETE,2011-10-19 06:16:33.896000+00:00,2011-10-19 06:16:33.896000+00:00,178059,AA,0
3744,178059_A_CANCELLED_3744,A_CANCELLED,COMPLETE,2011-10-19 09:32:07.031000+00:00,2011-10-19 09:32:07.031000+00:00,178059,BQ,42
3745,178059_W_Completeren aanvraag_3745,W_Completeren aanvraag,COMPLETE,2011-10-19 09:25:31.710000+00:00,2011-10-19 09:32:09.038000+00:00,178059,BQ,42
3746,178062_A_SUBMITTED_3746,A_SUBMITTED,COMPLETE,2011-10-19 07:56:35.025000+00:00,2011-10-19 07:56:35.025000+00:00,178062,AA,0
3747,178062_A_PARTLYSUBMITTED_3747,A_PARTLYSUBMITTED,COMPLETE,2011-10-19 07:56:36.685000+00:00,2011-10-19 07:56:36.685000+00:00,178062,AA,0
3748,178062_W_Afhandelen leads_3748,W_Afhandelen leads,COMPLETE,2011-10-19 09:25:58.473000+00:00,2011-10-19 09:28:07.250000+00:00,178062,BS,44
3749,178062_A_DECLINED_3749,A_DECLINED,COMPLETE,2011-10-19 09:29:51.761000+00:00,2011-10-19 09:29:51.761000+00:00,178062,BS,44
3750,178062_W_Afhandelen leads_3750,W_Afhandelen leads,COMPLETE,2011-10-19 09:28:10.322000+00:00,2011-10-19 09:29:55.057000+00:00,178062,BS,44
3751,178065_A_SUBMITTED_3751,A_SUBMITTED,COMPLETE,2011-10-19 08:15:30.766000+00:00,2011-10-19 08:15:30.766000+00:00,178065,AA,0
3752,178065_A_PARTLYSUBMITTED_3752,A_PARTLYSUBMITTED,COMPLETE,2011-10-19 08:15:30.969000+00:00,2011-10-19 08:15:30.969000+00:00,178065,AA,0
3753,178065_A_DECLINED_3753,A_DECLINED,COMPLETE,2011-10-19 08:16:10.803000+00:00,2011-10-19 08:16:10.803000+00:00,178065,AA,0
3754,178068_A_SUBMITTED_3754,A_SUBMITTED,COMPLETE,2011-10-19 08:16:12.546000+00:00,2011-10-19 08:16:12.546000+00:00,178068,AA,0
3755,178068_A_PARTLYSUBMITTED_3755,A_PARTLYSUBMITTED,COMPLETE,2011-10-19 08:16:12.693000+00:00,2011-10-19 08:16:12.693000+00:00,178068,AA,0
3756,178068_A_DECLINED_3756,A_DECLINED,COMPLETE,2011-10-19 08:16:44.944000+00:00,2011-10-19 08:16:44.944000+00:00,178068,AA,0
3757,178071_A_SUBMITTED_3757,A_SUBMITTED,COMPLETE,2011-10-19 09:32:18.472000+00:00,2011-10-19 09:32:18.472000+00:00,178071,AA,0
3758,178071_A_PARTLYSUBMITTED_3758,A_PARTLYSUBMITTED,COMPLETE,2011-10-19 09:32:20.191000+00:00,2011-10-19 09:32:20.191000+00:00,178071,AA,0
3759,178071_A_DECLINED_3759,A_DECLINED,COMPLETE,2011-10-19 10:16:19.695000+00:00,2011-10-19 10:16:19.695000+00:00,178071,BS,44
3760,178071_W_Afhandelen leads_3760,W_Afhandelen leads,COMPLETE,2011-10-19 10:14:40.375000+00:00,2011-10-19 10:16:23.106000+00:00,178071,BS,44
3761,178074_A_SUBMITTED_3761,A_SUBMITTED,COMPLETE,2011-10-19 09:59:22.589000+00:00,2011-10-19 09:59:22.589000+00:00,178074,AA,0
3762,178074_A_PARTLYSUBMITTED_3762,A_PARTLYSUBMITTED,COMPLETE,2011-10-19 09:59:23.872000+00:00,2011-10-19 09:59:23.872000+00:00,178074,AA,0
3763,178074_A_PREACCEPTED_3763,A_PREACCEPTED,COMPLETE,2011-10-19 10:01:27.873000+00:00,2011-10-19 10:01:27.873000+00:00,178074,BS,44
3764,178074_W_Afhandelen leads_3764,W_Afhandelen leads,COMPLETE,2011-10-19 09:59:54.817000+00:00,2011-10-19 10:01:29.665000+00:00,178074,BS,44
3765,178074_A_ACCEPTED_3765,A_ACCEPTED,COMPLETE,2011-10-19 10:05:34.316000+00:00,2011-10-19 10:05:34.316000+00:00,178074,BS,44
3766,178074_O_SELECTED_3766,O_SELECTED,COMPLETE,2011-10-19 10:08:02.543000+00:00,2011-10-19 10:08:02.543000+00:00,178074,BS,44
3767,178074_A_FINALIZED_3767,A_FINALIZED,COMPLETE,2011-10-19 10:08:02.543000+00:00,2011-10-19 10:08:02.543000+00:00,178074,BS,44
3768,178074_O_CREATED_3768,O_CREATED,COMPLETE,2011-10-19 10:08:50.509000+00:00,2011-10-19 10:08:50.509000+00:00,178074,BS,44
3769,178074_O_SENT_3769,O_SENT,COMPLETE,2011-10-19 10:08:50.538000+00:00,2011-10-19 10:08:50.538000+00:00,178074,BS,44
3770,178074_W_Completeren aanvraag_3770,W_Completeren aanvraag,COMPLETE,2011-10-19 10:01:54.169000+00:00,2011-10-19 10:08:52.138000+00:00,178074,BS,44
3771,178074_W_Nabellen offertes_3771,W_Nabellen offertes,COMPLETE,2011-10-19 10:14:16.313000+00:00,2011-10-19 10:14:26.709000+00:00,178074,BS,44
3777,178077_A_SUBMITTED_3777,A_SUBMITTED,COMPLETE,2011-10-19 10:21:13.086000+00:00,2011-10-19 10:21:13.086000+00:00,178077,AA,0
3778,178077_A_PARTLYSUBMITTED_3778,A_PARTLYSUBMITTED,COMPLETE,2011-10-19 10:21:13.244000+00:00,2011-10-19 10:21:13.244000+00:00,178077,AA,0
3779,178077_A_DECLINED_3779,A_DECLINED,COMPLETE,2011-10-19 10:22:00.304000+00:00,2011-10-19 10:22:00.304000+00:00,178077,AA,0
3780,178080_A_SUBMITTED_3780,A_SUBMITTED,COMPLETE,2011-10-19 10:22:47.412000+00:00,2011-10-19 10:22:47.412000+00:00,178080,AA,0
3781,178080_A_PARTLYSUBMITTED_3781,A_PARTLYSUBMITTED,COMPLETE,2011-10-19 10:22:47.613000+00:00,2011-10-19 10:22:47.613000+00:00,178080,AA,0
3782,178080_A_PREACCEPTED_3782,A_PREACCEPTED,COMPLETE,2011-10-19 10:23:33.323000+00:00,2011-10-19 10:23:33.323000+00:00,178080,AA,0
3783,178080_A_ACCEPTED_3783,A_ACCEPTED,COMPLETE,2011-10-19 10:39:12.644000+00:00,2011-10-19 10:39:12.644000+00:00,178080,BS,44
3784,178080_O_SELECTED_3784,O_SELECTED,COMPLETE,2011-10-19 10:40:45.331000+00:00,2011-10-19 10:40:45.331000+00:00,178080,BS,44
3785,178080_A_FINALIZED_3785,A_FINALIZED,COMPLETE,2011-10-19 10:40:45.331000+00:00,2011-10-19 10:40:45.331000+00:00,178080,BS,44
3786,178080_O_CREATED_3786,O_CREATED,COMPLETE,2011-10-19 10:41:35.442000+00:00,2011-10-19 10:41:35.442000+00:00,178080,BS,44
3787,178080_O_SENT_3787,O_SENT,COMPLETE,2011-10-19 10:41:35.476000+00:00,2011-10-19 10:41:35.476000+00:00,178080,BS,44
3788,178080_W_Completeren aanvraag_3788,W_Completeren aanvraag,COMPLETE,2011-10-19 10:26:38.357000+00:00,2011-10-19 10:41:36.723000+00:00,178080,BS,44
3794,178083_A_SUBMITTED_3794,A_SUBMITTED,COMPLETE,2011-10-19 10:23:38.296000+00:00,2011-10-19 10:23:38.296000+00:00,178083,AA,0
3795,178083_A_PARTLYSUBMITTED_3795,A_PARTLYSUBMITTED,COMPLETE,2011-10-19 10:23:38.473000+00:00,2011-10-19 10:23:38.473000+00:00,178083,AA,0
3796,178083_A_DECLINED_3796,A_DECLINED,COMPLETE,2011-10-19 10:24:17.486000+00:00,2011-10-19 10:24:17.486000+00:00,178083,AA,0
3797,178086_A_SUBMITTED_3797,A_SUBMITTED,COMPLETE,2011-10-19 10:30:12.929000+00:00,2011-10-19 10:30:12.929000+00:00,178086,AA,0
3798,178086_A_PARTLYSUBMITTED_3798,A_PARTLYSUBMITTED,COMPLETE,2011-10-19 10:30:13.129000+00:00,2011-10-19 10:30:13.129000+00:00,178086,AA,0
3799,178086_A_DECLINED_3799,A_DECLINED,COMPLETE,2011-10-19 10:31:09.505000+00:00,2011-10-19 10:31:09.505000+00:00,178086,AA,0
3800,178089_A_SUBMITTED_3800,A_SUBMITTED,COMPLETE,2011-10-19 10:33:26.964000+00:00,2011-10-19 10:33:26.964000+00:00,178089,AA,0
3801,178089_A_PARTLYSUBMITTED_3801,A_PARTLYSUBMITTED,COMPLETE,2011-10-19 10:33:27.188000+00:00,2011-10-19 10:33:27.188000+00:00,178089,AA,0
3802,178089_A_DECLINED_3802,A_DECLINED,COMPLETE,2011-10-19 10:34:15.370000+00:00,2011-10-19 10:34:15.370000+00:00,178089,AA,0
3803,178092_A_SUBMITTED_3803,A_SUBMITTED,COMPLETE,2011-10-19 10:35:49.005000+00:00,2011-10-19 10:35:49.005000+00:00,178092,AA,0
3804,178092_A_PARTLYSUBMITTED_3804,A_PARTLYSUBMITTED,COMPLETE,2011-10-19 10:35:49.094000+00:00,2011-10-19 10:35:49.094000+00:00,178092,AA,0
3805,178092_A_DECLINED_3805,A_DECLINED,COMPLETE,2011-10-19 10:36:30.788000+00:00,2011-10-19 10:36:30.788000+00:00,178092,AA,0
3806,178095_A_SUBMITTED_3806,A_SUBMITTED,COMPLETE,2011-10-19 10:43:49.984000+00:00,2011-10-19 10:43:49.984000+00:00,178095,AA,0
3807,178095_A_PARTLYSUBMITTED_3807,A_PARTLYSUBMITTED,COMPLETE,2011-10-19 10:43:50.190000+00:00,2011-10-19 10:43:50.190000+00:00,178095,AA,0
3808,178095_A_DECLINED_3808,A_DECLINED,COMPLETE,2011-10-19 10:44:40.398000+00:00,2011-10-19 10:44:40.398000+00:00,178095,AA,0
3809,178098_A_SUBMITTED_3809,A_SUBMITTED,COMPLETE,2011-10-19 10:47:10.177000+00:00,2011-10-19 10:47:10.177000+00:00,178098,AA,0
3810,178098_A_PARTLYSUBMITTED_3810,A_PARTLYSUBMITTED,COMPLETE,2011-10-19 10:47:10.517000+00:00,2011-10-19 10:47:10.517000+00:00,178098,AA,0
3811,178098_A_DECLINED_3811,A_DECLINED,COMPLETE,2011-10-19 10:47:49.600000+00:00,2011-10-19 10:47:49.600000+00:00,178098,AA,0
3812,178101_A_SUBMITTED_3812,A_SUBMITTED,COMPLETE,2011-10-19 11:09:34.251000+00:00,2011-10-19 11:09:34.251000+00:00,178101,AA,0
3813,178101_A_PARTLYSUBMITTED_3813,A_PARTLYSUBMITTED,COMPLETE,2011-10-19 11:09:34.424000+00:00,2011-10-19 11:09:34.424000+00:00,178101,AA,0
3814,178101_A_DECLINED_3814,A_DECLINED,COMPLETE,2011-10-19 11:10:10.430000+00:00,2011-10-19 11:10:10.430000+00:00,178101,AA,0
3815,178107_A_SUBMITTED_3815,A_SUBMITTED,COMPLETE,2011-10-19 11:15:14.997000+00:00,2011-10-19 11:15:14.997000+00:00,178107,AA,0
3816,178107_A_PARTLYSUBMITTED_3816,A_PARTLYSUBMITTED,COMPLETE,2011-10-19 11:15:15.280000+00:00,2011-10-19 11:15:15.280000+00:00,178107,AA,0
3817,178107_A_PREACCEPTED_3817,A_PREACCEPTED,COMPLETE,2011-10-19 11:16:42.546000+00:00,2011-10-19 11:16:42.546000+00:00,178107,AA,0
3818,178107_A_DECLINED_3818,A_DECLINED,COMPLETE,2011-10-19 12:55:49.688000+00:00,2011-10-19 12:55:49.688000+00:00,178107,BQ,42
3819,178107_W_Completeren aanvraag_3819,W_Completeren aanvraag,COMPLETE,2011-10-19 12:41:34.469000+00:00,2011-10-19 12:55:52.801000+00:00,178107,BQ,42
3820,178113_A_SUBMITTED_3820,A_SUBMITTED,COMPLETE,2011-10-19 11:21:09.505000+00:00,2011-10-19 11:21:09.505000+00:00,178113,AA,0
3821,178113_A_PARTLYSUBMITTED_3821,A_PARTLYSUBMITTED,COMPLETE,2011-10-19 11:21:09.613000+00:00,2011-10-19 11:21:09.613000+00:00,178113,AA,0
3822,178113_A_DECLINED_3822,A_DECLINED,COMPLETE,2011-10-19 11:21:53.822000+00:00,2011-10-19 11:21:53.822000+00:00,178113,AA,0
3823,178119_A_SUBMITTED_3823,A_SUBMITTED,COMPLETE,2011-10-19 11:25:03.722000+00:00,2011-10-19 11:25:03.722000+00:00,178119,AA,0
3824,178119_A_PARTLYSUBMITTED_3824,A_PARTLYSUBMITTED,COMPLETE,2011-10-19 11:25:03.901000+00:00,2011-10-19 11:25:03.901000+00:00,178119,AA,0
3825,178119_A_PREACCEPTED_3825,A_PREACCEPTED,COMPLETE,2011-10-19 11:25:46.079000+00:00,2011-10-19 11:25:46.079000+00:00,178119,AA,0
3826,178119_A_ACCEPTED_3826,A_ACCEPTED,COMPLETE,2011-10-19 12:43:20.995000+00:00,2011-10-19 12:43:20.995000+00:00,178119,BS,44
3827,178119_O_SELECTED_3827,O_SELECTED,COMPLETE,2011-10-19 12:47:47.689000+00:00,2011-10-19 12:47:47.689000+00:00,178119,BS,44
3828,178119_A_FINALIZED_3828,A_FINALIZED,COMPLETE,2011-10-19 12:47:47.689000+00:00,2011-10-19 12:47:47.689000+00:00,178119,BS,44
3829,178119_O_CREATED_3829,O_CREATED,COMPLETE,2011-10-19 12:47:48.786000+00:00,2011-10-19 12:47:48.786000+00:00,178119,BS,44
3830,178119_O_SENT_3830,O_SENT,COMPLETE,2011-10-19 12:47:48.827000+00:00,2011-10-19 12:47:48.827000+00:00,178119,BS,44
3831,178119_W_Completeren aanvraag_3831,W_Completeren aanvraag,COMPLETE,2011-10-19 12:31:09.813000+00:00,2011-10-19 12:47:52.021000+00:00,178119,BS,44
3832,178119_O_SELECTED_3832,O_SELECTED,COMPLETE,2011-10-19 12:48:41.882000+00:00,2011-10-19 12:48:41.882000+00:00,178119,BS,44
3833,178119_O_CANCELLED_3833,O_CANCELLED,COMPLETE,2011-10-19 12:48:41.882000+00:00,2011-10-19 12:48:41.882000+00:00,178119,BS,44
3834,178119_O_CREATED_3834,O_CREATED,COMPLETE,2011-10-19 12:48:43.035000+00:00,2011-10-19 12:48:43.035000+00:00,178119,BS,44
3835,178119_O_SENT_3835,O_SENT,COMPLETE,2011-10-19 12:48:43.071000+00:00,2011-10-19 12:48:43.071000+00:00,178119,BS,44
3836,178119_W_Nabellen offertes_3836,W_Nabellen offertes,COMPLETE,2011-10-19 12:48:10.529000+00:00,2011-10-19 12:48:44.630000+00:00,178119,BS,44
3837,178119_W_Nabellen offertes_3837,W_Nabellen offertes,COMPLETE,2011-10-19 12:48:59.623000+00:00,2011-10-19 12:50:27.232000+00:00,178119,BS,44
3838,178119_W_Nabellen offertes_3838,W_Nabellen offertes,COMPLETE,2011-10-19 12:50:40.319000+00:00,2011-10-19 12:51:05.586000+00:00,178119,BS,44
3839,178119_O_CANCELLED_3839,O_CANCELLED,COMPLETE,2011-10-24 13:01:21.202000+00:00,2011-10-24 13:01:21.202000+00:00,178119,BC,28
3840,178119_O_SELECTED_3840,O_SELECTED,COMPLETE,2011-10-24 13:01:21.202000+00:00,2011-10-24 13:01:21.202000+00:00,178119,BC,28
3841,178119_O_CREATED_3841,O_CREATED,COMPLETE,2011-10-24 13:01:22.672000+00:00,2011-10-24 13:01:22.672000+00:00,178119,BC,28
3842,178119_O_SENT_3842,O_SENT,COMPLETE,2011-10-24 13:01:22.705000+00:00,2011-10-24 13:01:22.705000+00:00,178119,BC,28
3843,178119_W_Nabellen offertes_3843,W_Nabellen offertes,COMPLETE,2011-10-24 13:00:04.831000+00:00,2011-10-24 13:01:24.412000+00:00,178119,BC,28
3844,178119_W_Nabellen offertes_3844,W_Nabellen offertes,COMPLETE,2011-10-24 13:01:42.078000+00:00,2011-10-24 13:02:14.585000+00:00,178119,BC,28
3854,178125_A_SUBMITTED_3854,A_SUBMITTED,COMPLETE,2011-10-19 11:29:50.971000+00:00,2011-10-19 11:29:50.971000+00:00,178125,AA,0
3855,178125_A_PARTLYSUBMITTED_3855,A_PARTLYSUBMITTED,COMPLETE,2011-10-19 11:29:51.130000+00:00,2011-10-19 11:29:51.130000+00:00,178125,AA,0
3856,178125_A_DECLINED_3856,A_DECLINED,COMPLETE,2011-10-19 11:30:39.138000+00:00,2011-10-19 11:30:39.138000+00:00,178125,AA,0
3857,178128_A_SUBMITTED_3857,A_SUBMITTED,COMPLETE,2011-10-19 11:33:39.921000+00:00,2011-10-19 11:33:39.921000+00:00,178128,AA,0
3858,178128_A_PARTLYSUBMITTED_3858,A_PARTLYSUBMITTED,COMPLETE,2011-10-19 11:33:40.203000+00:00,2011-10-19 11:33:40.203000+00:00,178128,AA,0
3859,178128_A_PREACCEPTED_3859,A_PREACCEPTED,COMPLETE,2011-10-19 11:34:27.929000+00:00,2011-10-19 11:34:27.929000+00:00,178128,AA,0
3860,178128_A_ACCEPTED_3860,A_ACCEPTED,COMPLETE,2011-10-19 12:25:21.653000+00:00,2011-10-19 12:25:21.653000+00:00,178128,BS,44
3861,178128_A_FINALIZED_3861,A_FINALIZED,COMPLETE,2011-10-19 12:28:59.141000+00:00,2011-10-19 12:28:59.141000+00:00,178128,BS,44
3862,178128_O_SELECTED_3862,O_SELECTED,COMPLETE,2011-10-19 12:28:59.141000+00:00,2011-10-19 12:28:59.141000+00:00,178128,BS,44
3863,178128_O_CREATED_3863,O_CREATED,COMPLETE,2011-10-19 12:29:01.066000+00:00,2011-10-19 12:29:01.066000+00:00,178128,BS,44
3864,178128_O_SENT_3864,O_SENT,COMPLETE,2011-10-19 12:29:01.093000+00:00,2011-10-19 12:29:01.093000+00:00,178128,BS,44
3865,178128_W_Completeren aanvraag_3865,W_Completeren aanvraag,COMPLETE,2011-10-19 12:13:55.981000+00:00,2011-10-19 12:29:02.603000+00:00,178128,BS,44
3866,178128_W_Nabellen offertes_3866,W_Nabellen offertes,COMPLETE,2011-10-19 12:29:51.354000+00:00,2011-10-19 12:30:42.700000+00:00,178128,BS,44
3870,178131_A_SUBMITTED_3870,A_SUBMITTED,COMPLETE,2011-10-19 11:41:04.595000+00:00,2011-10-19 11:41:04.595000+00:00,178131,AA,0
3871,178131_A_PARTLYSUBMITTED_3871,A_PARTLYSUBMITTED,COMPLETE,2011-10-19 11:41:04.902000+00:00,2011-10-19 11:41:04.902000+00:00,178131,AA,0
3872,178131_A_DECLINED_3872,A_DECLINED,COMPLETE,2011-10-19 11:41:48.276000+00:00,2011-10-19 11:41:48.276000+00:00,178131,AA,0
3873,178137_A_SUBMITTED_3873,A_SUBMITTED,COMPLETE,2011-10-19 11:53:12.484000+00:00,2011-10-19 11:53:12.484000+00:00,178137,AA,0
3874,178137_A_PARTLYSUBMITTED_3874,A_PARTLYSUBMITTED,COMPLETE,2011-10-19 11:53:12.662000+00:00,2011-10-19 11:53:12.662000+00:00,178137,AA,0
3875,178137_A_DECLINED_3875,A_DECLINED,COMPLETE,2011-10-19 11:53:53.088000+00:00,2011-10-19 11:53:53.088000+00:00,178137,AA,0
3876,178140_A_SUBMITTED_3876,A_SUBMITTED,COMPLETE,2011-10-19 11:53:28.658000+00:00,2011-10-19 11:53:28.658000+00:00,178140,AA,0
3877,178140_A_PARTLYSUBMITTED_3877,A_PARTLYSUBMITTED,COMPLETE,2011-10-19 11:53:28.852000+00:00,2011-10-19 11:53:28.852000+00:00,178140,AA,0
3878,178140_A_DECLINED_3878,A_DECLINED,COMPLETE,2011-10-19 11:54:22.091000+00:00,2011-10-19 11:54:22.091000+00:00,178140,AA,0
3879,178143_A_SUBMITTED_3879,A_SUBMITTED,COMPLETE,2011-10-19 11:56:14.732000+00:00,2011-10-19 11:56:14.732000+00:00,178143,AA,0
3880,178143_A_PARTLYSUBMITTED_3880,A_PARTLYSUBMITTED,COMPLETE,2011-10-19 11:56:14.846000+00:00,2011-10-19 11:56:14.846000+00:00,178143,AA,0
3881,178143_A_DECLINED_3881,A_DECLINED,COMPLETE,2011-10-19 11:56:53.097000+00:00,2011-10-19 11:56:53.097000+00:00,178143,AA,0
3882,178146_A_SUBMITTED_3882,A_SUBMITTED,COMPLETE,2011-10-19 12:03:58.576000+00:00,2011-10-19 12:03:58.576000+00:00,178146,AA,0
3883,178146_A_PARTLYSUBMITTED_3883,A_PARTLYSUBMITTED,COMPLETE,2011-10-19 12:03:58.919000+00:00,2011-10-19 12:03:58.919000+00:00,178146,AA,0
3884,178146_A_DECLINED_3884,A_DECLINED,COMPLETE,2011-10-19 12:54:42.967000+00:00,2011-10-19 12:54:42.967000+00:00,178146,BS,44
3885,178146_W_Afhandelen leads_3885,W_Afhandelen leads,COMPLETE,2011-10-19 12:51:30.092000+00:00,2011-10-19 12:54:46.217000+00:00,178146,BS,44
3886,178149_A_SUBMITTED_3886,A_SUBMITTED,COMPLETE,2011-10-19 12:04:07.463000+00:00,2011-10-19 12:04:07.463000+00:00,178149,AA,0
3887,178149_A_PARTLYSUBMITTED_3887,A_PARTLYSUBMITTED,COMPLETE,2011-10-19 12:04:07.568000+00:00,2011-10-19 12:04:07.568000+00:00,178149,AA,0
3888,178149_A_DECLINED_3888,A_DECLINED,COMPLETE,2011-10-19 12:04:46.909000+00:00,2011-10-19 12:04:46.909000+00:00,178149,AA,0
3889,178155_A_SUBMITTED_3889,A_SUBMITTED,COMPLETE,2011-10-19 12:19:15.123000+00:00,2011-10-19 12:19:15.123000+00:00,178155,AA,0
3890,178155_A_PARTLYSUBMITTED_3890,A_PARTLYSUBMITTED,COMPLETE,2011-10-19 12:19:15.348000+00:00,2011-10-19 12:19:15.348000+00:00,178155,AA,0
3891,178155_A_PREACCEPTED_3891,A_PREACCEPTED,COMPLETE,2011-10-19 12:20:21.321000+00:00,2011-10-19 12:20:21.321000+00:00,178155,AA,0
3892,178155_A_DECLINED_3892,A_DECLINED,COMPLETE,2011-10-19 12:29:21.464000+00:00,2011-10-19 12:29:21.464000+00:00,178155,BP,41
3893,178155_W_Completeren aanvraag_3893,W_Completeren aanvraag,COMPLETE,2011-10-19 12:21:07.053000+00:00,2011-10-19 12:29:24.502000+00:00,178155,BP,41
3894,178164_A_SUBMITTED_3894,A_SUBMITTED,COMPLETE,2011-10-19 12:23:21.422000+00:00,2011-10-19 12:23:21.422000+00:00,178164,AA,0
3895,178164_A_PARTLYSUBMITTED_3895,A_PARTLYSUBMITTED,COMPLETE,2011-10-19 12:23:21.593000+00:00,2011-10-19 12:23:21.593000+00:00,178164,AA,0
3896,178164_A_DECLINED_3896,A_DECLINED,COMPLETE,2011-10-19 12:23:23.907000+00:00,2011-10-19 12:23:23.907000+00:00,178164,AA,0
3897,178170_A_SUBMITTED_3897,A_SUBMITTED,COMPLETE,2011-10-19 12:43:09.231000+00:00,2011-10-19 12:43:09.231000+00:00,178170,AA,0
3898,178170_A_PARTLYSUBMITTED_3898,A_PARTLYSUBMITTED,COMPLETE,2011-10-19 12:43:09.383000+00:00,2011-10-19 12:43:09.383000+00:00,178170,AA,0
3899,178170_A_DECLINED_3899,A_DECLINED,COMPLETE,2011-10-19 12:44:09.536000+00:00,2011-10-19 12:44:09.536000+00:00,178170,AA,0
3900,178173_A_SUBMITTED_3900,A_SUBMITTED,COMPLETE,2011-10-19 12:46:31.314000+00:00,2011-10-19 12:46:31.314000+00:00,178173,AA,0
3901,178173_A_PARTLYSUBMITTED_3901,A_PARTLYSUBMITTED,COMPLETE,2011-10-19 12:46:31.523000+00:00,2011-10-19 12:46:31.523000+00:00,178173,AA,0
3902,178173_A_DECLINED_3902,A_DECLINED,COMPLETE,2011-10-19 12:47:43.756000+00:00,2011-10-19 12:47:43.756000+00:00,178173,AA,0
3903,178176_A_SUBMITTED_3903,A_SUBMITTED,COMPLETE,2011-10-19 12:46:35.508000+00:00,2011-10-19 12:46:35.508000+00:00,178176,AA,0
3904,178176_A_PARTLYSUBMITTED_3904,A_PARTLYSUBMITTED,COMPLETE,2011-10-19 12:46:35.837000+00:00,2011-10-19 12:46:35.837000+00:00,178176,AA,0
3905,178176_A_DECLINED_3905,A_DECLINED,COMPLETE,2011-10-19 12:47:47.785000+00:00,2011-10-19 12:47:47.785000+00:00,178176,AA,0
3906,178203_A_SUBMITTED_3906,A_SUBMITTED,COMPLETE,2011-10-19 13:36:41.119000+00:00,2011-10-19 13:36:41.119000+00:00,178203,AA,0
3907,178203_A_PARTLYSUBMITTED_3907,A_PARTLYSUBMITTED,COMPLETE,2011-10-19 13:36:41.434000+00:00,2011-10-19 13:36:41.434000+00:00,178203,AA,0
3908,178203_A_PREACCEPTED_3908,A_PREACCEPTED,COMPLETE,2011-10-19 13:37:24.130000+00:00,2011-10-19 13:37:24.130000+00:00,178203,AA,0
3909,178203_A_ACCEPTED_3909,A_ACCEPTED,COMPLETE,2011-10-19 13:47:55.716000+00:00,2011-10-19 13:47:55.716000+00:00,178203,BS,44
3910,178203_O_SELECTED_3910,O_SELECTED,COMPLETE,2011-10-19 13:53:31.657000+00:00,2011-10-19 13:53:31.657000+00:00,178203,BS,44
3911,178203_A_FINALIZED_3911,A_FINALIZED,COMPLETE,2011-10-19 13:53:31.657000+00:00,2011-10-19 13:53:31.657000+00:00,178203,BS,44
3912,178203_O_CREATED_3912,O_CREATED,COMPLETE,2011-10-19 13:54:19.124000+00:00,2011-10-19 13:54:19.124000+00:00,178203,BS,44
3913,178203_O_SENT_3913,O_SENT,COMPLETE,2011-10-19 13:54:19.159000+00:00,2011-10-19 13:54:19.159000+00:00,178203,BS,44
3914,178203_W_Completeren aanvraag_3914,W_Completeren aanvraag,COMPLETE,2011-10-19 13:37:47.796000+00:00,2011-10-19 13:54:20.528000+00:00,178203,BS,44
3915,178203_W_Nabellen offertes_3915,W_Nabellen offertes,COMPLETE,2011-10-19 14:17:01.042000+00:00,2011-10-19 14:18:19.176000+00:00,178203,BS,44
3936,178206_A_SUBMITTED_3936,A_SUBMITTED,COMPLETE,2011-10-19 13:42:47.282000+00:00,2011-10-19 13:42:47.282000+00:00,178206,AA,0
3937,178206_A_PARTLYSUBMITTED_3937,A_PARTLYSUBMITTED,COMPLETE,2011-10-19 13:42:47.609000+00:00,2011-10-19 13:42:47.609000+00:00,178206,AA,0
3938,178206_A_DECLINED_3938,A_DECLINED,COMPLETE,2011-10-19 13:43:33.815000+00:00,2011-10-19 13:43:33.815000+00:00,178206,AA,0
3939,178221_A_SUBMITTED_3939,A_SUBMITTED,COMPLETE,2011-10-19 14:15:46.341000+00:00,2011-10-19 14:15:46.341000+00:00,178221,AA,0
3940,178221_A_PARTLYSUBMITTED_3940,A_PARTLYSUBMITTED,COMPLETE,2011-10-19 14:15:46.456000+00:00,2011-10-19 14:15:46.456000+00:00,178221,AA,0
3941,178221_A_DECLINED_3941,A_DECLINED,COMPLETE,2011-10-19 14:16:17.723000+00:00,2011-10-19 14:16:17.723000+00:00,178221,AA,0
3942,178227_A_SUBMITTED_3942,A_SUBMITTED,COMPLETE,2011-10-19 14:25:10.019000+00:00,2011-10-19 14:25:10.019000+00:00,178227,AA,0
3943,178227_A_PARTLYSUBMITTED_3943,A_PARTLYSUBMITTED,COMPLETE,2011-10-19 14:25:10.373000+00:00,2011-10-19 14:25:10.373000+00:00,178227,AA,0
3944,178227_A_DECLINED_3944,A_DECLINED,COMPLETE,2011-10-19 14:26:17.508000+00:00,2011-10-19 14:26:17.508000+00:00,178227,AA,0
3945,178242_A_SUBMITTED_3945,A_SUBMITTED,COMPLETE,2011-10-19 14:46:00.888000+00:00,2011-10-19 14:46:00.888000+00:00,178242,AA,0
3946,178242_A_PARTLYSUBMITTED_3946,A_PARTLYSUBMITTED,COMPLETE,2011-10-19 14:46:01.174000+00:00,2011-10-19 14:46:01.174000+00:00,178242,AA,0
3947,178242_W_Afhandelen leads_3947,W_Afhandelen leads,COMPLETE,2011-10-19 14:47:29.006000+00:00,2011-10-19 14:52:06.545000+00:00,178242,BQ,42
3948,178242_A_PREACCEPTED_3948,A_PREACCEPTED,COMPLETE,2011-10-19 14:56:21.355000+00:00,2011-10-19 14:56:21.355000+00:00,178242,BQ,42
3949,178242_W_Afhandelen leads_3949,W_Afhandelen leads,COMPLETE,2011-10-19 14:52:08.064000+00:00,2011-10-19 14:56:22.581000+00:00,178242,BQ,42
3950,178242_A_ACCEPTED_3950,A_ACCEPTED,COMPLETE,2011-10-19 14:59:35.141000+00:00,2011-10-19 14:59:35.141000+00:00,178242,BQ,42
3951,178242_A_FINALIZED_3951,A_FINALIZED,COMPLETE,2011-10-19 15:01:04.907000+00:00,2011-10-19 15:01:04.907000+00:00,178242,BQ,42
3952,178242_O_SELECTED_3952,O_SELECTED,COMPLETE,2011-10-19 15:01:04.907000+00:00,2011-10-19 15:01:04.907000+00:00,178242,BQ,42
3953,178242_O_CREATED_3953,O_CREATED,COMPLETE,2011-10-19 15:01:06.149000+00:00,2011-10-19 15:01:06.149000+00:00,178242,BQ,42
3954,178242_O_SENT_3954,O_SENT,COMPLETE,2011-10-19 15:01:06.186000+00:00,2011-10-19 15:01:06.186000+00:00,178242,BQ,42
3955,178242_W_Completeren aanvraag_3955,W_Completeren aanvraag,COMPLETE,2011-10-19 14:56:45.783000+00:00,2011-10-19 15:01:07.669000+00:00,178242,BQ,42
3956,178242_W_Nabellen offertes_3956,W_Nabellen offertes,COMPLETE,2011-10-19 15:01:21.479000+00:00,2011-10-19 15:05:40.270000+00:00,178242,BQ,42
3965,178251_A_SUBMITTED_3965,A_SUBMITTED,COMPLETE,2011-10-19 15:00:28.174000+00:00,2011-10-19 15:00:28.174000+00:00,178251,AA,0
3966,178251_A_PARTLYSUBMITTED_3966,A_PARTLYSUBMITTED,COMPLETE,2011-10-19 15:00:28.420000+00:00,2011-10-19 15:00:28.420000+00:00,178251,AA,0
3967,178251_A_DECLINED_3967,A_DECLINED,COMPLETE,2011-10-19 15:01:07.067000+00:00,2011-10-19 15:01:07.067000+00:00,178251,AA,0
3968,178257_A_SUBMITTED_3968,A_SUBMITTED,COMPLETE,2011-10-19 15:19:32.182000+00:00,2011-10-19 15:19:32.182000+00:00,178257,AA,0
3969,178257_A_PARTLYSUBMITTED_3969,A_PARTLYSUBMITTED,COMPLETE,2011-10-19 15:19:32.474000+00:00,2011-10-19 15:19:32.474000+00:00,178257,AA,0
3970,178257_A_PREACCEPTED_3970,A_PREACCEPTED,COMPLETE,2011-10-19 15:20:25.738000+00:00,2011-10-19 15:20:25.738000+00:00,178257,AA,0
3971,178257_A_ACCEPTED_3971,A_ACCEPTED,COMPLETE,2011-10-19 15:27:02.835000+00:00,2011-10-19 15:27:02.835000+00:00,178257,BQ,42
3972,178257_O_SELECTED_3972,O_SELECTED,COMPLETE,2011-10-19 15:33:26.246000+00:00,2011-10-19 15:33:26.246000+00:00,178257,BQ,42
3973,178257_A_FINALIZED_3973,A_FINALIZED,COMPLETE,2011-10-19 15:33:26.246000+00:00,2011-10-19 15:33:26.246000+00:00,178257,BQ,42
3974,178257_O_CREATED_3974,O_CREATED,COMPLETE,2011-10-19 15:33:27.357000+00:00,2011-10-19 15:33:27.357000+00:00,178257,BQ,42
3975,178257_O_SENT_3975,O_SENT,COMPLETE,2011-10-19 15:33:27.435000+00:00,2011-10-19 15:33:27.435000+00:00,178257,BQ,42
3976,178257_W_Completeren aanvraag_3976,W_Completeren aanvraag,COMPLETE,2011-10-19 15:20:38.734000+00:00,2011-10-19 15:33:30.311000+00:00,178257,BQ,42
3984,178263_A_SUBMITTED_3984,A_SUBMITTED,COMPLETE,2011-10-19 15:34:21.577000+00:00,2011-10-19 15:34:21.577000+00:00,178263,AA,0
3985,178263_A_PARTLYSUBMITTED_3985,A_PARTLYSUBMITTED,COMPLETE,2011-10-19 15:34:21.917000+00:00,2011-10-19 15:34:21.917000+00:00,178263,AA,0
3986,178263_A_PREACCEPTED_3986,A_PREACCEPTED,COMPLETE,2011-10-19 15:35:01.160000+00:00,2011-10-19 15:35:01.160000+00:00,178263,AA,0
3987,178263_A_ACCEPTED_3987,A_ACCEPTED,COMPLETE,2011-10-19 15:38:23.482000+00:00,2011-10-19 15:38:23.482000+00:00,178263,BO,40
3988,178263_A_FINALIZED_3988,A_FINALIZED,COMPLETE,2011-10-19 15:42:53.163000+00:00,2011-10-19 15:42:53.163000+00:00,178263,BO,40
3989,178263_O_SELECTED_3989,O_SELECTED,COMPLETE,2011-10-19 15:42:53.163000+00:00,2011-10-19 15:42:53.163000+00:00,178263,BO,40
3990,178263_O_CREATED_3990,O_CREATED,COMPLETE,2011-10-19 15:42:54.539000+00:00,2011-10-19 15:42:54.539000+00:00,178263,BO,40
3991,178263_O_SENT_3991,O_SENT,COMPLETE,2011-10-19 15:42:54.607000+00:00,2011-10-19 15:42:54.607000+00:00,178263,BO,40
3992,178263_W_Completeren aanvraag_3992,W_Completeren aanvraag,COMPLETE,2011-10-19 15:35:11.147000+00:00,2011-10-19 15:42:56.767000+00:00,178263,BO,40
3993,178263_O_SENT_BACK_3993,O_SENT_BACK,COMPLETE,2011-10-24 10:27:48.560000+00:00,2011-10-24 10:27:48.560000+00:00,178263,BJ,35
3994,178263_W_Nabellen offertes_3994,W_Nabellen offertes,COMPLETE,2011-10-24 10:27:29.369000+00:00,2011-10-24 10:27:51.806000+00:00,178263,BJ,35
4000,178281_A_SUBMITTED_4000,A_SUBMITTED,COMPLETE,2011-10-19 15:53:09.359000+00:00,2011-10-19 15:53:09.359000+00:00,178281,AA,0
4001,178281_A_PARTLYSUBMITTED_4001,A_PARTLYSUBMITTED,COMPLETE,2011-10-19 15:53:09.520000+00:00,2011-10-19 15:53:09.520000+00:00,178281,AA,0
4002,178281_A_DECLINED_4002,A_DECLINED,COMPLETE,2011-10-19 15:54:00.009000+00:00,2011-10-19 15:54:00.009000+00:00,178281,AA,0
4003,178284_A_SUBMITTED_4003,A_SUBMITTED,COMPLETE,2011-10-19 16:07:50.697000+00:00,2011-10-19 16:07:50.697000+00:00,178284,AA,0
4004,178284_A_PARTLYSUBMITTED_4004,A_PARTLYSUBMITTED,COMPLETE,2011-10-19 16:07:50.967000+00:00,2011-10-19 16:07:50.967000+00:00,178284,AA,0
4005,178284_A_DECLINED_4005,A_DECLINED,COMPLETE,2011-10-19 16:09:01.278000+00:00,2011-10-19 16:09:01.278000+00:00,178284,AA,0
4006,178290_A_SUBMITTED_4006,A_SUBMITTED,COMPLETE,2011-10-19 16:14:07.705000+00:00,2011-10-19 16:14:07.705000+00:00,178290,AA,0
4007,178290_A_PARTLYSUBMITTED_4007,A_PARTLYSUBMITTED,COMPLETE,2011-10-19 16:14:07.846000+00:00,2011-10-19 16:14:07.846000+00:00,178290,AA,0
4008,178290_A_PREACCEPTED_4008,A_PREACCEPTED,COMPLETE,2011-10-19 16:14:40.607000+00:00,2011-10-19 16:14:40.607000+00:00,178290,AA,0
4009,178290_A_ACCEPTED_4009,A_ACCEPTED,COMPLETE,2011-10-19 19:36:02.765000+00:00,2011-10-19 19:36:02.765000+00:00,178290,BA,26
4010,178290_A_FINALIZED_4010,A_FINALIZED,COMPLETE,2011-10-19 19:39:15.105000+00:00,2011-10-19 19:39:15.105000+00:00,178290,BA,26
4011,178290_O_SELECTED_4011,O_SELECTED,COMPLETE,2011-10-19 19:39:15.105000+00:00,2011-10-19 19:39:15.105000+00:00,178290,BA,26
4012,178290_O_CREATED_4012,O_CREATED,COMPLETE,2011-10-19 19:39:16.484000+00:00,2011-10-19 19:39:16.484000+00:00,178290,BA,26
4013,178290_O_SENT_4013,O_SENT,COMPLETE,2011-10-19 19:39:16.529000+00:00,2011-10-19 19:39:16.529000+00:00,178290,BA,26
4014,178290_W_Completeren aanvraag_4014,W_Completeren aanvraag,COMPLETE,2011-10-19 19:29:00.723000+00:00,2011-10-19 19:39:17.637000+00:00,178290,BA,26
4022,178293_A_SUBMITTED_4022,A_SUBMITTED,COMPLETE,2011-10-19 16:14:43.441000+00:00,2011-10-19 16:14:43.441000+00:00,178293,AA,0
4023,178293_A_PARTLYSUBMITTED_4023,A_PARTLYSUBMITTED,COMPLETE,2011-10-19 16:14:43.672000+00:00,2011-10-19 16:14:43.672000+00:00,178293,AA,0
4024,178293_A_DECLINED_4024,A_DECLINED,COMPLETE,2011-10-19 16:15:38.599000+00:00,2011-10-19 16:15:38.599000+00:00,178293,AA,0
4025,178299_A_SUBMITTED_4025,A_SUBMITTED,COMPLETE,2011-10-19 16:26:04.594000+00:00,2011-10-19 16:26:04.594000+00:00,178299,AA,0
4026,178299_A_PARTLYSUBMITTED_4026,A_PARTLYSUBMITTED,COMPLETE,2011-10-19 16:26:04.773000+00:00,2011-10-19 16:26:04.773000+00:00,178299,AA,0
4027,178299_A_DECLINED_4027,A_DECLINED,COMPLETE,2011-10-19 16:26:07.020000+00:00,2011-10-19 16:26:07.020000+00:00,178299,AA,0
4028,178305_A_SUBMITTED_4028,A_SUBMITTED,COMPLETE,2011-10-19 17:04:42.566000+00:00,2011-10-19 17:04:42.566000+00:00,178305,AA,0
4029,178305_A_PARTLYSUBMITTED_4029,A_PARTLYSUBMITTED,COMPLETE,2011-10-19 17:04:42.832000+00:00,2011-10-19 17:04:42.832000+00:00,178305,AA,0
4030,178305_A_DECLINED_4030,A_DECLINED,COMPLETE,2011-10-19 17:10:09.104000+00:00,2011-10-19 17:10:09.104000+00:00,178305,BL,37
4031,178305_W_Afhandelen leads_4031,W_Afhandelen leads,COMPLETE,2011-10-19 17:09:01.798000+00:00,2011-10-19 17:10:12.137000+00:00,178305,BL,37
4032,178311_A_SUBMITTED_4032,A_SUBMITTED,COMPLETE,2011-10-19 17:34:17.356000+00:00,2011-10-19 17:34:17.356000+00:00,178311,AA,0
4033,178311_A_PARTLYSUBMITTED_4033,A_PARTLYSUBMITTED,COMPLETE,2011-10-19 17:34:17.982000+00:00,2011-10-19 17:34:17.982000+00:00,178311,AA,0
4034,178311_A_DECLINED_4034,A_DECLINED,COMPLETE,2011-10-19 17:34:55.521000+00:00,2011-10-19 17:34:55.521000+00:00,178311,AA,0
4035,178320_A_SUBMITTED_4035,A_SUBMITTED,COMPLETE,2011-10-19 18:14:03.403000+00:00,2011-10-19 18:14:03.403000+00:00,178320,AA,0
4036,178320_A_PARTLYSUBMITTED_4036,A_PARTLYSUBMITTED,COMPLETE,2011-10-19 18:14:04.107000+00:00,2011-10-19 18:14:04.107000+00:00,178320,AA,0
4037,178320_A_PREACCEPTED_4037,A_PREACCEPTED,COMPLETE,2011-10-19 18:14:37.228000+00:00,2011-10-19 18:14:37.228000+00:00,178320,AA,0
4038,178320_W_Completeren aanvraag_4038,W_Completeren aanvraag,COMPLETE,2011-10-19 19:44:55.407000+00:00,2011-10-19 19:52:31+00:00,178320,AM,12
4039,178320_A_CANCELLED_4039,A_CANCELLED,COMPLETE,2011-10-20 13:40:45.215000+00:00,2011-10-20 13:40:45.215000+00:00,178320,BS,44
4040,178320_W_Completeren aanvraag_4040,W_Completeren aanvraag,COMPLETE,2011-10-20 13:36:22.464000+00:00,2011-10-20 13:40:47.385000+00:00,178320,BS,44
4041,178323_A_SUBMITTED_4041,A_SUBMITTED,COMPLETE,2011-10-19 18:16:30.671000+00:00,2011-10-19 18:16:30.671000+00:00,178323,AA,0
4042,178323_A_PARTLYSUBMITTED_4042,A_PARTLYSUBMITTED,COMPLETE,2011-10-19 18:16:30.951000+00:00,2011-10-19 18:16:30.951000+00:00,178323,AA,0
4043,178323_A_DECLINED_4043,A_DECLINED,COMPLETE,2011-10-19 18:17:12.310000+00:00,2011-10-19 18:17:12.310000+00:00,178323,AA,0
4044,178326_A_SUBMITTED_4044,A_SUBMITTED,COMPLETE,2011-10-19 18:19:46.139000+00:00,2011-10-19 18:19:46.139000+00:00,178326,AA,0
4045,178326_A_PARTLYSUBMITTED_4045,A_PARTLYSUBMITTED,COMPLETE,2011-10-19 18:19:46.300000+00:00,2011-10-19 18:19:46.300000+00:00,178326,AA,0
4046,178326_A_DECLINED_4046,A_DECLINED,COMPLETE,2011-10-19 19:24:15.706000+00:00,2011-10-19 19:24:15.706000+00:00,178326,BL,37
4047,178326_W_Afhandelen leads_4047,W_Afhandelen leads,COMPLETE,2011-10-19 19:22:10.388000+00:00,2011-10-19 19:24:20.202000+00:00,178326,BL,37
4048,178332_A_SUBMITTED_4048,A_SUBMITTED,COMPLETE,2011-10-19 18:23:20.137000+00:00,2011-10-19 18:23:20.137000+00:00,178332,AA,0
4049,178332_A_PARTLYSUBMITTED_4049,A_PARTLYSUBMITTED,COMPLETE,2011-10-19 18:23:20.266000+00:00,2011-10-19 18:23:20.266000+00:00,178332,AA,0
4050,178332_A_PREACCEPTED_4050,A_PREACCEPTED,COMPLETE,2011-10-19 19:25:36.544000+00:00,2011-10-19 19:25:36.544000+00:00,178332,BL,37
4051,178332_W_Afhandelen leads_4051,W_Afhandelen leads,COMPLETE,2011-10-19 19:24:24.597000+00:00,2011-10-19 19:25:37.422000+00:00,178332,BL,37
4052,178332_A_DECLINED_4052,A_DECLINED,COMPLETE,2011-10-19 20:31:26.688000+00:00,2011-10-19 20:31:26.688000+00:00,178332,AM,12
4053,178332_W_Completeren aanvraag_4053,W_Completeren aanvraag,COMPLETE,2011-10-19 20:23:11.986000+00:00,2011-10-19 20:31:30.173000+00:00,178332,AM,12
4054,178338_A_SUBMITTED_4054,A_SUBMITTED,COMPLETE,2011-10-19 18:31:38.389000+00:00,2011-10-19 18:31:38.389000+00:00,178338,AA,0
4055,178338_A_PARTLYSUBMITTED_4055,A_PARTLYSUBMITTED,COMPLETE,2011-10-19 18:31:38.513000+00:00,2011-10-19 18:31:38.513000+00:00,178338,AA,0
4056,178338_A_DECLINED_4056,A_DECLINED,COMPLETE,2011-10-19 18:32:11.920000+00:00,2011-10-19 18:32:11.920000+00:00,178338,AA,0
4057,178341_A_SUBMITTED_4057,A_SUBMITTED,COMPLETE,2011-10-19 18:41:43.055000+00:00,2011-10-19 18:41:43.055000+00:00,178341,AA,0
4058,178341_A_PARTLYSUBMITTED_4058,A_PARTLYSUBMITTED,COMPLETE,2011-10-19 18:41:43.211000+00:00,2011-10-19 18:41:43.211000+00:00,178341,AA,0
4059,178341_A_DECLINED_4059,A_DECLINED,COMPLETE,2011-10-19 18:42:14.765000+00:00,2011-10-19 18:42:14.765000+00:00,178341,AA,0
4060,178344_A_SUBMITTED_4060,A_SUBMITTED,COMPLETE,2011-10-19 18:45:09.801000+00:00,2011-10-19 18:45:09.801000+00:00,178344,AA,0
4061,178344_A_PARTLYSUBMITTED_4061,A_PARTLYSUBMITTED,COMPLETE,2011-10-19 18:45:09.978000+00:00,2011-10-19 18:45:09.978000+00:00,178344,AA,0
4062,178344_A_DECLINED_4062,A_DECLINED,COMPLETE,2011-10-19 19:26:11.691000+00:00,2011-10-19 19:26:11.691000+00:00,178344,BL,37
4063,178344_W_Afhandelen leads_4063,W_Afhandelen leads,COMPLETE,2011-10-19 19:25:41.092000+00:00,2011-10-19 19:26:14.675000+00:00,178344,BL,37
4064,178350_A_SUBMITTED_4064,A_SUBMITTED,COMPLETE,2011-10-19 19:12:35.476000+00:00,2011-10-19 19:12:35.476000+00:00,178350,AA,0
4065,178350_A_PARTLYSUBMITTED_4065,A_PARTLYSUBMITTED,COMPLETE,2011-10-19 19:12:35.661000+00:00,2011-10-19 19:12:35.661000+00:00,178350,AA,0
4066,178350_A_PREACCEPTED_4066,A_PREACCEPTED,COMPLETE,2011-10-19 19:13:08.416000+00:00,2011-10-19 19:13:08.416000+00:00,178350,AA,0
4067,178350_A_DECLINED_4067,A_DECLINED,COMPLETE,2011-10-19 20:22:53.219000+00:00,2011-10-19 20:22:53.219000+00:00,178350,AM,12
4068,178350_W_Completeren aanvraag_4068,W_Completeren aanvraag,COMPLETE,2011-10-19 20:07:00.812000+00:00,2011-10-19 20:22:56.062000+00:00,178350,AM,12
4069,178353_A_SUBMITTED_4069,A_SUBMITTED,COMPLETE,2011-10-19 19:14:01.307000+00:00,2011-10-19 19:14:01.307000+00:00,178353,AA,0
4070,178353_A_PARTLYSUBMITTED_4070,A_PARTLYSUBMITTED,COMPLETE,2011-10-19 19:14:01.405000+00:00,2011-10-19 19:14:01.405000+00:00,178353,AA,0
4071,178353_A_DECLINED_4071,A_DECLINED,COMPLETE,2011-10-19 19:31:00.369000+00:00,2011-10-19 19:31:00.369000+00:00,178353,BL,37
4072,178353_W_Afhandelen leads_4072,W_Afhandelen leads,COMPLETE,2011-10-19 19:29:59.255000+00:00,2011-10-19 19:31:02.986000+00:00,178353,BL,37
4073,178359_A_SUBMITTED_4073,A_SUBMITTED,COMPLETE,2011-10-19 19:35:00.807000+00:00,2011-10-19 19:35:00.807000+00:00,178359,AA,0
4074,178359_A_PARTLYSUBMITTED_4074,A_PARTLYSUBMITTED,COMPLETE,2011-10-19 19:35:01.150000+00:00,2011-10-19 19:35:01.150000+00:00,178359,AA,0
4075,178359_W_Afhandelen leads_4075,W_Afhandelen leads,COMPLETE,2011-10-19 19:39:50.752000+00:00,2011-10-19 19:43:28.927000+00:00,178359,BM,38
4076,178359_A_DECLINED_4076,A_DECLINED,COMPLETE,2011-10-19 19:46:11.418000+00:00,2011-10-19 19:46:11.418000+00:00,178359,BM,38
4077,178359_W_Afhandelen leads_4077,W_Afhandelen leads,COMPLETE,2011-10-19 19:43:31.596000+00:00,2011-10-19 19:46:14.252000+00:00,178359,BM,38
4078,178362_A_SUBMITTED_4078,A_SUBMITTED,COMPLETE,2011-10-19 19:40:08.004000+00:00,2011-10-19 19:40:08.004000+00:00,178362,AA,0
4079,178362_A_PARTLYSUBMITTED_4079,A_PARTLYSUBMITTED,COMPLETE,2011-10-19 19:40:08.184000+00:00,2011-10-19 19:40:08.184000+00:00,178362,AA,0
4080,178362_A_PREACCEPTED_4080,A_PREACCEPTED,COMPLETE,2011-10-19 19:43:17.880000+00:00,2011-10-19 19:43:17.880000+00:00,178362,BM,38
4081,178362_W_Afhandelen leads_4081,W_Afhandelen leads,COMPLETE,2011-10-19 19:41:24.178000+00:00,2011-10-19 19:43:18.812000+00:00,178362,BM,38
4082,178362_A_DECLINED_4082,A_DECLINED,COMPLETE,2011-10-19 20:53:11.539000+00:00,2011-10-19 20:53:11.539000+00:00,178362,BM,38
4083,178362_W_Completeren aanvraag_4083,W_Completeren aanvraag,COMPLETE,2011-10-19 20:46:34.973000+00:00,2011-10-19 20:53:15.235000+00:00,178362,BM,38
4084,178368_A_SUBMITTED_4084,A_SUBMITTED,COMPLETE,2011-10-19 19:51:34.402000+00:00,2011-10-19 19:51:34.402000+00:00,178368,AA,0
4085,178368_A_PARTLYSUBMITTED_4085,A_PARTLYSUBMITTED,COMPLETE,2011-10-19 19:51:34.528000+00:00,2011-10-19 19:51:34.528000+00:00,178368,AA,0
4086,178368_A_PREACCEPTED_4086,A_PREACCEPTED,COMPLETE,2011-10-19 19:52:12.237000+00:00,2011-10-19 19:52:12.237000+00:00,178368,AA,0
4087,178368_A_ACCEPTED_4087,A_ACCEPTED,COMPLETE,2011-10-19 20:09:55.058000+00:00,2011-10-19 20:09:55.058000+00:00,178368,BL,37
4088,178368_A_FINALIZED_4088,A_FINALIZED,COMPLETE,2011-10-19 20:15:43.842000+00:00,2011-10-19 20:15:43.842000+00:00,178368,BL,37
4089,178368_O_SELECTED_4089,O_SELECTED,COMPLETE,2011-10-19 20:15:43.842000+00:00,2011-10-19 20:15:43.842000+00:00,178368,BL,37
4090,178368_O_CREATED_4090,O_CREATED,COMPLETE,2011-10-19 20:15:44.710000+00:00,2011-10-19 20:15:44.710000+00:00,178368,BL,37
4091,178368_O_SENT_4091,O_SENT,COMPLETE,2011-10-19 20:15:44.735000+00:00,2011-10-19 20:15:44.735000+00:00,178368,BL,37
4092,178368_W_Completeren aanvraag_4092,W_Completeren aanvraag,COMPLETE,2011-10-19 20:00:36.267000+00:00,2011-10-19 20:15:46.369000+00:00,178368,BL,37
4093,178368_W_Nabellen offertes_4093,W_Nabellen offertes,COMPLETE,2011-10-19 20:16:51.317000+00:00,2011-10-19 20:28:21.061000+00:00,178368,BL,37
4101,178374_A_SUBMITTED_4101,A_SUBMITTED,COMPLETE,2011-10-19 20:17:11.543000+00:00,2011-10-19 20:17:11.543000+00:00,178374,AA,0
4102,178374_A_PARTLYSUBMITTED_4102,A_PARTLYSUBMITTED,COMPLETE,2011-10-19 20:17:11.804000+00:00,2011-10-19 20:17:11.804000+00:00,178374,AA,0
4103,178374_A_DECLINED_4103,A_DECLINED,COMPLETE,2011-10-19 20:17:44.171000+00:00,2011-10-19 20:17:44.171000+00:00,178374,AA,0
4104,178377_A_SUBMITTED_4104,A_SUBMITTED,COMPLETE,2011-10-19 20:18:13.911000+00:00,2011-10-19 20:18:13.911000+00:00,178377,AA,0
4105,178377_A_PARTLYSUBMITTED_4105,A_PARTLYSUBMITTED,COMPLETE,2011-10-19 20:18:14.565000+00:00,2011-10-19 20:18:14.565000+00:00,178377,AA,0
4106,178377_A_DECLINED_4106,A_DECLINED,COMPLETE,2011-10-19 20:18:45.180000+00:00,2011-10-19 20:18:45.180000+00:00,178377,AA,0
4107,178380_A_SUBMITTED_4107,A_SUBMITTED,COMPLETE,2011-10-19 20:34:45.709000+00:00,2011-10-19 20:34:45.709000+00:00,178380,AA,0
4108,178380_A_PARTLYSUBMITTED_4108,A_PARTLYSUBMITTED,COMPLETE,2011-10-19 20:34:45.838000+00:00,2011-10-19 20:34:45.838000+00:00,178380,AA,0
4109,178380_A_DECLINED_4109,A_DECLINED,COMPLETE,2011-10-19 20:35:20.995000+00:00,2011-10-19 20:35:20.995000+00:00,178380,AA,0
4110,178395_A_SUBMITTED_4110,A_SUBMITTED,COMPLETE,2011-10-19 20:48:47.833000+00:00,2011-10-19 20:48:47.833000+00:00,178395,AA,0
4111,178395_A_PARTLYSUBMITTED_4111,A_PARTLYSUBMITTED,COMPLETE,2011-10-19 20:48:47.948000+00:00,2011-10-19 20:48:47.948000+00:00,178395,AA,0
4112,178395_A_PREACCEPTED_4112,A_PREACCEPTED,COMPLETE,2011-10-19 20:49:20.396000+00:00,2011-10-19 20:49:20.396000+00:00,178395,AA,0
4113,178395_W_Completeren aanvraag_4113,W_Completeren aanvraag,COMPLETE,2011-10-19 20:49:49.186000+00:00,2011-10-20 06:15:05.717000+00:00,178395,BN,39
4114,178395_W_Completeren aanvraag_4114,W_Completeren aanvraag,COMPLETE,2011-10-20 10:09:28.489000+00:00,2011-10-20 10:12:19.080000+00:00,178395,BS,44
4115,178395_A_ACCEPTED_4115,A_ACCEPTED,COMPLETE,2011-10-20 19:35:44.947000+00:00,2011-10-20 19:35:44.947000+00:00,178395,AY,24
4116,178395_O_SELECTED_4116,O_SELECTED,COMPLETE,2011-10-20 19:38:07.076000+00:00,2011-10-20 19:38:07.076000+00:00,178395,AY,24
4117,178395_A_FINALIZED_4117,A_FINALIZED,COMPLETE,2011-10-20 19:38:07.076000+00:00,2011-10-20 19:38:07.076000+00:00,178395,AY,24
4118,178395_O_CREATED_4118,O_CREATED,COMPLETE,2011-10-20 19:38:54.335000+00:00,2011-10-20 19:38:54.335000+00:00,178395,AY,24
4119,178395_O_SENT_4119,O_SENT,COMPLETE,2011-10-20 19:38:54.361000+00:00,2011-10-20 19:38:54.361000+00:00,178395,AY,24
4120,178395_W_Completeren aanvraag_4120,W_Completeren aanvraag,COMPLETE,2011-10-20 19:30:30.188000+00:00,2011-10-20 19:38:55.833000+00:00,178395,AY,24
4121,178395_W_Nabellen offertes_4121,W_Nabellen offertes,COMPLETE,2011-10-20 19:39:13.529000+00:00,2011-10-20 19:39:22.798000+00:00,178395,AY,24
4127,178398_A_SUBMITTED_4127,A_SUBMITTED,COMPLETE,2011-10-19 20:52:18.067000+00:00,2011-10-19 20:52:18.067000+00:00,178398,AA,0
4128,178398_A_PARTLYSUBMITTED_4128,A_PARTLYSUBMITTED,COMPLETE,2011-10-19 20:52:18.477000+00:00,2011-10-19 20:52:18.477000+00:00,178398,AA,0
4129,178398_A_DECLINED_4129,A_DECLINED,COMPLETE,2011-10-19 20:52:55.521000+00:00,2011-10-19 20:52:55.521000+00:00,178398,AA,0
4130,178401_A_SUBMITTED_4130,A_SUBMITTED,COMPLETE,2011-10-19 20:52:59.301000+00:00,2011-10-19 20:52:59.301000+00:00,178401,AA,0
4131,178401_A_PARTLYSUBMITTED_4131,A_PARTLYSUBMITTED,COMPLETE,2011-10-19 20:52:59.415000+00:00,2011-10-19 20:52:59.415000+00:00,178401,AA,0
4132,178401_A_DECLINED_4132,A_DECLINED,COMPLETE,2011-10-20 09:09:28.261000+00:00,2011-10-20 09:09:28.261000+00:00,178401,BS,44
4133,178401_W_Afhandelen leads_4133,W_Afhandelen leads,COMPLETE,2011-10-20 09:04:09.253000+00:00,2011-10-20 09:09:31.657000+00:00,178401,BS,44
4134,178404_A_SUBMITTED_4134,A_SUBMITTED,COMPLETE,2011-10-19 20:55:32.566000+00:00,2011-10-19 20:55:32.566000+00:00,178404,AA,0
4135,178404_A_PARTLYSUBMITTED_4135,A_PARTLYSUBMITTED,COMPLETE,2011-10-19 20:55:32.722000+00:00,2011-10-19 20:55:32.722000+00:00,178404,AA,0
4136,178404_A_DECLINED_4136,A_DECLINED,COMPLETE,2011-10-19 20:56:03.400000+00:00,2011-10-19 20:56:03.400000+00:00,178404,AA,0
4137,178410_A_SUBMITTED_4137,A_SUBMITTED,COMPLETE,2011-10-19 21:05:13.441000+00:00,2011-10-19 21:05:13.441000+00:00,178410,AA,0
4138,178410_A_PARTLYSUBMITTED_4138,A_PARTLYSUBMITTED,COMPLETE,2011-10-19 21:05:13.633000+00:00,2011-10-19 21:05:13.633000+00:00,178410,AA,0
4139,178410_A_DECLINED_4139,A_DECLINED,COMPLETE,2011-10-19 21:05:48.850000+00:00,2011-10-19 21:05:48.850000+00:00,178410,AA,0
4140,178413_A_SUBMITTED_4140,A_SUBMITTED,COMPLETE,2011-10-19 21:08:33.617000+00:00,2011-10-19 21:08:33.617000+00:00,178413,AA,0
4141,178413_A_PARTLYSUBMITTED_4141,A_PARTLYSUBMITTED,COMPLETE,2011-10-19 21:08:33.753000+00:00,2011-10-19 21:08:33.753000+00:00,178413,AA,0
4142,178413_A_PREACCEPTED_4142,A_PREACCEPTED,COMPLETE,2011-10-20 09:08:31.253000+00:00,2011-10-20 09:08:31.253000+00:00,178413,BS,44
4143,178413_W_Afhandelen leads_4143,W_Afhandelen leads,COMPLETE,2011-10-20 09:06:27.832000+00:00,2011-10-20 09:08:32.822000+00:00,178413,BS,44
4144,178413_A_DECLINED_4144,A_DECLINED,COMPLETE,2011-10-20 11:48:39.176000+00:00,2011-10-20 11:48:39.176000+00:00,178413,BS,44
4145,178413_W_Completeren aanvraag_4145,W_Completeren aanvraag,COMPLETE,2011-10-20 11:33:54.423000+00:00,2011-10-20 11:48:42.644000+00:00,178413,BS,44
4146,178416_A_SUBMITTED_4146,A_SUBMITTED,COMPLETE,2011-10-19 21:23:23.942000+00:00,2011-10-19 21:23:23.942000+00:00,178416,AA,0
4147,178416_A_PARTLYSUBMITTED_4147,A_PARTLYSUBMITTED,COMPLETE,2011-10-19 21:23:24.180000+00:00,2011-10-19 21:23:24.180000+00:00,178416,AA,0
4148,178416_A_DECLINED_4148,A_DECLINED,COMPLETE,2011-10-20 09:18:36.164000+00:00,2011-10-20 09:18:36.164000+00:00,178416,BS,44
4149,178416_W_Afhandelen leads_4149,W_Afhandelen leads,COMPLETE,2011-10-20 09:09:37.598000+00:00,2011-10-20 09:18:39.602000+00:00,178416,BS,44
4150,178422_A_SUBMITTED_4150,A_SUBMITTED,COMPLETE,2011-10-19 21:45:50.669000+00:00,2011-10-19 21:45:50.669000+00:00,178422,AA,0
4151,178422_A_PARTLYSUBMITTED_4151,A_PARTLYSUBMITTED,COMPLETE,2011-10-19 21:45:50.939000+00:00,2011-10-19 21:45:50.939000+00:00,178422,AA,0
4152,178422_W_Afhandelen leads_4152,W_Afhandelen leads,COMPLETE,2011-10-20 09:11:54.447000+00:00,2011-10-20 09:23:55.540000+00:00,178422,BS,44
4153,178422_A_DECLINED_4153,A_DECLINED,COMPLETE,2011-10-20 09:26:26.434000+00:00,2011-10-20 09:26:26.434000+00:00,178422,BS,44
4154,178422_W_Afhandelen leads_4154,W_Afhandelen leads,COMPLETE,2011-10-20 09:24:04.174000+00:00,2011-10-20 09:26:31.057000+00:00,178422,BS,44
4155,178428_A_SUBMITTED_4155,A_SUBMITTED,COMPLETE,2011-10-19 22:10:38.254000+00:00,2011-10-19 22:10:38.254000+00:00,178428,AA,0
4156,178428_A_PARTLYSUBMITTED_4156,A_PARTLYSUBMITTED,COMPLETE,2011-10-19 22:10:38.456000+00:00,2011-10-19 22:10:38.456000+00:00,178428,AA,0
4157,178428_A_DECLINED_4157,A_DECLINED,COMPLETE,2011-10-19 22:11:16.918000+00:00,2011-10-19 22:11:16.918000+00:00,178428,AA,0
4158,178431_A_SUBMITTED_4158,A_SUBMITTED,COMPLETE,2011-10-19 22:11:11.348000+00:00,2011-10-19 22:11:11.348000+00:00,178431,AA,0
4159,178431_A_PARTLYSUBMITTED_4159,A_PARTLYSUBMITTED,COMPLETE,2011-10-19 22:11:11.475000+00:00,2011-10-19 22:11:11.475000+00:00,178431,AA,0
4160,178431_A_DECLINED_4160,A_DECLINED,COMPLETE,2011-10-20 09:20:54.465000+00:00,2011-10-20 09:20:54.465000+00:00,178431,BS,44
4161,178431_W_Afhandelen leads_4161,W_Afhandelen leads,COMPLETE,2011-10-20 09:18:59.597000+00:00,2011-10-20 09:20:57.176000+00:00,178431,BS,44
4162,178434_A_SUBMITTED_4162,A_SUBMITTED,COMPLETE,2011-10-19 22:16:34.952000+00:00,2011-10-19 22:16:34.952000+00:00,178434,AA,0
4163,178434_A_PARTLYSUBMITTED_4163,A_PARTLYSUBMITTED,COMPLETE,2011-10-19 22:16:35.111000+00:00,2011-10-19 22:16:35.111000+00:00,178434,AA,0
4164,178434_A_DECLINED_4164,A_DECLINED,COMPLETE,2011-10-19 22:17:19.131000+00:00,2011-10-19 22:17:19.131000+00:00,178434,AA,0
4165,178437_A_SUBMITTED_4165,A_SUBMITTED,COMPLETE,2011-10-19 22:58:44.029000+00:00,2011-10-19 22:58:44.029000+00:00,178437,AA,0
4166,178437_A_PARTLYSUBMITTED_4166,A_PARTLYSUBMITTED,COMPLETE,2011-10-19 22:58:44.154000+00:00,2011-10-19 22:58:44.154000+00:00,178437,AA,0
4167,178437_W_Beoordelen fraude_4167,W_Beoordelen fraude,COMPLETE,2011-10-21 13:40:21.328000+00:00,2011-10-21 13:40:27.668000+00:00,178437,AD,3
4168,178437_W_Beoordelen fraude_4168,W_Beoordelen fraude,COMPLETE,2011-10-24 10:07:36.159000+00:00,2011-10-24 10:08:20.305000+00:00,178437,AD,3
4169,178437_W_Beoordelen fraude_4169,W_Beoordelen fraude,COMPLETE,2011-10-24 15:51:53.469000+00:00,2011-10-24 15:54:00.572000+00:00,178437,AD,3
4172,178459_A_SUBMITTED_4172,A_SUBMITTED,COMPLETE,2011-10-19 23:02:21.484000+00:00,2011-10-19 23:02:21.484000+00:00,178459,AA,0
4173,178459_A_PARTLYSUBMITTED_4173,A_PARTLYSUBMITTED,COMPLETE,2011-10-19 23:02:23.653000+00:00,2011-10-19 23:02:23.653000+00:00,178459,AA,0
4174,178459_A_DECLINED_4174,A_DECLINED,COMPLETE,2011-10-19 23:03:06.390000+00:00,2011-10-19 23:03:06.390000+00:00,178459,AA,0
4175,178468_A_SUBMITTED_4175,A_SUBMITTED,COMPLETE,2011-10-20 00:28:18.020000+00:00,2011-10-20 00:28:18.020000+00:00,178468,AA,0
4176,178468_A_PARTLYSUBMITTED_4176,A_PARTLYSUBMITTED,COMPLETE,2011-10-20 00:28:18.272000+00:00,2011-10-20 00:28:18.272000+00:00,178468,AA,0
4177,178468_A_DECLINED_4177,A_DECLINED,COMPLETE,2011-10-20 00:29:05.421000+00:00,2011-10-20 00:29:05.421000+00:00,178468,AA,0
4178,178471_A_SUBMITTED_4178,A_SUBMITTED,COMPLETE,2011-10-20 01:37:22.298000+00:00,2011-10-20 01:37:22.298000+00:00,178471,AA,0
4179,178471_A_PARTLYSUBMITTED_4179,A_PARTLYSUBMITTED,COMPLETE,2011-10-20 01:37:22.598000+00:00,2011-10-20 01:37:22.598000+00:00,178471,AA,0
4180,178471_W_Afhandelen leads_4180,W_Afhandelen leads,COMPLETE,2011-10-20 09:21:02.474000+00:00,2011-10-20 09:23:55.548000+00:00,178471,BS,44
4181,178471_A_DECLINED_4181,A_DECLINED,COMPLETE,2011-10-20 09:41:35.195000+00:00,2011-10-20 09:41:35.195000+00:00,178471,BS,44
4182,178471_W_Afhandelen leads_4182,W_Afhandelen leads,COMPLETE,2011-10-20 09:40:32.779000+00:00,2011-10-20 09:41:38.559000+00:00,178471,BS,44
4183,178479_A_SUBMITTED_4183,A_SUBMITTED,COMPLETE,2011-10-20 06:01:41.202000+00:00,2011-10-20 06:01:41.202000+00:00,178479,AA,0
4184,178479_A_PARTLYSUBMITTED_4184,A_PARTLYSUBMITTED,COMPLETE,2011-10-20 06:01:46.818000+00:00,2011-10-20 06:01:46.818000+00:00,178479,AA,0
4185,178479_A_DECLINED_4185,A_DECLINED,COMPLETE,2011-10-20 06:02:51.416000+00:00,2011-10-20 06:02:51.416000+00:00,178479,AA,0
4186,178482_A_SUBMITTED_4186,A_SUBMITTED,COMPLETE,2011-10-20 06:55:51.300000+00:00,2011-10-20 06:55:51.300000+00:00,178482,AA,0
4187,178482_A_PARTLYSUBMITTED_4187,A_PARTLYSUBMITTED,COMPLETE,2011-10-20 06:55:51.577000+00:00,2011-10-20 06:55:51.577000+00:00,178482,AA,0
4188,178482_A_DECLINED_4188,A_DECLINED,COMPLETE,2011-10-20 06:56:30.303000+00:00,2011-10-20 06:56:30.303000+00:00,178482,AA,0
4189,178485_A_SUBMITTED_4189,A_SUBMITTED,COMPLETE,2011-10-20 07:04:19.185000+00:00,2011-10-20 07:04:19.185000+00:00,178485,AA,0
4190,178485_A_PARTLYSUBMITTED_4190,A_PARTLYSUBMITTED,COMPLETE,2011-10-20 07:04:24.003000+00:00,2011-10-20 07:04:24.003000+00:00,178485,AA,0
4191,178485_A_DECLINED_4191,A_DECLINED,COMPLETE,2011-10-20 07:05:17.971000+00:00,2011-10-20 07:05:17.971000+00:00,178485,AA,0
4192,178488_A_SUBMITTED_4192,A_SUBMITTED,COMPLETE,2011-10-20 07:15:01.614000+00:00,2011-10-20 07:15:01.614000+00:00,178488,AA,0
4193,178488_A_PARTLYSUBMITTED_4193,A_PARTLYSUBMITTED,COMPLETE,2011-10-20 07:15:04.480000+00:00,2011-10-20 07:15:04.480000+00:00,178488,AA,0
4194,178488_A_DECLINED_4194,A_DECLINED,COMPLETE,2011-10-20 07:15:47.134000+00:00,2011-10-20 07:15:47.134000+00:00,178488,AA,0
4195,178494_A_SUBMITTED_4195,A_SUBMITTED,COMPLETE,2011-10-20 09:45:27.963000+00:00,2011-10-20 09:45:27.963000+00:00,178494,AA,0
4196,178494_A_PARTLYSUBMITTED_4196,A_PARTLYSUBMITTED,COMPLETE,2011-10-20 09:45:31.575000+00:00,2011-10-20 09:45:31.575000+00:00,178494,AA,0
4197,178494_A_PREACCEPTED_4197,A_PREACCEPTED,COMPLETE,2011-10-20 10:08:35.281000+00:00,2011-10-20 10:08:35.281000+00:00,178494,BS,44
4198,178494_W_Afhandelen leads_4198,W_Afhandelen leads,COMPLETE,2011-10-20 10:05:45.298000+00:00,2011-10-20 10:08:36.269000+00:00,178494,BS,44
4199,178494_A_DECLINED_4199,A_DECLINED,COMPLETE,2011-10-20 12:07:47.920000+00:00,2011-10-20 12:07:47.920000+00:00,178494,BS,44
4200,178494_W_Completeren aanvraag_4200,W_Completeren aanvraag,COMPLETE,2011-10-20 11:49:10.857000+00:00,2011-10-20 12:07:51.180000+00:00,178494,BS,44
4201,178500_A_SUBMITTED_4201,A_SUBMITTED,COMPLETE,2011-10-20 10:15:28.190000+00:00,2011-10-20 10:15:28.190000+00:00,178500,AA,0
4202,178500_A_PARTLYSUBMITTED_4202,A_PARTLYSUBMITTED,COMPLETE,2011-10-20 10:15:28.730000+00:00,2011-10-20 10:15:28.730000+00:00,178500,AA,0
4203,178500_A_DECLINED_4203,A_DECLINED,COMPLETE,2011-10-20 10:16:12.546000+00:00,2011-10-20 10:16:12.546000+00:00,178500,AA,0
4204,178506_A_SUBMITTED_4204,A_SUBMITTED,COMPLETE,2011-10-20 10:37:30.188000+00:00,2011-10-20 10:37:30.188000+00:00,178506,AA,0
4205,178506_A_PARTLYSUBMITTED_4205,A_PARTLYSUBMITTED,COMPLETE,2011-10-20 10:37:30.313000+00:00,2011-10-20 10:37:30.313000+00:00,178506,AA,0
4206,178506_A_DECLINED_4206,A_DECLINED,COMPLETE,2011-10-20 10:38:06.741000+00:00,2011-10-20 10:38:06.741000+00:00,178506,AA,0
4207,178509_A_SUBMITTED_4207,A_SUBMITTED,COMPLETE,2011-10-20 10:50:21.903000+00:00,2011-10-20 10:50:21.903000+00:00,178509,AA,0
4208,178509_A_PARTLYSUBMITTED_4208,A_PARTLYSUBMITTED,COMPLETE,2011-10-20 10:50:22.171000+00:00,2011-10-20 10:50:22.171000+00:00,178509,AA,0
4209,178509_A_DECLINED_4209,A_DECLINED,COMPLETE,2011-10-20 10:50:57.505000+00:00,2011-10-20 10:50:57.505000+00:00,178509,AA,0
4210,178512_A_SUBMITTED_4210,A_SUBMITTED,COMPLETE,2011-10-20 11:02:00.125000+00:00,2011-10-20 11:02:00.125000+00:00,178512,AA,0
4211,178512_A_PARTLYSUBMITTED_4211,A_PARTLYSUBMITTED,COMPLETE,2011-10-20 11:02:00.465000+00:00,2011-10-20 11:02:00.465000+00:00,178512,AA,0
4212,178512_A_DECLINED_4212,A_DECLINED,COMPLETE,2011-10-20 11:18:33+00:00,2011-10-20 11:18:33+00:00,178512,BS,44
4213,178512_W_Afhandelen leads_4213,W_Afhandelen leads,COMPLETE,2011-10-20 11:16:40.512000+00:00,2011-10-20 11:18:36.047000+00:00,178512,BS,44
4214,178515_A_SUBMITTED_4214,A_SUBMITTED,COMPLETE,2011-10-20 11:02:58.411000+00:00,2011-10-20 11:02:58.411000+00:00,178515,AA,0
4215,178515_A_PARTLYSUBMITTED_4215,A_PARTLYSUBMITTED,COMPLETE,2011-10-20 11:02:58.550000+00:00,2011-10-20 11:02:58.550000+00:00,178515,AA,0
4216,178515_A_DECLINED_4216,A_DECLINED,COMPLETE,2011-10-20 11:20:53.998000+00:00,2011-10-20 11:20:53.998000+00:00,178515,BS,44
4217,178515_W_Afhandelen leads_4217,W_Afhandelen leads,COMPLETE,2011-10-20 11:18:45.125000+00:00,2011-10-20 11:20:57.084000+00:00,178515,BS,44
4218,178527_A_SUBMITTED_4218,A_SUBMITTED,COMPLETE,2011-10-20 11:28:12.968000+00:00,2011-10-20 11:28:12.968000+00:00,178527,AA,0
4219,178527_A_PARTLYSUBMITTED_4219,A_PARTLYSUBMITTED,COMPLETE,2011-10-20 11:28:13.257000+00:00,2011-10-20 11:28:13.257000+00:00,178527,AA,0
4220,178527_A_DECLINED_4220,A_DECLINED,COMPLETE,2011-10-20 11:28:52.894000+00:00,2011-10-20 11:28:52.894000+00:00,178527,AA,0
4221,178530_A_SUBMITTED_4221,A_SUBMITTED,COMPLETE,2011-10-20 11:46:58.560000+00:00,2011-10-20 11:46:58.560000+00:00,178530,AA,0
4222,178530_A_PARTLYSUBMITTED_4222,A_PARTLYSUBMITTED,COMPLETE,2011-10-20 11:46:58.801000+00:00,2011-10-20 11:46:58.801000+00:00,178530,AA,0
4223,178530_A_DECLINED_4223,A_DECLINED,COMPLETE,2011-10-20 11:47:46.280000+00:00,2011-10-20 11:47:46.280000+00:00,178530,AA,0
4224,178533_A_SUBMITTED_4224,A_SUBMITTED,COMPLETE,2011-10-20 11:56:42.928000+00:00,2011-10-20 11:56:42.928000+00:00,178533,AA,0
4225,178533_A_PARTLYSUBMITTED_4225,A_PARTLYSUBMITTED,COMPLETE,2011-10-20 11:56:43.251000+00:00,2011-10-20 11:56:43.251000+00:00,178533,AA,0
4226,178533_A_DECLINED_4226,A_DECLINED,COMPLETE,2011-10-20 11:57:32.594000+00:00,2011-10-20 11:57:32.594000+00:00,178533,AA,0
4227,178542_A_SUBMITTED_4227,A_SUBMITTED,COMPLETE,2011-10-20 12:04:43.224000+00:00,2011-10-20 12:04:43.224000+00:00,178542,AA,0
4228,178542_A_PARTLYSUBMITTED_4228,A_PARTLYSUBMITTED,COMPLETE,2011-10-20 12:04:43.502000+00:00,2011-10-20 12:04:43.502000+00:00,178542,AA,0
4229,178542_W_Beoordelen fraude_4229,W_Beoordelen fraude,COMPLETE,2011-10-21 13:39:10.232000+00:00,2011-10-21 13:39:16.323000+00:00,178542,AD,3
4230,178542_A_DECLINED_4230,A_DECLINED,COMPLETE,2011-10-21 15:04:42.840000+00:00,2011-10-21 15:04:42.840000+00:00,178542,AD,3
4231,178542_W_Beoordelen fraude_4231,W_Beoordelen fraude,COMPLETE,2011-10-21 15:04:37.300000+00:00,2011-10-21 15:04:46.204000+00:00,178542,AD,3
4232,178548_A_SUBMITTED_4232,A_SUBMITTED,COMPLETE,2011-10-20 12:43:47.583000+00:00,2011-10-20 12:43:47.583000+00:00,178548,AA,0
4233,178548_A_PARTLYSUBMITTED_4233,A_PARTLYSUBMITTED,COMPLETE,2011-10-20 12:43:47.793000+00:00,2011-10-20 12:43:47.793000+00:00,178548,AA,0
4234,178548_A_DECLINED_4234,A_DECLINED,COMPLETE,2011-10-20 12:44:42.711000+00:00,2011-10-20 12:44:42.711000+00:00,178548,AA,0
4235,178554_A_SUBMITTED_4235,A_SUBMITTED,COMPLETE,2011-10-20 12:57:24.367000+00:00,2011-10-20 12:57:24.367000+00:00,178554,AA,0
4236,178554_A_PARTLYSUBMITTED_4236,A_PARTLYSUBMITTED,COMPLETE,2011-10-20 12:57:24.548000+00:00,2011-10-20 12:57:24.548000+00:00,178554,AA,0
4237,178554_A_DECLINED_4237,A_DECLINED,COMPLETE,2011-10-20 12:58:16.382000+00:00,2011-10-20 12:58:16.382000+00:00,178554,AA,0
4238,178560_A_SUBMITTED_4238,A_SUBMITTED,COMPLETE,2011-10-20 13:25:19.097000+00:00,2011-10-20 13:25:19.097000+00:00,178560,AA,0
4239,178560_A_PARTLYSUBMITTED_4239,A_PARTLYSUBMITTED,COMPLETE,2011-10-20 13:25:19.412000+00:00,2011-10-20 13:25:19.412000+00:00,178560,AA,0
4240,178560_A_DECLINED_4240,A_DECLINED,COMPLETE,2011-10-20 13:25:56.754000+00:00,2011-10-20 13:25:56.754000+00:00,178560,AA,0
4241,178569_A_SUBMITTED_4241,A_SUBMITTED,COMPLETE,2011-10-20 13:58:28.009000+00:00,2011-10-20 13:58:28.009000+00:00,178569,AA,0
4242,178569_A_PARTLYSUBMITTED_4242,A_PARTLYSUBMITTED,COMPLETE,2011-10-20 13:58:28.311000+00:00,2011-10-20 13:58:28.311000+00:00,178569,AA,0
4243,178569_A_PREACCEPTED_4243,A_PREACCEPTED,COMPLETE,2011-10-20 13:59:11.718000+00:00,2011-10-20 13:59:11.718000+00:00,178569,AA,0
4244,178569_A_ACCEPTED_4244,A_ACCEPTED,COMPLETE,2011-10-20 14:05:16.702000+00:00,2011-10-20 14:05:16.702000+00:00,178569,AT,19
4245,178569_A_FINALIZED_4245,A_FINALIZED,COMPLETE,2011-10-20 14:06:55.185000+00:00,2011-10-20 14:06:55.185000+00:00,178569,AT,19
4246,178569_O_SELECTED_4246,O_SELECTED,COMPLETE,2011-10-20 14:06:55.185000+00:00,2011-10-20 14:06:55.185000+00:00,178569,AT,19
4247,178569_O_CREATED_4247,O_CREATED,COMPLETE,2011-10-20 14:06:56.304000+00:00,2011-10-20 14:06:56.304000+00:00,178569,AT,19
4248,178569_O_SENT_4248,O_SENT,COMPLETE,2011-10-20 14:06:56.331000+00:00,2011-10-20 14:06:56.331000+00:00,178569,AT,19
4249,178569_W_Completeren aanvraag_4249,W_Completeren aanvraag,COMPLETE,2011-10-20 13:59:38.260000+00:00,2011-10-20 14:06:58.600000+00:00,178569,AT,19
4250,178569_W_Nabellen offertes_4250,W_Nabellen offertes,COMPLETE,2011-10-20 14:07:26.869000+00:00,2011-10-20 14:08:47.708000+00:00,178569,AT,19
4254,178587_A_SUBMITTED_4254,A_SUBMITTED,COMPLETE,2011-10-20 14:31:24.764000+00:00,2011-10-20 14:31:24.764000+00:00,178587,AA,0
4255,178587_A_PARTLYSUBMITTED_4255,A_PARTLYSUBMITTED,COMPLETE,2011-10-20 14:31:24.872000+00:00,2011-10-20 14:31:24.872000+00:00,178587,AA,0
4256,178587_A_DECLINED_4256,A_DECLINED,COMPLETE,2011-10-20 14:31:58.627000+00:00,2011-10-20 14:31:58.627000+00:00,178587,AA,0
4257,178596_A_SUBMITTED_4257,A_SUBMITTED,COMPLETE,2011-10-20 14:50:20.235000+00:00,2011-10-20 14:50:20.235000+00:00,178596,AA,0
4258,178596_A_PARTLYSUBMITTED_4258,A_PARTLYSUBMITTED,COMPLETE,2011-10-20 14:50:20.421000+00:00,2011-10-20 14:50:20.421000+00:00,178596,AA,0
4259,178596_A_PREACCEPTED_4259,A_PREACCEPTED,COMPLETE,2011-10-20 14:51:07.760000+00:00,2011-10-20 14:51:07.760000+00:00,178596,AA,0
4260,178596_W_Completeren aanvraag_4260,W_Completeren aanvraag,COMPLETE,2011-10-20 15:35:25.870000+00:00,2011-10-20 15:46:12.234000+00:00,178596,BS,44
4261,178596_W_Completeren aanvraag_4261,W_Completeren aanvraag,COMPLETE,2011-10-20 15:53:59.919000+00:00,2011-10-20 15:59:26.124000+00:00,178596,AL,11
4262,178596_A_ACCEPTED_4262,A_ACCEPTED,COMPLETE,2011-10-20 15:59:58.658000+00:00,2011-10-20 15:59:58.658000+00:00,178596,AL,11
4263,178596_A_FINALIZED_4263,A_FINALIZED,COMPLETE,2011-10-20 16:02:15.459000+00:00,2011-10-20 16:02:15.459000+00:00,178596,AL,11
4264,178596_O_SELECTED_4264,O_SELECTED,COMPLETE,2011-10-20 16:02:15.459000+00:00,2011-10-20 16:02:15.459000+00:00,178596,AL,11
4265,178596_O_CREATED_4265,O_CREATED,COMPLETE,2011-10-20 16:02:16.794000+00:00,2011-10-20 16:02:16.794000+00:00,178596,AL,11
4266,178596_O_SENT_4266,O_SENT,COMPLETE,2011-10-20 16:02:16.833000+00:00,2011-10-20 16:02:16.833000+00:00,178596,AL,11
4267,178596_W_Completeren aanvraag_4267,W_Completeren aanvraag,COMPLETE,2011-10-20 15:59:47.096000+00:00,2011-10-20 16:02:18.169000+00:00,178596,AL,11
4268,178596_W_Nabellen offertes_4268,W_Nabellen offertes,COMPLETE,2011-10-20 16:02:37.286000+00:00,2011-10-20 16:03:28.919000+00:00,178596,AL,11
4278,178599_A_SUBMITTED_4278,A_SUBMITTED,COMPLETE,2011-10-20 15:07:11.506000+00:00,2011-10-20 15:07:11.506000+00:00,178599,AA,0
4279,178599_A_PARTLYSUBMITTED_4279,A_PARTLYSUBMITTED,COMPLETE,2011-10-20 15:07:11.681000+00:00,2011-10-20 15:07:11.681000+00:00,178599,AA,0
4280,178599_A_DECLINED_4280,A_DECLINED,COMPLETE,2011-10-20 15:07:50.157000+00:00,2011-10-20 15:07:50.157000+00:00,178599,AA,0
4281,178602_A_SUBMITTED_4281,A_SUBMITTED,COMPLETE,2011-10-20 15:08:04.522000+00:00,2011-10-20 15:08:04.522000+00:00,178602,AA,0
4282,178602_A_PARTLYSUBMITTED_4282,A_PARTLYSUBMITTED,COMPLETE,2011-10-20 15:08:04.751000+00:00,2011-10-20 15:08:04.751000+00:00,178602,AA,0
4283,178602_A_DECLINED_4283,A_DECLINED,COMPLETE,2011-10-20 15:08:41.965000+00:00,2011-10-20 15:08:41.965000+00:00,178602,AA,0
4284,178605_A_SUBMITTED_4284,A_SUBMITTED,COMPLETE,2011-10-20 15:51:18.244000+00:00,2011-10-20 15:51:18.244000+00:00,178605,AA,0
4285,178605_A_PARTLYSUBMITTED_4285,A_PARTLYSUBMITTED,COMPLETE,2011-10-20 15:51:20.230000+00:00,2011-10-20 15:51:20.230000+00:00,178605,AA,0
4286,178605_A_DECLINED_4286,A_DECLINED,COMPLETE,2011-10-20 16:07:07.892000+00:00,2011-10-20 16:07:07.892000+00:00,178605,BO,40
4287,178605_W_Afhandelen leads_4287,W_Afhandelen leads,COMPLETE,2011-10-20 15:58:59.118000+00:00,2011-10-20 16:07:11.125000+00:00,178605,BO,40
4288,178608_A_SUBMITTED_4288,A_SUBMITTED,COMPLETE,2011-10-20 16:01:12.007000+00:00,2011-10-20 16:01:12.007000+00:00,178608,AA,0
4289,178608_A_PARTLYSUBMITTED_4289,A_PARTLYSUBMITTED,COMPLETE,2011-10-20 16:01:12.244000+00:00,2011-10-20 16:01:12.244000+00:00,178608,AA,0
4290,178608_A_DECLINED_4290,A_DECLINED,COMPLETE,2011-10-20 16:01:49.305000+00:00,2011-10-20 16:01:49.305000+00:00,178608,AA,0
4291,178611_A_SUBMITTED_4291,A_SUBMITTED,COMPLETE,2011-10-20 16:04:42.820000+00:00,2011-10-20 16:04:42.820000+00:00,178611,AA,0
4292,178611_A_PARTLYSUBMITTED_4292,A_PARTLYSUBMITTED,COMPLETE,2011-10-20 16:04:43.038000+00:00,2011-10-20 16:04:43.038000+00:00,178611,AA,0
4293,178611_A_DECLINED_4293,A_DECLINED,COMPLETE,2011-10-20 16:05:35.046000+00:00,2011-10-20 16:05:35.046000+00:00,178611,AA,0
4294,178614_A_SUBMITTED_4294,A_SUBMITTED,COMPLETE,2011-10-20 16:16:32.806000+00:00,2011-10-20 16:16:32.806000+00:00,178614,AA,0
4295,178614_A_PARTLYSUBMITTED_4295,A_PARTLYSUBMITTED,COMPLETE,2011-10-20 16:16:33.048000+00:00,2011-10-20 16:16:33.048000+00:00,178614,AA,0
4296,178614_A_PREACCEPTED_4296,A_PREACCEPTED,COMPLETE,2011-10-20 16:23:21.628000+00:00,2011-10-20 16:23:21.628000+00:00,178614,BS,44
4297,178614_W_Afhandelen leads_4297,W_Afhandelen leads,COMPLETE,2011-10-20 16:21:35+00:00,2011-10-20 16:23:23.119000+00:00,178614,BS,44
4298,178614_W_Completeren aanvraag_4298,W_Completeren aanvraag,COMPLETE,2011-10-20 16:26:19.406000+00:00,2011-10-20 16:28:13.484000+00:00,178614,BS,44
4299,178614_W_Completeren aanvraag_4299,W_Completeren aanvraag,COMPLETE,2011-10-20 17:22:53.147000+00:00,2011-10-20 17:22:59.876000+00:00,178614,AY,24
4300,178614_A_DECLINED_4300,A_DECLINED,COMPLETE,2011-10-20 18:23:46.080000+00:00,2011-10-20 18:23:46.080000+00:00,178614,AY,24
4301,178614_W_Completeren aanvraag_4301,W_Completeren aanvraag,COMPLETE,2011-10-20 18:08:52.418000+00:00,2011-10-20 18:23:50.059000+00:00,178614,AY,24
4302,178617_A_SUBMITTED_4302,A_SUBMITTED,COMPLETE,2011-10-20 16:29:58.649000+00:00,2011-10-20 16:29:58.649000+00:00,178617,AA,0
4303,178617_A_PARTLYSUBMITTED_4303,A_PARTLYSUBMITTED,COMPLETE,2011-10-20 16:29:58.897000+00:00,2011-10-20 16:29:58.897000+00:00,178617,AA,0
4304,178617_A_DECLINED_4304,A_DECLINED,COMPLETE,2011-10-20 16:30:45.511000+00:00,2011-10-20 16:30:45.511000+00:00,178617,AA,0
4305,178623_A_SUBMITTED_4305,A_SUBMITTED,COMPLETE,2011-10-20 16:34:46.319000+00:00,2011-10-20 16:34:46.319000+00:00,178623,AA,0
4306,178623_A_PARTLYSUBMITTED_4306,A_PARTLYSUBMITTED,COMPLETE,2011-10-20 16:34:46.504000+00:00,2011-10-20 16:34:46.504000+00:00,178623,AA,0
4307,178623_A_DECLINED_4307,A_DECLINED,COMPLETE,2011-10-20 16:35:21.736000+00:00,2011-10-20 16:35:21.736000+00:00,178623,AA,0
4308,178626_A_SUBMITTED_4308,A_SUBMITTED,COMPLETE,2011-10-20 16:57:30.855000+00:00,2011-10-20 16:57:30.855000+00:00,178626,AA,0
4309,178626_A_PARTLYSUBMITTED_4309,A_PARTLYSUBMITTED,COMPLETE,2011-10-20 16:57:31.120000+00:00,2011-10-20 16:57:31.120000+00:00,178626,AA,0
4310,178626_A_PREACCEPTED_4310,A_PREACCEPTED,COMPLETE,2011-10-20 16:58:24.966000+00:00,2011-10-20 16:58:24.966000+00:00,178626,AA,0
4311,178626_W_Completeren aanvraag_4311,W_Completeren aanvraag,COMPLETE,2011-10-20 17:13:55.372000+00:00,2011-10-20 17:14:12.255000+00:00,178626,BP,41
4312,178626_W_Completeren aanvraag_4312,W_Completeren aanvraag,COMPLETE,2011-10-20 17:33:30.720000+00:00,2011-10-20 17:33:36.307000+00:00,178626,BP,41
4313,178626_W_Completeren aanvraag_4313,W_Completeren aanvraag,COMPLETE,2011-10-20 18:33:30.617000+00:00,2011-10-20 18:37:42.259000+00:00,178626,AY,24
4314,178626_A_CANCELLED_4314,A_CANCELLED,COMPLETE,2011-10-20 18:55:32.620000+00:00,2011-10-20 18:55:32.620000+00:00,178626,AY,24
4315,178626_W_Completeren aanvraag_4315,W_Completeren aanvraag,COMPLETE,2011-10-20 18:51:35.925000+00:00,2011-10-20 18:55:34.158000+00:00,178626,AY,24
4316,178629_A_SUBMITTED_4316,A_SUBMITTED,COMPLETE,2011-10-20 17:16:09.042000+00:00,2011-10-20 17:16:09.042000+00:00,178629,AA,0
4317,178629_A_PARTLYSUBMITTED_4317,A_PARTLYSUBMITTED,COMPLETE,2011-10-20 17:16:09.181000+00:00,2011-10-20 17:16:09.181000+00:00,178629,AA,0
4318,178629_A_DECLINED_4318,A_DECLINED,COMPLETE,2011-10-20 17:16:42.677000+00:00,2011-10-20 17:16:42.677000+00:00,178629,AA,0
4319,178632_A_SUBMITTED_4319,A_SUBMITTED,COMPLETE,2011-10-20 17:17:44.423000+00:00,2011-10-20 17:17:44.423000+00:00,178632,AA,0
4320,178632_A_PARTLYSUBMITTED_4320,A_PARTLYSUBMITTED,COMPLETE,2011-10-20 17:17:44.624000+00:00,2011-10-20 17:17:44.624000+00:00,178632,AA,0
4321,178632_A_DECLINED_4321,A_DECLINED,COMPLETE,2011-10-20 17:18:21.414000+00:00,2011-10-20 17:18:21.414000+00:00,178632,AA,0
4322,178635_A_SUBMITTED_4322,A_SUBMITTED,COMPLETE,2011-10-20 17:23:07.774000+00:00,2011-10-20 17:23:07.774000+00:00,178635,AA,0
4323,178635_A_PARTLYSUBMITTED_4323,A_PARTLYSUBMITTED,COMPLETE,2011-10-20 17:23:07.973000+00:00,2011-10-20 17:23:07.973000+00:00,178635,AA,0
4324,178635_A_DECLINED_4324,A_DECLINED,COMPLETE,2011-10-20 17:23:43.307000+00:00,2011-10-20 17:23:43.307000+00:00,178635,AA,0
4325,178638_A_SUBMITTED_4325,A_SUBMITTED,COMPLETE,2011-10-20 17:57:08.230000+00:00,2011-10-20 17:57:08.230000+00:00,178638,AA,0
4326,178638_A_PARTLYSUBMITTED_4326,A_PARTLYSUBMITTED,COMPLETE,2011-10-20 17:57:08.585000+00:00,2011-10-20 17:57:08.585000+00:00,178638,AA,0
4327,178638_A_PREACCEPTED_4327,A_PREACCEPTED,COMPLETE,2011-10-20 17:57:41.172000+00:00,2011-10-20 17:57:41.172000+00:00,178638,AA,0
4328,178638_A_ACCEPTED_4328,A_ACCEPTED,COMPLETE,2011-10-20 18:00:01.185000+00:00,2011-10-20 18:00:01.185000+00:00,178638,BP,41
4329,178638_A_FINALIZED_4329,A_FINALIZED,COMPLETE,2011-10-20 18:00:44.574000+00:00,2011-10-20 18:00:44.574000+00:00,178638,BP,41
4330,178638_O_SELECTED_4330,O_SELECTED,COMPLETE,2011-10-20 18:00:44.574000+00:00,2011-10-20 18:00:44.574000+00:00,178638,BP,41
4331,178638_O_CREATED_4331,O_CREATED,COMPLETE,2011-10-20 18:00:46.507000+00:00,2011-10-20 18:00:46.507000+00:00,178638,BP,41
4332,178638_O_SENT_4332,O_SENT,COMPLETE,2011-10-20 18:00:46.548000+00:00,2011-10-20 18:00:46.548000+00:00,178638,BP,41
4333,178638_W_Completeren aanvraag_4333,W_Completeren aanvraag,COMPLETE,2011-10-20 17:57:54.620000+00:00,2011-10-20 18:00:47.891000+00:00,178638,BP,41
4341,178647_A_SUBMITTED_4341,A_SUBMITTED,COMPLETE,2011-10-20 18:16:56.511000+00:00,2011-10-20 18:16:56.511000+00:00,178647,AA,0
4342,178647_A_PARTLYSUBMITTED_4342,A_PARTLYSUBMITTED,COMPLETE,2011-10-20 18:16:56.652000+00:00,2011-10-20 18:16:56.652000+00:00,178647,AA,0
4343,178647_A_DECLINED_4343,A_DECLINED,COMPLETE,2011-10-20 19:13:01.481000+00:00,2011-10-20 19:13:01.481000+00:00,178647,AL,11
4344,178647_W_Afhandelen leads_4344,W_Afhandelen leads,COMPLETE,2011-10-20 19:07:55.465000+00:00,2011-10-20 19:13:04.744000+00:00,178647,AL,11
4345,178650_A_SUBMITTED_4345,A_SUBMITTED,COMPLETE,2011-10-20 18:29:34.910000+00:00,2011-10-20 18:29:34.910000+00:00,178650,AA,0
4346,178650_A_PARTLYSUBMITTED_4346,A_PARTLYSUBMITTED,COMPLETE,2011-10-20 18:29:35.027000+00:00,2011-10-20 18:29:35.027000+00:00,178650,AA,0
4347,178650_A_PREACCEPTED_4347,A_PREACCEPTED,COMPLETE,2011-10-20 18:30:08.527000+00:00,2011-10-20 18:30:08.527000+00:00,178650,AA,0
4348,178650_A_CANCELLED_4348,A_CANCELLED,COMPLETE,2011-10-20 18:53:21.869000+00:00,2011-10-20 18:53:21.869000+00:00,178650,BP,41
4349,178650_W_Completeren aanvraag_4349,W_Completeren aanvraag,COMPLETE,2011-10-20 18:33:49.097000+00:00,2011-10-20 18:53:23.099000+00:00,178650,BP,41
4350,178653_A_SUBMITTED_4350,A_SUBMITTED,COMPLETE,2011-10-20 18:35:36.748000+00:00,2011-10-20 18:35:36.748000+00:00,178653,AA,0
4351,178653_A_PARTLYSUBMITTED_4351,A_PARTLYSUBMITTED,COMPLETE,2011-10-20 18:35:36.866000+00:00,2011-10-20 18:35:36.866000+00:00,178653,AA,0
4352,178653_A_DECLINED_4352,A_DECLINED,COMPLETE,2011-10-20 18:36:09.972000+00:00,2011-10-20 18:36:09.972000+00:00,178653,AA,0
4353,178662_A_SUBMITTED_4353,A_SUBMITTED,COMPLETE,2011-10-20 19:01:04.284000+00:00,2011-10-20 19:01:04.284000+00:00,178662,AA,0
4354,178662_A_PARTLYSUBMITTED_4354,A_PARTLYSUBMITTED,COMPLETE,2011-10-20 19:01:04.385000+00:00,2011-10-20 19:01:04.385000+00:00,178662,AA,0
4355,178662_A_DECLINED_4355,A_DECLINED,COMPLETE,2011-10-20 19:11:39.016000+00:00,2011-10-20 19:11:39.016000+00:00,178662,AL,11
4356,178662_W_Afhandelen leads_4356,W_Afhandelen leads,COMPLETE,2011-10-20 19:08:02.677000+00:00,2011-10-20 19:11:43.284000+00:00,178662,AL,11
4357,178665_A_SUBMITTED_4357,A_SUBMITTED,COMPLETE,2011-10-20 19:14:48.103000+00:00,2011-10-20 19:14:48.103000+00:00,178665,AA,0
4358,178665_A_PARTLYSUBMITTED_4358,A_PARTLYSUBMITTED,COMPLETE,2011-10-20 19:14:48.892000+00:00,2011-10-20 19:14:48.892000+00:00,178665,AA,0
4359,178665_A_DECLINED_4359,A_DECLINED,COMPLETE,2011-10-20 19:15:34.533000+00:00,2011-10-20 19:15:34.533000+00:00,178665,AA,0
4360,178668_A_SUBMITTED_4360,A_SUBMITTED,COMPLETE,2011-10-20 19:33:07.348000+00:00,2011-10-20 19:33:07.348000+00:00,178668,AA,0
4361,178668_A_PARTLYSUBMITTED_4361,A_PARTLYSUBMITTED,COMPLETE,2011-10-20 19:33:07.851000+00:00,2011-10-20 19:33:07.851000+00:00,178668,AA,0
4362,178668_A_PREACCEPTED_4362,A_PREACCEPTED,COMPLETE,2011-10-20 19:35:10.039000+00:00,2011-10-20 19:35:10.039000+00:00,178668,AL,11
4363,178668_W_Afhandelen leads_4363,W_Afhandelen leads,COMPLETE,2011-10-20 19:33:26.692000+00:00,2011-10-20 19:35:11.105000+00:00,178668,AL,11
4364,178668_A_ACCEPTED_4364,A_ACCEPTED,COMPLETE,2011-10-20 19:40:21.831000+00:00,2011-10-20 19:40:21.831000+00:00,178668,AL,11
4365,178668_A_FINALIZED_4365,A_FINALIZED,COMPLETE,2011-10-20 19:41:01.061000+00:00,2011-10-20 19:41:01.061000+00:00,178668,AL,11
4366,178668_O_SELECTED_4366,O_SELECTED,COMPLETE,2011-10-20 19:41:01.061000+00:00,2011-10-20 19:41:01.061000+00:00,178668,AL,11
4367,178668_O_CREATED_4367,O_CREATED,COMPLETE,2011-10-20 19:41:02.584000+00:00,2011-10-20 19:41:02.584000+00:00,178668,AL,11
4368,178668_O_SENT_4368,O_SENT,COMPLETE,2011-10-20 19:41:02.615000+00:00,2011-10-20 19:41:02.615000+00:00,178668,AL,11
4369,178668_W_Completeren aanvraag_4369,W_Completeren aanvraag,COMPLETE,2011-10-20 19:35:17.869000+00:00,2011-10-20 19:41:04.777000+00:00,178668,AL,11
4382,178671_A_SUBMITTED_4382,A_SUBMITTED,COMPLETE,2011-10-20 19:34:37.252000+00:00,2011-10-20 19:34:37.252000+00:00,178671,AA,0
4383,178671_A_PARTLYSUBMITTED_4383,A_PARTLYSUBMITTED,COMPLETE,2011-10-20 19:34:37.783000+00:00,2011-10-20 19:34:37.783000+00:00,178671,AA,0
4384,178671_A_DECLINED_4384,A_DECLINED,COMPLETE,2011-10-20 19:35:11.279000+00:00,2011-10-20 19:35:11.279000+00:00,178671,AA,0
4385,178674_A_SUBMITTED_4385,A_SUBMITTED,COMPLETE,2011-10-20 19:50:52.694000+00:00,2011-10-20 19:50:52.694000+00:00,178674,AA,0
4386,178674_A_PARTLYSUBMITTED_4386,A_PARTLYSUBMITTED,COMPLETE,2011-10-20 19:50:52.887000+00:00,2011-10-20 19:50:52.887000+00:00,178674,AA,0
4387,178674_A_DECLINED_4387,A_DECLINED,COMPLETE,2011-10-20 20:29:02.055000+00:00,2011-10-20 20:29:02.055000+00:00,178674,BN,39
4388,178674_W_Afhandelen leads_4388,W_Afhandelen leads,COMPLETE,2011-10-20 20:20:57.066000+00:00,2011-10-20 20:29:05.217000+00:00,178674,BN,39
4389,178683_A_SUBMITTED_4389,A_SUBMITTED,COMPLETE,2011-10-20 20:00:17.714000+00:00,2011-10-20 20:00:17.714000+00:00,178683,AA,0
4390,178683_A_PARTLYSUBMITTED_4390,A_PARTLYSUBMITTED,COMPLETE,2011-10-20 20:00:17.834000+00:00,2011-10-20 20:00:17.834000+00:00,178683,AA,0
4391,178683_A_DECLINED_4391,A_DECLINED,COMPLETE,2011-10-20 20:00:54.665000+00:00,2011-10-20 20:00:54.665000+00:00,178683,AA,0
4392,178701_A_SUBMITTED_4392,A_SUBMITTED,COMPLETE,2011-10-20 21:40:51.833000+00:00,2011-10-20 21:40:51.833000+00:00,178701,AA,0
4393,178701_A_PARTLYSUBMITTED_4393,A_PARTLYSUBMITTED,COMPLETE,2011-10-20 21:40:52.015000+00:00,2011-10-20 21:40:52.015000+00:00,178701,AA,0
4394,178701_A_DECLINED_4394,A_DECLINED,COMPLETE,2011-10-20 21:41:27.299000+00:00,2011-10-20 21:41:27.299000+00:00,178701,AA,0
4395,178704_A_SUBMITTED_4395,A_SUBMITTED,COMPLETE,2011-10-20 21:48:00.466000+00:00,2011-10-20 21:48:00.466000+00:00,178704,AA,0
4396,178704_A_PARTLYSUBMITTED_4396,A_PARTLYSUBMITTED,COMPLETE,2011-10-20 21:48:00.568000+00:00,2011-10-20 21:48:00.568000+00:00,178704,AA,0
4397,178704_A_DECLINED_4397,A_DECLINED,COMPLETE,2011-10-20 21:48:31.886000+00:00,2011-10-20 21:48:31.886000+00:00,178704,AA,0
4398,178713_A_SUBMITTED_4398,A_SUBMITTED,COMPLETE,2011-10-20 22:15:06.851000+00:00,2011-10-20 22:15:06.851000+00:00,178713,AA,0
4399,178713_A_PARTLYSUBMITTED_4399,A_PARTLYSUBMITTED,COMPLETE,2011-10-20 22:15:07.084000+00:00,2011-10-20 22:15:07.084000+00:00,178713,AA,0
4400,178713_A_DECLINED_4400,A_DECLINED,COMPLETE,2011-10-20 22:15:58.515000+00:00,2011-10-20 22:15:58.515000+00:00,178713,AA,0
4401,178759_A_SUBMITTED_4401,A_SUBMITTED,COMPLETE,2011-10-21 08:03:12.223000+00:00,2011-10-21 08:03:12.223000+00:00,178759,AA,0
4402,178759_A_PARTLYSUBMITTED_4402,A_PARTLYSUBMITTED,COMPLETE,2011-10-21 08:03:18.287000+00:00,2011-10-21 08:03:18.287000+00:00,178759,AA,0
4403,178759_A_PREACCEPTED_4403,A_PREACCEPTED,COMPLETE,2011-10-21 08:04:25.123000+00:00,2011-10-21 08:04:25.123000+00:00,178759,AA,0
4404,178759_A_ACCEPTED_4404,A_ACCEPTED,COMPLETE,2011-10-21 09:05:47.291000+00:00,2011-10-21 09:05:47.291000+00:00,178759,BS,44
4405,178759_O_SELECTED_4405,O_SELECTED,COMPLETE,2011-10-21 09:10:34.946000+00:00,2011-10-21 09:10:34.946000+00:00,178759,BS,44
4406,178759_A_FINALIZED_4406,A_FINALIZED,COMPLETE,2011-10-21 09:10:34.947000+00:00,2011-10-21 09:10:34.947000+00:00,178759,BS,44
4407,178759_O_CREATED_4407,O_CREATED,COMPLETE,2011-10-21 09:11:25.204000+00:00,2011-10-21 09:11:25.204000+00:00,178759,BS,44
4408,178759_O_SENT_4408,O_SENT,COMPLETE,2011-10-21 09:11:25.266000+00:00,2011-10-21 09:11:25.266000+00:00,178759,BS,44
4409,178759_W_Completeren aanvraag_4409,W_Completeren aanvraag,COMPLETE,2011-10-21 09:00:14.449000+00:00,2011-10-21 09:11:26.698000+00:00,178759,BS,44
4417,178771_A_SUBMITTED_4417,A_SUBMITTED,COMPLETE,2011-10-21 09:23:47.472000+00:00,2011-10-21 09:23:47.472000+00:00,178771,AA,0
4418,178771_A_PARTLYSUBMITTED_4418,A_PARTLYSUBMITTED,COMPLETE,2011-10-21 09:23:47.773000+00:00,2011-10-21 09:23:47.773000+00:00,178771,AA,0
4419,178771_A_PREACCEPTED_4419,A_PREACCEPTED,COMPLETE,2011-10-21 09:24:39.696000+00:00,2011-10-21 09:24:39.696000+00:00,178771,AA,0
4420,178771_A_ACCEPTED_4420,A_ACCEPTED,COMPLETE,2011-10-21 10:22:09.433000+00:00,2011-10-21 10:22:09.433000+00:00,178771,BS,44
4421,178771_O_SELECTED_4421,O_SELECTED,COMPLETE,2011-10-21 10:24:09.180000+00:00,2011-10-21 10:24:09.180000+00:00,178771,BS,44
4422,178771_A_FINALIZED_4422,A_FINALIZED,COMPLETE,2011-10-21 10:24:09.180000+00:00,2011-10-21 10:24:09.180000+00:00,178771,BS,44
4423,178771_O_CREATED_4423,O_CREATED,COMPLETE,2011-10-21 10:24:56.905000+00:00,2011-10-21 10:24:56.905000+00:00,178771,BS,44
4424,178771_O_SENT_4424,O_SENT,COMPLETE,2011-10-21 10:24:56.935000+00:00,2011-10-21 10:24:56.935000+00:00,178771,BS,44
4425,178771_W_Completeren aanvraag_4425,W_Completeren aanvraag,COMPLETE,2011-10-21 10:09:56.008000+00:00,2011-10-21 10:24:58.192000+00:00,178771,BS,44
4432,178795_A_SUBMITTED_4432,A_SUBMITTED,COMPLETE,2011-10-21 10:17:32.400000+00:00,2011-10-21 10:17:32.400000+00:00,178795,AA,0
4433,178795_A_PARTLYSUBMITTED_4433,A_PARTLYSUBMITTED,COMPLETE,2011-10-21 10:17:33.208000+00:00,2011-10-21 10:17:33.208000+00:00,178795,AA,0
4434,178795_A_DECLINED_4434,A_DECLINED,COMPLETE,2011-10-21 10:17:35.932000+00:00,2011-10-21 10:17:35.932000+00:00,178795,AA,0
4435,178801_A_SUBMITTED_4435,A_SUBMITTED,COMPLETE,2011-10-21 10:41:09.131000+00:00,2011-10-21 10:41:09.131000+00:00,178801,AA,0
4436,178801_A_PARTLYSUBMITTED_4436,A_PARTLYSUBMITTED,COMPLETE,2011-10-21 10:41:09.264000+00:00,2011-10-21 10:41:09.264000+00:00,178801,AA,0
4437,178801_A_DECLINED_4437,A_DECLINED,COMPLETE,2011-10-21 10:47:09.526000+00:00,2011-10-21 10:47:09.526000+00:00,178801,BO,40
4438,178801_W_Afhandelen leads_4438,W_Afhandelen leads,COMPLETE,2011-10-21 10:41:58.041000+00:00,2011-10-21 10:47:12.483000+00:00,178801,BO,40
4439,178813_A_SUBMITTED_4439,A_SUBMITTED,COMPLETE,2011-10-21 11:16:49.340000+00:00,2011-10-21 11:16:49.340000+00:00,178813,AA,0
4440,178813_A_PARTLYSUBMITTED_4440,A_PARTLYSUBMITTED,COMPLETE,2011-10-21 11:16:49.542000+00:00,2011-10-21 11:16:49.542000+00:00,178813,AA,0
4441,178813_A_DECLINED_4441,A_DECLINED,COMPLETE,2011-10-21 11:17:32.288000+00:00,2011-10-21 11:17:32.288000+00:00,178813,AA,0
4442,178822_A_SUBMITTED_4442,A_SUBMITTED,COMPLETE,2011-10-21 11:48:22.463000+00:00,2011-10-21 11:48:22.463000+00:00,178822,AA,0
4443,178822_A_PARTLYSUBMITTED_4443,A_PARTLYSUBMITTED,COMPLETE,2011-10-21 11:48:22.786000+00:00,2011-10-21 11:48:22.786000+00:00,178822,AA,0
4444,178822_A_DECLINED_4444,A_DECLINED,COMPLETE,2011-10-21 11:49:00.959000+00:00,2011-10-21 11:49:00.959000+00:00,178822,AA,0
4445,178825_A_SUBMITTED_4445,A_SUBMITTED,COMPLETE,2011-10-21 12:11:12.531000+00:00,2011-10-21 12:11:12.531000+00:00,178825,AA,0
4446,178825_A_PARTLYSUBMITTED_4446,A_PARTLYSUBMITTED,COMPLETE,2011-10-21 12:11:13.054000+00:00,2011-10-21 12:11:13.054000+00:00,178825,AA,0
4447,178825_A_DECLINED_4447,A_DECLINED,COMPLETE,2011-10-21 12:12:03.160000+00:00,2011-10-21 12:12:03.160000+00:00,178825,AA,0
4448,178828_A_SUBMITTED_4448,A_SUBMITTED,COMPLETE,2011-10-21 12:14:22.969000+00:00,2011-10-21 12:14:22.969000+00:00,178828,AA,0
4449,178828_A_PARTLYSUBMITTED_4449,A_PARTLYSUBMITTED,COMPLETE,2011-10-21 12:14:23.188000+00:00,2011-10-21 12:14:23.188000+00:00,178828,AA,0
4450,178828_A_PREACCEPTED_4450,A_PREACCEPTED,COMPLETE,2011-10-21 12:15:04.414000+00:00,2011-10-21 12:15:04.414000+00:00,178828,AA,0
4451,178828_A_ACCEPTED_4451,A_ACCEPTED,COMPLETE,2011-10-21 12:24:32.863000+00:00,2011-10-21 12:24:32.863000+00:00,178828,BS,44
4452,178828_A_FINALIZED_4452,A_FINALIZED,COMPLETE,2011-10-21 12:26:18.191000+00:00,2011-10-21 12:26:18.191000+00:00,178828,BS,44
4453,178828_O_SELECTED_4453,O_SELECTED,COMPLETE,2011-10-21 12:26:18.191000+00:00,2011-10-21 12:26:18.191000+00:00,178828,BS,44
4454,178828_O_CREATED_4454,O_CREATED,COMPLETE,2011-10-21 12:26:19.724000+00:00,2011-10-21 12:26:19.724000+00:00,178828,BS,44
4455,178828_O_SENT_4455,O_SENT,COMPLETE,2011-10-21 12:26:19.747000+00:00,2011-10-21 12:26:19.747000+00:00,178828,BS,44
4456,178828_W_Completeren aanvraag_4456,W_Completeren aanvraag,COMPLETE,2011-10-21 12:15:31.253000+00:00,2011-10-21 12:26:22.059000+00:00,178828,BS,44
4460,178852_A_SUBMITTED_4460,A_SUBMITTED,COMPLETE,2011-10-21 13:24:09.048000+00:00,2011-10-21 13:24:09.048000+00:00,178852,AA,0
4461,178852_A_PARTLYSUBMITTED_4461,A_PARTLYSUBMITTED,COMPLETE,2011-10-21 13:24:09.197000+00:00,2011-10-21 13:24:09.197000+00:00,178852,AA,0
4462,178852_A_DECLINED_4462,A_DECLINED,COMPLETE,2011-10-21 13:24:56.765000+00:00,2011-10-21 13:24:56.765000+00:00,178852,AA,0
4463,178858_A_SUBMITTED_4463,A_SUBMITTED,COMPLETE,2011-10-21 13:46:49.121000+00:00,2011-10-21 13:46:49.121000+00:00,178858,AA,0
4464,178858_A_PARTLYSUBMITTED_4464,A_PARTLYSUBMITTED,COMPLETE,2011-10-21 13:46:49.357000+00:00,2011-10-21 13:46:49.357000+00:00,178858,AA,0
4465,178858_A_DECLINED_4465,A_DECLINED,COMPLETE,2011-10-21 14:37:05.724000+00:00,2011-10-21 14:37:05.724000+00:00,178858,BO,40
4466,178858_W_Afhandelen leads_4466,W_Afhandelen leads,COMPLETE,2011-10-21 14:34:42.792000+00:00,2011-10-21 14:37:08.728000+00:00,178858,BO,40
4467,178876_A_SUBMITTED_4467,A_SUBMITTED,COMPLETE,2011-10-21 14:16:53.374000+00:00,2011-10-21 14:16:53.374000+00:00,178876,AA,0
4468,178876_A_PARTLYSUBMITTED_4468,A_PARTLYSUBMITTED,COMPLETE,2011-10-21 14:16:53.576000+00:00,2011-10-21 14:16:53.576000+00:00,178876,AA,0
4469,178876_A_DECLINED_4469,A_DECLINED,COMPLETE,2011-10-21 14:17:38.253000+00:00,2011-10-21 14:17:38.253000+00:00,178876,AA,0
4470,178879_A_SUBMITTED_4470,A_SUBMITTED,COMPLETE,2011-10-21 14:18:56.721000+00:00,2011-10-21 14:18:56.721000+00:00,178879,AA,0
4471,178879_A_PARTLYSUBMITTED_4471,A_PARTLYSUBMITTED,COMPLETE,2011-10-21 14:18:56.916000+00:00,2011-10-21 14:18:56.916000+00:00,178879,AA,0
4472,178879_A_DECLINED_4472,A_DECLINED,COMPLETE,2011-10-21 14:38:21.665000+00:00,2011-10-21 14:38:21.665000+00:00,178879,BO,40
4473,178879_W_Afhandelen leads_4473,W_Afhandelen leads,COMPLETE,2011-10-21 14:34:57.862000+00:00,2011-10-21 14:38:24.517000+00:00,178879,BO,40
4474,178882_A_SUBMITTED_4474,A_SUBMITTED,COMPLETE,2011-10-21 14:29:04.205000+00:00,2011-10-21 14:29:04.205000+00:00,178882,AA,0
4475,178882_A_PARTLYSUBMITTED_4475,A_PARTLYSUBMITTED,COMPLETE,2011-10-21 14:29:04.329000+00:00,2011-10-21 14:29:04.329000+00:00,178882,AA,0
4476,178882_A_DECLINED_4476,A_DECLINED,COMPLETE,2011-10-21 14:33:38.153000+00:00,2011-10-21 14:33:38.153000+00:00,178882,BO,40
4477,178882_W_Afhandelen leads_4477,W_Afhandelen leads,COMPLETE,2011-10-21 14:30:44.474000+00:00,2011-10-21 14:33:41.070000+00:00,178882,BO,40
4478,178900_A_SUBMITTED_4478,A_SUBMITTED,COMPLETE,2011-10-21 15:47:46.745000+00:00,2011-10-21 15:47:46.745000+00:00,178900,AA,0
4479,178900_A_PARTLYSUBMITTED_4479,A_PARTLYSUBMITTED,COMPLETE,2011-10-21 15:47:46.990000+00:00,2011-10-21 15:47:46.990000+00:00,178900,AA,0
4480,178900_A_DECLINED_4480,A_DECLINED,COMPLETE,2011-10-21 15:48:29.618000+00:00,2011-10-21 15:48:29.618000+00:00,178900,AA,0
4481,178918_A_SUBMITTED_4481,A_SUBMITTED,COMPLETE,2011-10-21 17:04:04.043000+00:00,2011-10-21 17:04:04.043000+00:00,178918,AA,0
4482,178918_A_PARTLYSUBMITTED_4482,A_PARTLYSUBMITTED,COMPLETE,2011-10-21 17:04:04.298000+00:00,2011-10-21 17:04:04.298000+00:00,178918,AA,0
4483,178918_A_DECLINED_4483,A_DECLINED,COMPLETE,2011-10-21 17:04:48.951000+00:00,2011-10-21 17:04:48.951000+00:00,178918,AA,0
4484,178921_A_SUBMITTED_4484,A_SUBMITTED,COMPLETE,2011-10-21 17:21:50.625000+00:00,2011-10-21 17:21:50.625000+00:00,178921,AA,0
4485,178921_A_PARTLYSUBMITTED_4485,A_PARTLYSUBMITTED,COMPLETE,2011-10-21 17:21:50.887000+00:00,2011-10-21 17:21:50.887000+00:00,178921,AA,0
4486,178921_A_DECLINED_4486,A_DECLINED,COMPLETE,2011-10-21 17:22:25.090000+00:00,2011-10-21 17:22:25.090000+00:00,178921,AA,0
4487,178933_A_SUBMITTED_4487,A_SUBMITTED,COMPLETE,2011-10-21 18:03:49.513000+00:00,2011-10-21 18:03:49.513000+00:00,178933,AA,0
4488,178933_A_PARTLYSUBMITTED_4488,A_PARTLYSUBMITTED,COMPLETE,2011-10-21 18:03:49.673000+00:00,2011-10-21 18:03:49.673000+00:00,178933,AA,0
4489,178933_A_PREACCEPTED_4489,A_PREACCEPTED,COMPLETE,2011-10-21 18:04:32.998000+00:00,2011-10-21 18:04:32.998000+00:00,178933,AA,0
4490,178933_W_Completeren aanvraag_4490,W_Completeren aanvraag,COMPLETE,2011-10-21 19:49:35.073000+00:00,2011-10-21 19:52:10.463000+00:00,178933,BU,46
4491,178933_W_Completeren aanvraag_4491,W_Completeren aanvraag,COMPLETE,2011-10-21 20:17:07.351000+00:00,2011-10-21 20:17:14.417000+00:00,178933,BU,46
4492,178933_A_CANCELLED_4492,A_CANCELLED,COMPLETE,2011-10-21 20:19:41.309000+00:00,2011-10-21 20:19:41.309000+00:00,178933,BU,46
4493,178933_W_Completeren aanvraag_4493,W_Completeren aanvraag,COMPLETE,2011-10-21 20:17:29.615000+00:00,2011-10-21 20:19:42.945000+00:00,178933,BU,46
4494,178951_A_SUBMITTED_4494,A_SUBMITTED,COMPLETE,2011-10-21 20:30:37.220000+00:00,2011-10-21 20:30:37.220000+00:00,178951,AA,0
4495,178951_A_PARTLYSUBMITTED_4495,A_PARTLYSUBMITTED,COMPLETE,2011-10-21 20:30:37.825000+00:00,2011-10-21 20:30:37.825000+00:00,178951,AA,0
4496,178951_A_DECLINED_4496,A_DECLINED,COMPLETE,2011-10-21 20:31:15.978000+00:00,2011-10-21 20:31:15.978000+00:00,178951,AA,0
4497,178960_A_SUBMITTED_4497,A_SUBMITTED,COMPLETE,2011-10-21 21:40:57.880000+00:00,2011-10-21 21:40:57.880000+00:00,178960,AA,0
4498,178960_A_PARTLYSUBMITTED_4498,A_PARTLYSUBMITTED,COMPLETE,2011-10-21 21:40:58.005000+00:00,2011-10-21 21:40:58.005000+00:00,178960,AA,0
4499,178960_A_DECLINED_4499,A_DECLINED,COMPLETE,2011-10-21 21:41:31.403000+00:00,2011-10-21 21:41:31.403000+00:00,178960,AA,0
4500,178979_A_SUBMITTED_4500,A_SUBMITTED,COMPLETE,2011-10-21 23:05:29.293000+00:00,2011-10-21 23:05:29.293000+00:00,178979,AA,0
4501,178979_A_PARTLYSUBMITTED_4501,A_PARTLYSUBMITTED,COMPLETE,2011-10-21 23:05:41.292000+00:00,2011-10-21 23:05:41.292000+00:00,178979,AA,0
4502,178979_A_DECLINED_4502,A_DECLINED,COMPLETE,2011-10-21 23:06:26.720000+00:00,2011-10-21 23:06:26.720000+00:00,178979,AA,0
4614,179113_W_Completeren aanvraag_4614,W_Completeren aanvraag,COMPLETE,2011-10-24 14:18:29.677000+00:00,2011-10-24 14:20:39.010000+00:00,179113,BC,28
4615,179113_W_Completeren aanvraag_4615,W_Completeren aanvraag,COMPLETE,2011-10-24 14:41:52.693000+00:00,2011-10-24 14:44:38.524000+00:00,179113,BC,28
4616,179113_A_DECLINED_4616,A_DECLINED,COMPLETE,2011-10-24 16:27:10.389000+00:00,2011-10-24 16:27:10.389000+00:00,179113,BC,28
4617,179113_W_Completeren aanvraag_4617,W_Completeren aanvraag,COMPLETE,2011-10-24 16:25:51.217000+00:00,2011-10-24 16:27:14.759000+00:00,179113,BC,28
4633,179152_W_Completeren aanvraag_4633,W_Completeren aanvraag,COMPLETE,2011-10-24 09:17:20.332000+00:00,2011-10-24 09:18:41.555000+00:00,179152,BU,46
4660,179170_A_CANCELLED_4660,A_CANCELLED,COMPLETE,2011-10-24 09:54:24.946000+00:00,2011-10-24 09:54:24.946000+00:00,179170,BU,46
4661,179170_W_Completeren aanvraag_4661,W_Completeren aanvraag,COMPLETE,2011-10-24 09:49:58.310000+00:00,2011-10-24 09:54:26.458000+00:00,179170,BU,46
4674,179203_W_Completeren aanvraag_4674,W_Completeren aanvraag,COMPLETE,2011-10-24 10:06:22.838000+00:00,2011-10-24 10:08:50.913000+00:00,179203,BU,46
4675,179203_A_ACCEPTED_4675,A_ACCEPTED,COMPLETE,2011-10-24 16:28:59.332000+00:00,2011-10-24 16:28:59.332000+00:00,179203,BQ,42
4676,179203_O_SELECTED_4676,O_SELECTED,COMPLETE,2011-10-24 16:33:08.270000+00:00,2011-10-24 16:33:08.270000+00:00,179203,BQ,42
4677,179203_A_FINALIZED_4677,A_FINALIZED,COMPLETE,2011-10-24 16:33:08.270000+00:00,2011-10-24 16:33:08.270000+00:00,179203,BQ,42
4678,179203_O_CREATED_4678,O_CREATED,COMPLETE,2011-10-24 16:33:09.239000+00:00,2011-10-24 16:33:09.239000+00:00,179203,BQ,42
4679,179203_O_SENT_4679,O_SENT,COMPLETE,2011-10-24 16:33:09.270000+00:00,2011-10-24 16:33:09.270000+00:00,179203,BQ,42
4680,179203_W_Completeren aanvraag_4680,W_Completeren aanvraag,COMPLETE,2011-10-24 16:15:44.579000+00:00,2011-10-24 16:33:10.886000+00:00,179203,BQ,42
4681,179203_W_Nabellen offertes_4681,W_Nabellen offertes,COMPLETE,2011-10-24 16:41:56.751000+00:00,2011-10-24 16:44:14.109000+00:00,179203,BQ,42
4707,179218_A_ACCEPTED_4707,A_ACCEPTED,COMPLETE,2011-10-24 10:30:52.966000+00:00,2011-10-24 10:30:52.966000+00:00,179218,BU,46
4708,179218_O_SELECTED_4708,O_SELECTED,COMPLETE,2011-10-24 10:38:04.736000+00:00,2011-10-24 10:38:04.736000+00:00,179218,BU,46
4709,179218_A_FINALIZED_4709,A_FINALIZED,COMPLETE,2011-10-24 10:38:04.736000+00:00,2011-10-24 10:38:04.736000+00:00,179218,BU,46
4710,179218_O_CREATED_4710,O_CREATED,COMPLETE,2011-10-24 10:38:06.593000+00:00,2011-10-24 10:38:06.593000+00:00,179218,BU,46
4711,179218_O_SENT_4711,O_SENT,COMPLETE,2011-10-24 10:38:06.623000+00:00,2011-10-24 10:38:06.623000+00:00,179218,BU,46
4712,179218_W_Completeren aanvraag_4712,W_Completeren aanvraag,COMPLETE,2011-10-24 10:20:15.176000+00:00,2011-10-24 10:38:07.859000+00:00,179218,BU,46
4724,179221_W_Completeren aanvraag_4724,W_Completeren aanvraag,COMPLETE,2011-10-24 10:40:30.064000+00:00,2011-10-24 10:42:30.614000+00:00,179221,BU,46
4725,179221_W_Completeren aanvraag_4725,W_Completeren aanvraag,COMPLETE,2011-10-24 13:06:52.100000+00:00,2011-10-24 13:18:50.470000+00:00,179221,BT,45
4726,179221_A_CANCELLED_4726,A_CANCELLED,COMPLETE,2011-10-24 13:19:18.603000+00:00,2011-10-24 13:19:18.603000+00:00,179221,BT,45
4727,179221_W_Completeren aanvraag_4727,W_Completeren aanvraag,COMPLETE,2011-10-24 13:18:52.533000+00:00,2011-10-24 13:19:20.261000+00:00,179221,BT,45
4746,179254_A_ACCEPTED_4746,A_ACCEPTED,COMPLETE,2011-10-24 11:02:35.442000+00:00,2011-10-24 11:02:35.442000+00:00,179254,BU,46
4747,179254_O_SELECTED_4747,O_SELECTED,COMPLETE,2011-10-24 11:06:41.490000+00:00,2011-10-24 11:06:41.490000+00:00,179254,BU,46
4748,179254_A_FINALIZED_4748,A_FINALIZED,COMPLETE,2011-10-24 11:06:41.490000+00:00,2011-10-24 11:06:41.490000+00:00,179254,BU,46
4749,179254_O_CREATED_4749,O_CREATED,COMPLETE,2011-10-24 11:06:43.008000+00:00,2011-10-24 11:06:43.008000+00:00,179254,BU,46
4750,179254_O_SENT_4750,O_SENT,COMPLETE,2011-10-24 11:06:43.039000+00:00,2011-10-24 11:06:43.039000+00:00,179254,BU,46
4751,179254_W_Completeren aanvraag_4751,W_Completeren aanvraag,COMPLETE,2011-10-24 10:54:33.154000+00:00,2011-10-24 11:06:44.402000+00:00,179254,BU,46
4783,179339_A_SUBMITTED_4783,A_SUBMITTED,COMPLETE,2011-10-24 08:50:44.164000+00:00,2011-10-24 08:50:44.164000+00:00,179339,AA,0
4784,179339_A_PARTLYSUBMITTED_4784,A_PARTLYSUBMITTED,COMPLETE,2011-10-24 08:50:46.536000+00:00,2011-10-24 08:50:46.536000+00:00,179339,AA,0
4785,179339_A_DECLINED_4785,A_DECLINED,COMPLETE,2011-10-24 08:51:20.150000+00:00,2011-10-24 08:51:20.150000+00:00,179339,AA,0
4786,179342_A_SUBMITTED_4786,A_SUBMITTED,COMPLETE,2011-10-24 09:27:22.490000+00:00,2011-10-24 09:27:22.490000+00:00,179342,AA,0
4787,179342_A_PARTLYSUBMITTED_4787,A_PARTLYSUBMITTED,COMPLETE,2011-10-24 09:27:23.048000+00:00,2011-10-24 09:27:23.048000+00:00,179342,AA,0
4788,179342_A_PREACCEPTED_4788,A_PREACCEPTED,COMPLETE,2011-10-24 09:28:18.206000+00:00,2011-10-24 09:28:18.206000+00:00,179342,AA,0
4789,179342_W_Completeren aanvraag_4789,W_Completeren aanvraag,COMPLETE,2011-10-24 09:28:53.899000+00:00,2011-10-24 09:30:43.244000+00:00,179342,BT,45
4790,179342_A_ACCEPTED_4790,A_ACCEPTED,COMPLETE,2011-10-24 09:33:57.686000+00:00,2011-10-24 09:33:57.686000+00:00,179342,BT,45
4791,179342_A_FINALIZED_4791,A_FINALIZED,COMPLETE,2011-10-24 09:39:18.645000+00:00,2011-10-24 09:39:18.645000+00:00,179342,BT,45
4792,179342_O_SELECTED_4792,O_SELECTED,COMPLETE,2011-10-24 09:39:18.645000+00:00,2011-10-24 09:39:18.645000+00:00,179342,BT,45
4793,179342_O_CREATED_4793,O_CREATED,COMPLETE,2011-10-24 09:39:20.047000+00:00,2011-10-24 09:39:20.047000+00:00,179342,BT,45
4794,179342_O_SENT_4794,O_SENT,COMPLETE,2011-10-24 09:39:20.085000+00:00,2011-10-24 09:39:20.085000+00:00,179342,BT,45
4795,179342_W_Completeren aanvraag_4795,W_Completeren aanvraag,COMPLETE,2011-10-24 09:30:48.255000+00:00,2011-10-24 09:39:22.397000+00:00,179342,BT,45
4803,179348_A_SUBMITTED_4803,A_SUBMITTED,COMPLETE,2011-10-24 09:51:09.140000+00:00,2011-10-24 09:51:09.140000+00:00,179348,AA,0
4804,179348_A_PARTLYSUBMITTED_4804,A_PARTLYSUBMITTED,COMPLETE,2011-10-24 09:51:09.654000+00:00,2011-10-24 09:51:09.654000+00:00,179348,AA,0
4805,179348_A_DECLINED_4805,A_DECLINED,COMPLETE,2011-10-24 09:51:47.503000+00:00,2011-10-24 09:51:47.503000+00:00,179348,AA,0
4806,179351_A_SUBMITTED_4806,A_SUBMITTED,COMPLETE,2011-10-24 10:06:18.683000+00:00,2011-10-24 10:06:18.683000+00:00,179351,AA,0
4807,179351_A_PARTLYSUBMITTED_4807,A_PARTLYSUBMITTED,COMPLETE,2011-10-24 10:06:19.138000+00:00,2011-10-24 10:06:19.138000+00:00,179351,AA,0
4808,179351_A_PREACCEPTED_4808,A_PREACCEPTED,COMPLETE,2011-10-24 10:07:03.092000+00:00,2011-10-24 10:07:03.092000+00:00,179351,AA,0
4809,179351_A_ACCEPTED_4809,A_ACCEPTED,COMPLETE,2011-10-24 10:10:00.908000+00:00,2011-10-24 10:10:00.908000+00:00,179351,BT,45
4810,179351_O_SELECTED_4810,O_SELECTED,COMPLETE,2011-10-24 10:12:38.089000+00:00,2011-10-24 10:12:38.089000+00:00,179351,BT,45
4811,179351_A_FINALIZED_4811,A_FINALIZED,COMPLETE,2011-10-24 10:12:38.089000+00:00,2011-10-24 10:12:38.089000+00:00,179351,BT,45
4812,179351_O_CREATED_4812,O_CREATED,COMPLETE,2011-10-24 10:12:39.394000+00:00,2011-10-24 10:12:39.394000+00:00,179351,BT,45
4813,179351_O_SENT_4813,O_SENT,COMPLETE,2011-10-24 10:12:39.419000+00:00,2011-10-24 10:12:39.419000+00:00,179351,BT,45
4814,179351_W_Completeren aanvraag_4814,W_Completeren aanvraag,COMPLETE,2011-10-24 10:07:51.256000+00:00,2011-10-24 10:12:42.115000+00:00,179351,BT,45
4823,179357_A_SUBMITTED_4823,A_SUBMITTED,COMPLETE,2011-10-24 10:15:05.820000+00:00,2011-10-24 10:15:05.820000+00:00,179357,AA,0
4824,179357_A_PARTLYSUBMITTED_4824,A_PARTLYSUBMITTED,COMPLETE,2011-10-24 10:15:06.007000+00:00,2011-10-24 10:15:06.007000+00:00,179357,AA,0
4825,179357_A_DECLINED_4825,A_DECLINED,COMPLETE,2011-10-24 10:15:46.576000+00:00,2011-10-24 10:15:46.576000+00:00,179357,AA,0
4826,179366_A_SUBMITTED_4826,A_SUBMITTED,COMPLETE,2011-10-24 11:05:10.947000+00:00,2011-10-24 11:05:10.947000+00:00,179366,AA,0
4827,179366_A_PARTLYSUBMITTED_4827,A_PARTLYSUBMITTED,COMPLETE,2011-10-24 11:05:11.369000+00:00,2011-10-24 11:05:11.369000+00:00,179366,AA,0
4828,179366_A_DECLINED_4828,A_DECLINED,COMPLETE,2011-10-24 11:05:13.284000+00:00,2011-10-24 11:05:13.284000+00:00,179366,AA,0
4829,179369_A_SUBMITTED_4829,A_SUBMITTED,COMPLETE,2011-10-24 11:13:09.969000+00:00,2011-10-24 11:13:09.969000+00:00,179369,AA,0
4830,179369_A_PARTLYSUBMITTED_4830,A_PARTLYSUBMITTED,COMPLETE,2011-10-24 11:13:10.345000+00:00,2011-10-24 11:13:10.345000+00:00,179369,AA,0
4831,179369_A_PREACCEPTED_4831,A_PREACCEPTED,COMPLETE,2011-10-24 11:14:18.302000+00:00,2011-10-24 11:14:18.302000+00:00,179369,AA,0
4832,179369_A_DECLINED_4832,A_DECLINED,COMPLETE,2011-10-24 14:45:28.713000+00:00,2011-10-24 14:45:28.713000+00:00,179369,BU,46
4833,179369_W_Completeren aanvraag_4833,W_Completeren aanvraag,COMPLETE,2011-10-24 14:40:50.992000+00:00,2011-10-24 14:45:32.609000+00:00,179369,BU,46
4834,179390_A_SUBMITTED_4834,A_SUBMITTED,COMPLETE,2011-10-24 11:51:09.463000+00:00,2011-10-24 11:51:09.463000+00:00,179390,AA,0
4835,179390_A_PARTLYSUBMITTED_4835,A_PARTLYSUBMITTED,COMPLETE,2011-10-24 11:51:09.906000+00:00,2011-10-24 11:51:09.906000+00:00,179390,AA,0
4836,179390_W_Afhandelen leads_4836,W_Afhandelen leads,COMPLETE,2011-10-24 11:56:19.635000+00:00,2011-10-24 11:57:34.520000+00:00,179390,BU,46
4837,179390_A_PREACCEPTED_4837,A_PREACCEPTED,COMPLETE,2011-10-24 12:03:06.221000+00:00,2011-10-24 12:03:06.221000+00:00,179390,BU,46
4838,179390_W_Afhandelen leads_4838,W_Afhandelen leads,COMPLETE,2011-10-24 12:02:48.454000+00:00,2011-10-24 12:03:07.555000+00:00,179390,BU,46
4839,179390_W_Completeren aanvraag_4839,W_Completeren aanvraag,COMPLETE,2011-10-24 12:04:01.211000+00:00,2011-10-24 12:08:34.318000+00:00,179390,BU,46
4840,179390_A_DECLINED_4840,A_DECLINED,COMPLETE,2011-10-24 12:23:27.070000+00:00,2011-10-24 12:23:27.070000+00:00,179390,BU,46
4841,179390_W_Completeren aanvraag_4841,W_Completeren aanvraag,COMPLETE,2011-10-24 12:08:45.109000+00:00,2011-10-24 12:23:31.478000+00:00,179390,BU,46
4842,179399_A_SUBMITTED_4842,A_SUBMITTED,COMPLETE,2011-10-24 12:08:46.912000+00:00,2011-10-24 12:08:46.912000+00:00,179399,AA,0
4843,179399_A_PARTLYSUBMITTED_4843,A_PARTLYSUBMITTED,COMPLETE,2011-10-24 12:08:47.380000+00:00,2011-10-24 12:08:47.380000+00:00,179399,AA,0
4844,179399_A_PREACCEPTED_4844,A_PREACCEPTED,COMPLETE,2011-10-24 12:09:43.745000+00:00,2011-10-24 12:09:43.745000+00:00,179399,AA,0
4845,179399_W_Completeren aanvraag_4845,W_Completeren aanvraag,COMPLETE,2011-10-24 16:21:32.358000+00:00,2011-10-24 16:55:04.507000+00:00,179399,BU,46
4846,179399_A_ACCEPTED_4846,A_ACCEPTED,COMPLETE,2011-10-24 16:56:05.450000+00:00,2011-10-24 16:56:05.450000+00:00,179399,BU,46
4847,179399_O_SELECTED_4847,O_SELECTED,COMPLETE,2011-10-24 16:56:29.866000+00:00,2011-10-24 16:56:29.866000+00:00,179399,BU,46
4848,179399_A_FINALIZED_4848,A_FINALIZED,COMPLETE,2011-10-24 16:56:29.866000+00:00,2011-10-24 16:56:29.866000+00:00,179399,BU,46
4849,179399_O_CREATED_4849,O_CREATED,COMPLETE,2011-10-24 16:56:31.011000+00:00,2011-10-24 16:56:31.011000+00:00,179399,BU,46
4850,179399_O_SENT_4850,O_SENT,COMPLETE,2011-10-24 16:56:31.036000+00:00,2011-10-24 16:56:31.036000+00:00,179399,BU,46
4851,179399_W_Completeren aanvraag_4851,W_Completeren aanvraag,COMPLETE,2011-10-24 16:55:45.314000+00:00,2011-10-24 16:56:33.217000+00:00,179399,BU,46
4888,179417_A_SUBMITTED_4888,A_SUBMITTED,COMPLETE,2011-10-24 13:02:21.578000+00:00,2011-10-24 13:02:21.578000+00:00,179417,AA,0
4889,179417_A_PARTLYSUBMITTED_4889,A_PARTLYSUBMITTED,COMPLETE,2011-10-24 13:02:21.797000+00:00,2011-10-24 13:02:21.797000+00:00,179417,AA,0
4890,179417_A_DECLINED_4890,A_DECLINED,COMPLETE,2011-10-24 13:02:57.957000+00:00,2011-10-24 13:02:57.957000+00:00,179417,AA,0
4891,179435_A_SUBMITTED_4891,A_SUBMITTED,COMPLETE,2011-10-24 13:44:35.750000+00:00,2011-10-24 13:44:35.750000+00:00,179435,AA,0
4892,179435_A_PARTLYSUBMITTED_4892,A_PARTLYSUBMITTED,COMPLETE,2011-10-24 13:44:36.572000+00:00,2011-10-24 13:44:36.572000+00:00,179435,AA,0
4893,179435_A_DECLINED_4893,A_DECLINED,COMPLETE,2011-10-24 14:22:32.826000+00:00,2011-10-24 14:22:32.826000+00:00,179435,BC,28
4894,179435_W_Afhandelen leads_4894,W_Afhandelen leads,COMPLETE,2011-10-24 14:21:53.786000+00:00,2011-10-24 14:22:37.064000+00:00,179435,BC,28
4895,179441_A_SUBMITTED_4895,A_SUBMITTED,COMPLETE,2011-10-24 13:58:48.795000+00:00,2011-10-24 13:58:48.795000+00:00,179441,AA,0
4896,179441_A_PARTLYSUBMITTED_4896,A_PARTLYSUBMITTED,COMPLETE,2011-10-24 13:58:49.298000+00:00,2011-10-24 13:58:49.298000+00:00,179441,AA,0
4897,179441_A_DECLINED_4897,A_DECLINED,COMPLETE,2011-10-24 14:24:14.623000+00:00,2011-10-24 14:24:14.623000+00:00,179441,BC,28
4898,179441_W_Afhandelen leads_4898,W_Afhandelen leads,COMPLETE,2011-10-24 14:22:40.630000+00:00,2011-10-24 14:24:18.547000+00:00,179441,BC,28
4899,179444_A_SUBMITTED_4899,A_SUBMITTED,COMPLETE,2011-10-24 13:59:58.539000+00:00,2011-10-24 13:59:58.539000+00:00,179444,AA,0
4900,179444_A_PARTLYSUBMITTED_4900,A_PARTLYSUBMITTED,COMPLETE,2011-10-24 13:59:58.755000+00:00,2011-10-24 13:59:58.755000+00:00,179444,AA,0
4901,179444_A_DECLINED_4901,A_DECLINED,COMPLETE,2011-10-24 14:00:42.486000+00:00,2011-10-24 14:00:42.486000+00:00,179444,AA,0
4902,179453_A_SUBMITTED_4902,A_SUBMITTED,COMPLETE,2011-10-24 14:35:57.300000+00:00,2011-10-24 14:35:57.300000+00:00,179453,AA,0
4903,179453_A_PARTLYSUBMITTED_4903,A_PARTLYSUBMITTED,COMPLETE,2011-10-24 14:35:59.237000+00:00,2011-10-24 14:35:59.237000+00:00,179453,AA,0
4904,179453_A_PREACCEPTED_4904,A_PREACCEPTED,COMPLETE,2011-10-24 15:00:22.735000+00:00,2011-10-24 15:00:22.735000+00:00,179453,BC,28
4905,179453_W_Afhandelen leads_4905,W_Afhandelen leads,COMPLETE,2011-10-24 14:56:12.971000+00:00,2011-10-24 15:00:29.378000+00:00,179453,BC,28
4906,179453_W_Completeren aanvraag_4906,W_Completeren aanvraag,COMPLETE,2011-10-24 18:58:21.275000+00:00,2011-10-24 19:00:40.600000+00:00,179453,BQ,42
4909,179456_A_SUBMITTED_4909,A_SUBMITTED,COMPLETE,2011-10-24 14:40:08.608000+00:00,2011-10-24 14:40:08.608000+00:00,179456,AA,0
4910,179456_A_PARTLYSUBMITTED_4910,A_PARTLYSUBMITTED,COMPLETE,2011-10-24 14:40:09.008000+00:00,2011-10-24 14:40:09.008000+00:00,179456,AA,0
4911,179456_A_PREACCEPTED_4911,A_PREACCEPTED,COMPLETE,2011-10-24 14:40:55.200000+00:00,2011-10-24 14:40:55.200000+00:00,179456,AA,0
4912,179456_A_ACCEPTED_4912,A_ACCEPTED,COMPLETE,2011-10-24 15:00:17.277000+00:00,2011-10-24 15:00:17.277000+00:00,179456,BT,45
4913,179456_A_FINALIZED_4913,A_FINALIZED,COMPLETE,2011-10-24 15:03:52.467000+00:00,2011-10-24 15:03:52.467000+00:00,179456,BT,45
4914,179456_O_SELECTED_4914,O_SELECTED,COMPLETE,2011-10-24 15:03:52.467000+00:00,2011-10-24 15:03:52.467000+00:00,179456,BT,45
4915,179456_O_CREATED_4915,O_CREATED,COMPLETE,2011-10-24 15:03:53.370000+00:00,2011-10-24 15:03:53.370000+00:00,179456,BT,45
4916,179456_O_SENT_4916,O_SENT,COMPLETE,2011-10-24 15:03:53.416000+00:00,2011-10-24 15:03:53.416000+00:00,179456,BT,45
4917,179456_W_Completeren aanvraag_4917,W_Completeren aanvraag,COMPLETE,2011-10-24 14:46:46.898000+00:00,2011-10-24 15:03:55.906000+00:00,179456,BT,45
4918,179456_O_CANCELLED_4918,O_CANCELLED,COMPLETE,2011-10-24 15:05:19.581000+00:00,2011-10-24 15:05:19.581000+00:00,179456,BT,45
4919,179456_O_SELECTED_4919,O_SELECTED,COMPLETE,2011-10-24 15:05:19.581000+00:00,2011-10-24 15:05:19.581000+00:00,179456,BT,45
4920,179456_O_CREATED_4920,O_CREATED,COMPLETE,2011-10-24 15:05:20.916000+00:00,2011-10-24 15:05:20.916000+00:00,179456,BT,45
4921,179456_O_SENT_4921,O_SENT,COMPLETE,2011-10-24 15:05:20.960000+00:00,2011-10-24 15:05:20.960000+00:00,179456,BT,45
4922,179456_W_Nabellen offertes_4922,W_Nabellen offertes,COMPLETE,2011-10-24 15:04:36.483000+00:00,2011-10-24 15:05:22.714000+00:00,179456,BT,45
4923,179456_W_Nabellen offertes_4923,W_Nabellen offertes,COMPLETE,2011-10-24 15:05:49.047000+00:00,2011-10-24 15:07:12.818000+00:00,179456,BT,45
4931,179459_A_SUBMITTED_4931,A_SUBMITTED,COMPLETE,2011-10-24 14:42:05.763000+00:00,2011-10-24 14:42:05.763000+00:00,179459,AA,0
4932,179459_A_PARTLYSUBMITTED_4932,A_PARTLYSUBMITTED,COMPLETE,2011-10-24 14:42:06.190000+00:00,2011-10-24 14:42:06.190000+00:00,179459,AA,0
4933,179459_A_PREACCEPTED_4933,A_PREACCEPTED,COMPLETE,2011-10-24 14:42:43.484000+00:00,2011-10-24 14:42:43.484000+00:00,179459,AA,0
4934,179459_W_Completeren aanvraag_4934,W_Completeren aanvraag,COMPLETE,2011-10-24 18:49:22.579000+00:00,2011-10-24 18:50:39.281000+00:00,179459,BQ,42
4935,179459_A_DECLINED_4935,A_DECLINED,COMPLETE,2011-10-24 20:13:51.182000+00:00,2011-10-24 20:13:51.182000+00:00,179459,BQ,42
4936,179459_W_Completeren aanvraag_4936,W_Completeren aanvraag,COMPLETE,2011-10-24 20:04:54.634000+00:00,2011-10-24 20:13:54.488000+00:00,179459,BQ,42
4937,179468_A_SUBMITTED_4937,A_SUBMITTED,COMPLETE,2011-10-24 15:50:51.178000+00:00,2011-10-24 15:50:51.178000+00:00,179468,AA,0
4938,179468_A_PARTLYSUBMITTED_4938,A_PARTLYSUBMITTED,COMPLETE,2011-10-24 15:50:52.155000+00:00,2011-10-24 15:50:52.155000+00:00,179468,AA,0
4939,179468_A_DECLINED_4939,A_DECLINED,COMPLETE,2011-10-24 15:51:37.853000+00:00,2011-10-24 15:51:37.853000+00:00,179468,AA,0
4940,179486_A_SUBMITTED_4940,A_SUBMITTED,COMPLETE,2011-10-24 16:19:04.256000+00:00,2011-10-24 16:19:04.256000+00:00,179486,AA,0
4941,179486_A_PARTLYSUBMITTED_4941,A_PARTLYSUBMITTED,COMPLETE,2011-10-24 16:19:04.591000+00:00,2011-10-24 16:19:04.591000+00:00,179486,AA,0
4942,179486_A_PREACCEPTED_4942,A_PREACCEPTED,COMPLETE,2011-10-24 16:19:49.316000+00:00,2011-10-24 16:19:49.316000+00:00,179486,AA,0
4943,179486_W_Completeren aanvraag_4943,W_Completeren aanvraag,COMPLETE,2011-10-24 16:21:23.644000+00:00,2011-10-24 16:28:04.425000+00:00,179486,BT,45
4944,179486_A_CANCELLED_4944,A_CANCELLED,COMPLETE,2011-10-24 16:28:27.009000+00:00,2011-10-24 16:28:27.009000+00:00,179486,BT,45
4945,179486_W_Completeren aanvraag_4945,W_Completeren aanvraag,COMPLETE,2011-10-24 16:28:07.847000+00:00,2011-10-24 16:28:28.661000+00:00,179486,BT,45
4946,179492_A_SUBMITTED_4946,A_SUBMITTED,COMPLETE,2011-10-24 17:05:30.723000+00:00,2011-10-24 17:05:30.723000+00:00,179492,AA,0
4947,179492_A_PARTLYSUBMITTED_4947,A_PARTLYSUBMITTED,COMPLETE,2011-10-24 17:05:31.116000+00:00,2011-10-24 17:05:31.116000+00:00,179492,AA,0
4948,179492_A_DECLINED_4948,A_DECLINED,COMPLETE,2011-10-24 17:12:36.974000+00:00,2011-10-24 17:12:36.974000+00:00,179492,AN,13
4949,179492_W_Afhandelen leads_4949,W_Afhandelen leads,COMPLETE,2011-10-24 17:12:27.570000+00:00,2011-10-24 17:12:40.825000+00:00,179492,AN,13
4950,179498_A_SUBMITTED_4950,A_SUBMITTED,COMPLETE,2011-10-24 17:13:50.155000+00:00,2011-10-24 17:13:50.155000+00:00,179498,AA,0
4951,179498_A_PARTLYSUBMITTED_4951,A_PARTLYSUBMITTED,COMPLETE,2011-10-24 17:13:50.405000+00:00,2011-10-24 17:13:50.405000+00:00,179498,AA,0
4952,179498_A_DECLINED_4952,A_DECLINED,COMPLETE,2011-10-24 17:14:32.871000+00:00,2011-10-24 17:14:32.871000+00:00,179498,AA,0
4953,179507_A_SUBMITTED_4953,A_SUBMITTED,COMPLETE,2011-10-24 17:32:31.057000+00:00,2011-10-24 17:32:31.057000+00:00,179507,AA,0
4954,179507_A_PARTLYSUBMITTED_4954,A_PARTLYSUBMITTED,COMPLETE,2011-10-24 17:32:31.570000+00:00,2011-10-24 17:32:31.570000+00:00,179507,AA,0
4955,179507_A_DECLINED_4955,A_DECLINED,COMPLETE,2011-10-24 17:33:20.483000+00:00,2011-10-24 17:33:20.483000+00:00,179507,AA,0
4956,179510_A_SUBMITTED_4956,A_SUBMITTED,COMPLETE,2011-10-24 17:42:21.237000+00:00,2011-10-24 17:42:21.237000+00:00,179510,AA,0
4957,179510_A_PARTLYSUBMITTED_4957,A_PARTLYSUBMITTED,COMPLETE,2011-10-24 17:42:21.773000+00:00,2011-10-24 17:42:21.773000+00:00,179510,AA,0
4958,179510_A_DECLINED_4958,A_DECLINED,COMPLETE,2011-10-24 17:53:55.317000+00:00,2011-10-24 17:53:55.317000+00:00,179510,AN,13
4959,179510_W_Afhandelen leads_4959,W_Afhandelen leads,COMPLETE,2011-10-24 17:52:52.567000+00:00,2011-10-24 17:53:59.882000+00:00,179510,AN,13
4960,179513_A_SUBMITTED_4960,A_SUBMITTED,COMPLETE,2011-10-24 18:55:56.495000+00:00,2011-10-24 18:55:56.495000+00:00,179513,AA,0
4961,179513_A_PARTLYSUBMITTED_4961,A_PARTLYSUBMITTED,COMPLETE,2011-10-24 18:55:57.308000+00:00,2011-10-24 18:55:57.308000+00:00,179513,AA,0
4962,179513_A_DECLINED_4962,A_DECLINED,COMPLETE,2011-10-24 19:19:54.584000+00:00,2011-10-24 19:19:54.584000+00:00,179513,BA,26
4963,179513_W_Afhandelen leads_4963,W_Afhandelen leads,COMPLETE,2011-10-24 19:18:36.234000+00:00,2011-10-24 19:19:57.406000+00:00,179513,BA,26
4964,179516_A_SUBMITTED_4964,A_SUBMITTED,COMPLETE,2011-10-24 19:05:11.752000+00:00,2011-10-24 19:05:11.752000+00:00,179516,AA,0
4965,179516_A_PARTLYSUBMITTED_4965,A_PARTLYSUBMITTED,COMPLETE,2011-10-24 19:05:12.009000+00:00,2011-10-24 19:05:12.009000+00:00,179516,AA,0
4966,179516_A_PREACCEPTED_4966,A_PREACCEPTED,COMPLETE,2011-10-24 19:05:57.596000+00:00,2011-10-24 19:05:57.596000+00:00,179516,AA,0
4967,179516_W_Completeren aanvraag_4967,W_Completeren aanvraag,COMPLETE,2011-10-24 19:31:43.019000+00:00,2011-10-24 19:33:35.348000+00:00,179516,BQ,42
4979,179525_A_SUBMITTED_4979,A_SUBMITTED,COMPLETE,2011-10-24 19:33:03.714000+00:00,2011-10-24 19:33:03.714000+00:00,179525,AA,0
4980,179525_A_PARTLYSUBMITTED_4980,A_PARTLYSUBMITTED,COMPLETE,2011-10-24 19:33:03.935000+00:00,2011-10-24 19:33:03.935000+00:00,179525,AA,0
4981,179525_A_DECLINED_4981,A_DECLINED,COMPLETE,2011-10-24 20:03:50.173000+00:00,2011-10-24 20:03:50.173000+00:00,179525,AM,12
4982,179525_W_Afhandelen leads_4982,W_Afhandelen leads,COMPLETE,2011-10-24 20:01:15.487000+00:00,2011-10-24 20:03:52.824000+00:00,179525,AM,12
4983,179528_A_SUBMITTED_4983,A_SUBMITTED,COMPLETE,2011-10-24 19:33:14.915000+00:00,2011-10-24 19:33:14.915000+00:00,179528,AA,0
4984,179528_A_PARTLYSUBMITTED_4984,A_PARTLYSUBMITTED,COMPLETE,2011-10-24 19:33:15.173000+00:00,2011-10-24 19:33:15.173000+00:00,179528,AA,0
4985,179528_A_DECLINED_4985,A_DECLINED,COMPLETE,2011-10-24 19:38:20.962000+00:00,2011-10-24 19:38:20.962000+00:00,179528,BT,45
4986,179528_W_Afhandelen leads_4986,W_Afhandelen leads,COMPLETE,2011-10-24 19:33:56.145000+00:00,2011-10-24 19:38:24.789000+00:00,179528,BT,45
4987,179537_A_SUBMITTED_4987,A_SUBMITTED,COMPLETE,2011-10-24 20:06:27.227000+00:00,2011-10-24 20:06:27.227000+00:00,179537,AA,0
4988,179537_A_PARTLYSUBMITTED_4988,A_PARTLYSUBMITTED,COMPLETE,2011-10-24 20:06:27.591000+00:00,2011-10-24 20:06:27.591000+00:00,179537,AA,0
4989,179537_A_PREACCEPTED_4989,A_PREACCEPTED,COMPLETE,2011-10-24 20:07:14.174000+00:00,2011-10-24 20:07:14.174000+00:00,179537,AA,0
4990,179537_W_Completeren aanvraag_4990,W_Completeren aanvraag,COMPLETE,2011-10-24 20:07:31.458000+00:00,2011-10-24 20:10:48.410000+00:00,179537,BT,45
4991,179537_W_Completeren aanvraag_4991,W_Completeren aanvraag,COMPLETE,2011-10-24 20:10:50.030000+00:00,2011-10-24 20:14:44.991000+00:00,179537,BT,45
4992,179537_A_ACCEPTED_4992,A_ACCEPTED,COMPLETE,2011-10-24 20:16:12.439000+00:00,2011-10-24 20:16:12.439000+00:00,179537,BT,45
4993,179537_O_SELECTED_4993,O_SELECTED,COMPLETE,2011-10-24 20:18:58.939000+00:00,2011-10-24 20:18:58.939000+00:00,179537,BT,45
4994,179537_A_FINALIZED_4994,A_FINALIZED,COMPLETE,2011-10-24 20:18:58.939000+00:00,2011-10-24 20:18:58.939000+00:00,179537,BT,45
4995,179537_O_CREATED_4995,O_CREATED,COMPLETE,2011-10-24 20:18:59.714000+00:00,2011-10-24 20:18:59.714000+00:00,179537,BT,45
4996,179537_O_SENT_4996,O_SENT,COMPLETE,2011-10-24 20:18:59.739000+00:00,2011-10-24 20:18:59.739000+00:00,179537,BT,45
4997,179537_W_Completeren aanvraag_4997,W_Completeren aanvraag,COMPLETE,2011-10-24 20:14:47.487000+00:00,2011-10-24 20:19:01.210000+00:00,179537,BT,45
5007,179549_A_SUBMITTED_5007,A_SUBMITTED,COMPLETE,2011-10-24 20:19:02.597000+00:00,2011-10-24 20:19:02.597000+00:00,179549,AA,0
5008,179549_A_PARTLYSUBMITTED_5008,A_PARTLYSUBMITTED,COMPLETE,2011-10-24 20:19:02.890000+00:00,2011-10-24 20:19:02.890000+00:00,179549,AA,0
5009,179549_A_DECLINED_5009,A_DECLINED,COMPLETE,2011-10-24 20:19:35.426000+00:00,2011-10-24 20:19:35.426000+00:00,179549,AA,0
5010,179552_A_SUBMITTED_5010,A_SUBMITTED,COMPLETE,2011-10-24 20:23:33.263000+00:00,2011-10-24 20:23:33.263000+00:00,179552,AA,0
5011,179552_A_PARTLYSUBMITTED_5011,A_PARTLYSUBMITTED,COMPLETE,2011-10-24 20:23:33.517000+00:00,2011-10-24 20:23:33.517000+00:00,179552,AA,0
5012,179552_A_DECLINED_5012,A_DECLINED,COMPLETE,2011-10-24 20:24:05.792000+00:00,2011-10-24 20:24:05.792000+00:00,179552,AA,0
5013,179555_A_SUBMITTED_5013,A_SUBMITTED,COMPLETE,2011-10-24 20:30:57.135000+00:00,2011-10-24 20:30:57.135000+00:00,179555,AA,0
5014,179555_A_PARTLYSUBMITTED_5014,A_PARTLYSUBMITTED,COMPLETE,2011-10-24 20:30:57.545000+00:00,2011-10-24 20:30:57.545000+00:00,179555,AA,0
5015,179555_A_DECLINED_5015,A_DECLINED,COMPLETE,2011-10-24 20:31:33.298000+00:00,2011-10-24 20:31:33.298000+00:00,179555,AA,0
5016,179564_A_SUBMITTED_5016,A_SUBMITTED,COMPLETE,2011-10-24 21:11:50.706000+00:00,2011-10-24 21:11:50.706000+00:00,179564,AA,0
5017,179564_A_PARTLYSUBMITTED_5017,A_PARTLYSUBMITTED,COMPLETE,2011-10-24 21:11:51.144000+00:00,2011-10-24 21:11:51.144000+00:00,179564,AA,0
5018,179564_A_PREACCEPTED_5018,A_PREACCEPTED,COMPLETE,2011-10-24 21:12:32.650000+00:00,2011-10-24 21:12:32.650000+00:00,179564,AA,0
5022,179570_A_SUBMITTED_5022,A_SUBMITTED,COMPLETE,2011-10-24 21:38:39.060000+00:00,2011-10-24 21:38:39.060000+00:00,179570,AA,0
5023,179570_A_PARTLYSUBMITTED_5023,A_PARTLYSUBMITTED,COMPLETE,2011-10-24 21:38:39.311000+00:00,2011-10-24 21:38:39.311000+00:00,179570,AA,0
5024,179570_A_DECLINED_5024,A_DECLINED,COMPLETE,2011-10-24 21:39:15.451000+00:00,2011-10-24 21:39:15.451000+00:00,179570,AA,0
5025,179576_A_SUBMITTED_5025,A_SUBMITTED,COMPLETE,2011-10-24 22:07:39.113000+00:00,2011-10-24 22:07:39.113000+00:00,179576,AA,0
5026,179576_A_PARTLYSUBMITTED_5026,A_PARTLYSUBMITTED,COMPLETE,2011-10-24 22:07:39.359000+00:00,2011-10-24 22:07:39.359000+00:00,179576,AA,0
5027,179576_A_PREACCEPTED_5027,A_PREACCEPTED,COMPLETE,2011-10-24 22:08:20.678000+00:00,2011-10-24 22:08:20.678000+00:00,179576,AA,0
5030,179579_A_SUBMITTED_5030,A_SUBMITTED,COMPLETE,2011-10-24 22:13:27.974000+00:00,2011-10-24 22:13:27.974000+00:00,179579,AA,0
5031,179579_A_PARTLYSUBMITTED_5031,A_PARTLYSUBMITTED,COMPLETE,2011-10-24 22:13:28.383000+00:00,2011-10-24 22:13:28.383000+00:00,179579,AA,0
5032,179579_A_PREACCEPTED_5032,A_PREACCEPTED,COMPLETE,2011-10-24 22:14:06.394000+00:00,2011-10-24 22:14:06.394000+00:00,179579,AA,0
5063,179582_A_SUBMITTED_5063,A_SUBMITTED,COMPLETE,2011-10-24 22:34:51.685000+00:00,2011-10-24 22:34:51.685000+00:00,179582,AA,0
5064,179582_A_PARTLYSUBMITTED_5064,A_PARTLYSUBMITTED,COMPLETE,2011-10-24 22:34:53.612000+00:00,2011-10-24 22:34:53.612000+00:00,179582,AA,0
5065,179582_A_DECLINED_5065,A_DECLINED,COMPLETE,2011-10-24 22:35:31.095000+00:00,2011-10-24 22:35:31.095000+00:00,179582,AA,0
5066,179588_A_SUBMITTED_5066,A_SUBMITTED,COMPLETE,2011-10-24 22:39:57.971000+00:00,2011-10-24 22:39:57.971000+00:00,179588,AA,0
5067,179588_A_PARTLYSUBMITTED_5067,A_PARTLYSUBMITTED,COMPLETE,2011-10-24 22:39:58.223000+00:00,2011-10-24 22:39:58.223000+00:00,179588,AA,0
5068,179588_A_DECLINED_5068,A_DECLINED,COMPLETE,2011-10-24 22:40:29.893000+00:00,2011-10-24 22:40:29.893000+00:00,179588,AA,0
5069,179597_A_SUBMITTED_5069,A_SUBMITTED,COMPLETE,2011-10-24 23:58:13.033000+00:00,2011-10-24 23:58:13.033000+00:00,179597,AA,0
5070,179597_A_PARTLYSUBMITTED_5070,A_PARTLYSUBMITTED,COMPLETE,2011-10-24 23:58:13.389000+00:00,2011-10-24 23:58:13.389000+00:00,179597,AA,0
