case_id,resource,activity,start_time,end_time
12,Loan Officer-000002,Design loan offer,2023-02-10 07:11:08.645000+00:00,2023-02-10 07:12:05.191000+00:00
11,Clerk-000004,Approve application,2023-02-10 07:09:11.266000+00:00,2023-02-10 07:14:11.266000+00:00
12,Senior Officer-000002,Approve loan offer,2023-02-10 07:12:05.191000+00:00,2023-02-10 07:32:05.191000+00:00
14,AML Investigator-000001,AML check,2023-02-10 07:25:02.611000+00:00,2023-02-10 07:32:40.898000+00:00
14,Appraiser-000001,Appraise property,2023-02-10 07:25:02.611000+00:00,2023-02-10 07:35:00.307000+00:00
12,Clerk-000006,Approve application,2023-02-10 07:32:05.191000+00:00,2023-02-10 07:37:05.191000+00:00
15,Clerk-000002,Check application form completeness,2023-02-10 07:30:00+00:00,2023-02-10 07:39:18.659000+00:00
14,Clerk-000003,Check credit history,2023-02-10 07:25:02.611000+00:00,2023-02-10 07:42:17.493000+00:00
13,Clerk-000005,Return application back to applicant,2023-02-10 07:42:33.186000+00:00,2023-02-10 07:47:33.186000+00:00
15,Appraiser-000002,Appraise property,2023-02-10 07:39:18.659000+00:00,2023-02-10 07:55:16.357000+00:00
14,Loan Officer-000004,Assess loan risk,2023-02-10 07:42:17.493000+00:00,2023-02-10 08:02:17.493000+00:00
16,Clerk-000004,Check application form completeness,2023-02-10 08:00:00+00:00,2023-02-10 08:04:08.094000+00:00
15,AML Investigator-000002,AML check,2023-02-10 07:39:18.659000+00:00,2023-02-10 08:05:06.931000+00:00
15,Clerk-000001,Check credit history,2023-02-10 07:39:18.659000+00:00,2023-02-10 08:06:38.873000+00:00
14,Clerk-000008,Reject application,2023-02-10 08:02:17.493000+00:00,2023-02-10 08:12:17.493000+00:00
16,Clerk-000006,Check credit history,2023-02-10 08:04:08.094000+00:00,2023-02-10 08:12:50.966000+00:00
16,AML Investigator-000001,AML check,2023-02-10 08:04:08.094000+00:00,2023-02-10 08:21:12.906000+00:00
15,Loan Officer-000003,Assess loan risk,2023-02-10 08:06:38.873000+00:00,2023-02-10 08:26:38.873000+00:00
15,Clerk-000002,Reject application,2023-02-10 08:26:38.873000+00:00,2023-02-10 08:36:38.873000+00:00
16,Appraiser-000001,Appraise property,2023-02-10 08:04:08.094000+00:00,2023-02-10 08:37:51.821000+00:00
13,Applicant-000001,Applicant completes form,2023-02-10 07:47:33.186000+00:00,2023-02-10 08:47:33.186000+00:00
16,Loan Officer-000001,Assess loan risk,2023-02-10 08:37:51.821000+00:00,2023-02-10 08:57:51.821000+00:00
13,Clerk-000007,Check application form completeness,2023-02-10 08:47:33.186000+00:00,2023-02-10 09:07:57.007000+00:00
16,Loan Officer-000002,Design loan offer,2023-02-10 08:57:51.821000+00:00,2023-02-10 09:08:46.942000+00:00
13,Clerk-000004,Check credit history,2023-02-10 09:07:57.007000+00:00,2023-02-10 09:16:48.261000+00:00
18,Clerk-000005,Check application form completeness,2023-02-10 09:00:00+00:00,2023-02-10 09:19:36.335000+00:00
16,Senior Officer-000001,Approve loan offer,2023-02-10 09:08:46.942000+00:00,2023-02-10 09:28:46.942000+00:00
18,AML Investigator-000001,AML check,2023-02-10 09:19:36.335000+00:00,2023-02-10 09:31:14.054000+00:00
16,Clerk-000008,Approve application,2023-02-10 09:28:46.942000+00:00,2023-02-10 09:33:46.942000+00:00
18,Clerk-000001,Check credit history,2023-02-10 09:19:36.335000+00:00,2023-02-10 09:34:28.107000+00:00
13,AML Investigator-000002,AML check,2023-02-10 09:07:57.007000+00:00,2023-02-10 09:47:01.830000+00:00
17,Clerk-000003,Check application form completeness,2023-02-10 08:30:00+00:00,2023-02-10 09:49:48.271000+00:00
13,Appraiser-000002,Appraise property,2023-02-10 09:07:57.007000+00:00,2023-02-10 09:59:18.744000+00:00
17,Appraiser-000002,Appraise property,2023-02-10 09:59:18.744000+00:00,2023-02-10 10:04:07+00:00
18,Appraiser-000001,Appraise property,2023-02-10 09:19:36.335000+00:00,2023-02-10 10:06:35.679000+00:00
19,Clerk-000006,Check application form completeness,2023-02-10 09:30:00+00:00,2023-02-10 10:06:40.931000+00:00
19,AML Investigator-000002,AML check,2023-02-10 10:06:40.931000+00:00,2023-02-10 10:11:22.495000+00:00
17,AML Investigator-000001,AML check,2023-02-10 09:49:48.271000+00:00,2023-02-10 10:11:37.661000+00:00
20,Clerk-000007,Check application form completeness,2023-02-10 10:00:00+00:00,2023-02-10 10:16:55.378000+00:00
13,Loan Officer-000004,Assess loan risk,2023-02-10 09:59:18.744000+00:00,2023-02-10 10:19:18.744000+00:00
13,Loan Officer-000001,Design loan offer,2023-02-10 10:19:18.744000+00:00,2023-02-10 10:22:26.346000+00:00
18,Loan Officer-000003,Assess loan risk,2023-02-10 10:06:35.679000+00:00,2023-02-10 10:26:35.679000+00:00
20,AML Investigator-000002,AML check,2023-02-10 10:16:55.378000+00:00,2023-02-10 10:26:52.236000+00:00
20,Clerk-000005,Check credit history,2023-02-10 10:16:55.378000+00:00,2023-02-10 10:29:20.379000+00:00
20,Appraiser-000001,Appraise property,2023-02-10 10:16:55.378000+00:00,2023-02-10 10:35:16.846000+00:00
21,Clerk-000008,Check application form completeness,2023-02-10 10:30:00+00:00,2023-02-10 10:40:41.305000+00:00
13,Senior Officer-000002,Approve loan offer,2023-02-10 10:22:26.346000+00:00,2023-02-10 10:42:26.346000+00:00
18,Loan Officer-000002,Design loan offer,2023-02-10 10:26:35.679000+00:00,2023-02-10 10:43:17.476000+00:00
13,Clerk-000003,Approve application,2023-02-10 10:42:26.346000+00:00,2023-02-10 10:47:26.346000+00:00
21,AML Investigator-000001,AML check,2023-02-10 10:40:41.305000+00:00,2023-02-10 10:53:55.853000+00:00
20,Loan Officer-000004,Assess loan risk,2023-02-10 10:35:16.846000+00:00,2023-02-10 10:55:16.846000+00:00
20,Loan Officer-000001,Design loan offer,2023-02-10 10:55:16.846000+00:00,2023-02-10 10:57:20.178000+00:00
21,Appraiser-000001,Appraise property,2023-02-10 10:40:41.305000+00:00,2023-02-10 11:00:40.525000+00:00
19,Clerk-000004,Check credit history,2023-02-10 10:06:40.931000+00:00,2023-02-10 11:02:33.205000+00:00
18,Senior Officer-000001,Approve loan offer,2023-02-10 10:43:17.476000+00:00,2023-02-10 11:03:17.476000+00:00
22,Clerk-000006,Check application form completeness,2023-02-10 11:00:00+00:00,2023-02-10 11:03:48.570000+00:00
18,Clerk-000007,Cancel application,2023-02-10 11:03:17.476000+00:00,2023-02-10 11:08:17.476000+00:00
22,AML Investigator-000002,AML check,2023-02-10 11:03:48.570000+00:00,2023-02-10 11:13:27.797000+00:00
22,Clerk-000005,Check credit history,2023-02-10 11:03:48.570000+00:00,2023-02-10 11:15:00.422000+00:00
20,Senior Officer-000002,Approve loan offer,2023-02-10 10:57:20.178000+00:00,2023-02-10 11:17:20.178000+00:00
20,Clerk-000008,Approve application,2023-02-10 11:17:20.178000+00:00,2023-02-10 11:22:20.178000+00:00
19,Appraiser-000002,Appraise property,2023-02-10 10:06:40.931000+00:00,2023-02-10 11:23:44.233000+00:00
22,Appraiser-000001,Appraise property,2023-02-10 11:03:48.570000+00:00,2023-02-10 11:24:23.507000+00:00
17,Clerk-000002,Check credit history,2023-02-10 09:49:48.271000+00:00,2023-02-10 11:28:15.800000+00:00
21,Clerk-000001,Check credit history,2023-02-10 10:40:41.305000+00:00,2023-02-10 11:31:49.197000+00:00
19,Loan Officer-000003,Assess loan risk,2023-02-10 11:23:44.233000+00:00,2023-02-10 11:43:44.233000+00:00
22,Loan Officer-000002,Assess loan risk,2023-02-10 11:24:23.507000+00:00,2023-02-10 11:44:23.507000+00:00
23,Clerk-000003,Check application form completeness,2023-02-10 11:30:00+00:00,2023-02-10 11:46:26.975000+00:00
17,Loan Officer-000004,Assess loan risk,2023-02-10 11:28:15.800000+00:00,2023-02-10 11:48:15.800000+00:00
17,Loan Officer-000003,Design loan offer,2023-02-10 11:48:15.800000+00:00,2023-02-10 11:51:17.047000+00:00
21,Loan Officer-000001,Assess loan risk,2023-02-10 11:31:49.197000+00:00,2023-02-10 11:51:49.197000+00:00
21,Loan Officer-000002,Design loan offer,2023-02-10 11:51:49.197000+00:00,2023-02-10 11:52:10.264000+00:00
19,Clerk-000004,Reject application,2023-02-10 11:43:44.233000+00:00,2023-02-10 11:53:44.233000+00:00
23,Clerk-000007,Check credit history,2023-02-10 11:46:26.975000+00:00,2023-02-10 11:54:12.325000+00:00
22,Clerk-000006,Reject application,2023-02-10 11:44:23.507000+00:00,2023-02-10 11:54:23.507000+00:00
23,AML Investigator-000001,AML check,2023-02-10 11:46:26.975000+00:00,2023-02-10 11:56:10.417000+00:00
23,Appraiser-000002,Appraise property,2023-02-10 11:46:26.975000+00:00,2023-02-10 12:00:36.976000+00:00
24,Clerk-000005,Check application form completeness,2023-02-10 12:00:00+00:00,2023-02-10 12:03:00.320000+00:00
24,Appraiser-000001,Appraise property,2023-02-10 12:03:00.320000+00:00,2023-02-10 12:08:23.469000+00:00
17,Senior Officer-000001,Approve loan offer,2023-02-10 11:51:17.047000+00:00,2023-02-10 12:11:17.047000+00:00
21,Senior Officer-000002,Approve loan offer,2023-02-10 11:52:10.264000+00:00,2023-02-10 12:12:10.264000+00:00
17,Clerk-000002,Cancel application,2023-02-10 12:11:17.047000+00:00,2023-02-10 12:16:17.047000+00:00
21,Clerk-000001,Cancel application,2023-02-10 12:12:10.264000+00:00,2023-02-10 12:17:10.264000+00:00
23,Loan Officer-000004,Assess loan risk,2023-02-10 12:00:36.976000+00:00,2023-02-10 12:20:36.976000+00:00
24,Clerk-000008,Check credit history,2023-02-10 12:03:00.320000+00:00,2023-02-10 12:22:14.175000+00:00
23,Loan Officer-000003,Design loan offer,2023-02-10 12:20:36.976000+00:00,2023-02-10 12:50:46.380000+00:00
25,Clerk-000003,Check application form completeness,2023-02-10 12:30:00+00:00,2023-02-10 12:54:44.247000+00:00
25,Clerk-000004,Check credit history,2023-02-10 12:54:44.247000+00:00,2023-02-10 12:56:16.682000+00:00
25,Appraiser-000002,Appraise property,2023-02-10 12:54:44.247000+00:00,2023-02-10 13:00:13.872000+00:00
23,Senior Officer-000001,Approve loan offer,2023-02-10 12:50:46.380000+00:00,2023-02-10 13:10:46.380000+00:00
23,Clerk-000006,Approve application,2023-02-10 13:10:46.380000+00:00,2023-02-10 13:15:46.380000+00:00
26,Clerk-000007,Check application form completeness,2023-02-10 13:00:00+00:00,2023-02-10 13:29:07.377000+00:00
25,AML Investigator-000001,AML check,2023-02-10 12:54:44.247000+00:00,2023-02-10 13:33:09.234000+00:00
26,AML Investigator-000001,AML check,2023-02-10 13:33:09.234000+00:00,2023-02-10 13:34:36.796000+00:00
26,Clerk-000005,Check credit history,2023-02-10 13:29:07.377000+00:00,2023-02-10 13:35:58.313000+00:00
26,Appraiser-000001,Appraise property,2023-02-10 13:29:07.377000+00:00,2023-02-10 13:44:23.941000+00:00
24,AML Investigator-000002,AML check,2023-02-10 12:03:00.320000+00:00,2023-02-10 13:51:00.198000+00:00
25,Loan Officer-000001,Assess loan risk,2023-02-10 13:33:09.234000+00:00,2023-02-10 13:53:09.234000+00:00
27,Clerk-000002,Check application form completeness,2023-02-10 13:30:00+00:00,2023-02-10 13:53:24.303000+00:00
28,Clerk-000003,Check application form completeness,2023-02-10 14:00:00+00:00,2023-02-10 14:00:13.365000+00:00
27,Appraiser-000002,Appraise property,2023-02-10 13:53:24.303000+00:00,2023-02-10 14:00:22.425000+00:00
27,Clerk-000008,Check credit history,2023-02-10 13:53:24.303000+00:00,2023-02-10 14:01:52.816000+00:00
25,Clerk-000001,Reject application,2023-02-10 13:53:09.234000+00:00,2023-02-10 14:03:09.234000+00:00
26,Loan Officer-000002,Assess loan risk,2023-02-10 13:44:23.941000+00:00,2023-02-10 14:04:23.941000+00:00
27,AML Investigator-000001,AML check,2023-02-10 13:53:24.303000+00:00,2023-02-10 14:06:11.525000+00:00
28,AML Investigator-000002,AML check,2023-02-10 14:00:13.365000+00:00,2023-02-10 14:06:35.120000+00:00
26,Loan Officer-000003,Design loan offer,2023-02-10 14:04:23.941000+00:00,2023-02-10 14:10:13.620000+00:00
24,Loan Officer-000004,Assess loan risk,2023-02-10 13:51:00.198000+00:00,2023-02-10 14:11:00.198000+00:00
24,Loan Officer-000002,Design loan offer,2023-02-10 14:11:00.198000+00:00,2023-02-10 14:11:02.808000+00:00
27,Loan Officer-000001,Assess loan risk,2023-02-10 14:06:11.525000+00:00,2023-02-10 14:26:11.525000+00:00
26,Senior Officer-000002,Approve loan offer,2023-02-10 14:10:13.620000+00:00,2023-02-10 14:30:13.620000+00:00
24,Senior Officer-000001,Approve loan offer,2023-02-10 14:11:02.808000+00:00,2023-02-10 14:31:02.808000+00:00
26,Clerk-000007,Cancel application,2023-02-10 14:30:13.620000+00:00,2023-02-10 14:35:13.620000+00:00
24,Clerk-000005,Approve application,2023-02-10 14:31:02.808000+00:00,2023-02-10 14:36:02.808000+00:00
27,Loan Officer-000003,Design loan offer,2023-02-10 14:26:11.525000+00:00,2023-02-10 14:39:44.835000+00:00
28,Appraiser-000001,Appraise property,2023-02-10 14:00:13.365000+00:00,2023-02-10 14:46:42.095000+00:00
28,Clerk-000004,Check credit history,2023-02-10 14:00:13.365000+00:00,2023-02-10 14:48:02.585000+00:00
29,Clerk-000006,Check application form completeness,2023-02-10 14:30:00+00:00,2023-02-10 14:51:02.526000+00:00
29,AML Investigator-000001,AML check,2023-02-10 14:51:02.526000+00:00,2023-02-10 14:57:28.989000+00:00
27,Senior Officer-000002,Approve loan offer,2023-02-10 14:39:44.835000+00:00,2023-02-10 14:59:44.835000+00:00
29,Clerk-000002,Check credit history,2023-02-10 14:51:02.526000+00:00,2023-02-13 07:01:23.530000+00:00
27,Clerk-000003,Cancel application,2023-02-10 14:59:44.835000+00:00,2023-02-13 07:04:44.835000+00:00
28,Loan Officer-000004,Assess loan risk,2023-02-10 14:48:02.585000+00:00,2023-02-13 07:08:02.585000+00:00
30,Clerk-000008,Check application form completeness,2023-02-10 15:00:00+00:00,2023-02-13 07:10:18.825000+00:00
29,Appraiser-000002,Appraise property,2023-02-10 14:51:02.526000+00:00,2023-02-13 07:15:05.575000+00:00
28,Clerk-000001,Reject application,2023-02-13 07:08:02.585000+00:00,2023-02-13 07:18:02.585000+00:00
30,Appraiser-000001,Appraise property,2023-02-13 07:10:18.825000+00:00,2023-02-13 07:18:03.817000+00:00
30,AML Investigator-000002,AML check,2023-02-13 07:10:18.825000+00:00,2023-02-13 07:24:58.642000+00:00
29,Loan Officer-000002,Assess loan risk,2023-02-13 07:15:05.575000+00:00,2023-02-13 07:35:05.575000+00:00
31,Clerk-000005,Check application form completeness,2023-02-13 07:30:00+00:00,2023-02-13 07:37:15.326000+00:00
31,AML Investigator-000001,AML check,2023-02-13 07:37:15.326000+00:00,2023-02-13 07:40:40.216000+00:00
29,Clerk-000004,Reject application,2023-02-13 07:35:05.575000+00:00,2023-02-13 07:45:05.575000+00:00
31,Appraiser-000002,Appraise property,2023-02-13 07:37:15.326000+00:00,2023-02-13 07:49:28.056000+00:00
31,Clerk-000006,Check credit history,2023-02-13 07:37:15.326000+00:00,2023-02-13 07:59:58.349000+00:00
31,Loan Officer-000001,Assess loan risk,2023-02-13 07:59:58.349000+00:00,2023-02-13 08:19:58.349000+00:00
30,Clerk-000007,Check credit history,2023-02-13 07:10:18.825000+00:00,2023-02-13 08:22:08.684000+00:00
32,Clerk-000002,Check application form completeness,2023-02-13 08:00:00+00:00,2023-02-13 08:28:19.211000+00:00
31,Clerk-000003,Reject application,2023-02-13 08:19:58.349000+00:00,2023-02-13 08:29:58.349000+00:00
32,AML Investigator-000002,AML check,2023-02-13 08:28:19.211000+00:00,2023-02-13 08:31:39.310000+00:00
32,Appraiser-000001,Appraise property,2023-02-13 08:28:19.211000+00:00,2023-02-13 08:32:46.378000+00:00
32,Clerk-000008,Check credit history,2023-02-13 08:28:19.211000+00:00,2023-02-13 08:38:22.887000+00:00
30,Loan Officer-000003,Assess loan risk,2023-02-13 08:22:08.684000+00:00,2023-02-13 08:42:08.684000+00:00
30,Loan Officer-000002,Design loan offer,2023-02-13 08:42:08.684000+00:00,2023-02-13 08:53:01.615000+00:00
32,Loan Officer-000004,Assess loan risk,2023-02-13 08:38:22.887000+00:00,2023-02-13 08:58:22.887000+00:00
32,Clerk-000005,Reject application,2023-02-13 08:58:22.887000+00:00,2023-02-13 09:08:22.887000+00:00
30,Senior Officer-000001,Approve loan offer,2023-02-13 08:53:01.615000+00:00,2023-02-13 09:13:01.615000+00:00
30,Clerk-000006,Cancel application,2023-02-13 09:13:01.615000+00:00,2023-02-13 09:18:01.615000+00:00
34,Clerk-000004,Check application form completeness,2023-02-13 09:00:00+00:00,2023-02-13 09:21:41.657000+00:00
34,Clerk-000007,Check credit history,2023-02-13 09:21:41.657000+00:00,2023-02-13 09:22:58.051000+00:00
34,AML Investigator-000001,AML check,2023-02-13 09:21:41.657000+00:00,2023-02-13 09:24:38.172000+00:00
34,Appraiser-000002,Appraise property,2023-02-13 09:21:41.657000+00:00,2023-02-13 09:25:18.185000+00:00
33,Clerk-000001,Check application form completeness,2023-02-13 08:30:00+00:00,2023-02-13 09:31:44.435000+00:00
33,Appraiser-000001,Appraise property,2023-02-13 09:31:44.435000+00:00,2023-02-13 09:35:46.589000+00:00
34,Loan Officer-000001,Assess loan risk,2023-02-13 09:25:18.185000+00:00,2023-02-13 09:45:18.185000+00:00
35,Clerk-000002,Check application form completeness,2023-02-13 09:30:00+00:00,2023-02-13 09:50:18.349000+00:00
34,Loan Officer-000003,Design loan offer,2023-02-13 09:45:18.185000+00:00,2023-02-13 10:01:01.383000+00:00
33,Clerk-000003,Check credit history,2023-02-13 09:31:44.435000+00:00,2023-02-13 10:09:50.015000+00:00
35,Clerk-000008,Check credit history,2023-02-13 09:50:18.349000+00:00,2023-02-13 10:11:14.660000+00:00
36,Clerk-000005,Check application form completeness,2023-02-13 10:00:00+00:00,2023-02-13 10:13:30.764000+00:00
34,Senior Officer-000002,Approve loan offer,2023-02-13 10:01:01.383000+00:00,2023-02-13 10:21:01.383000+00:00
36,Appraiser-000001,Appraise property,2023-02-13 10:13:30.764000+00:00,2023-02-13 10:22:35.619000+00:00
34,Clerk-000004,Cancel application,2023-02-13 10:21:01.383000+00:00,2023-02-13 10:26:01.383000+00:00
33,AML Investigator-000002,AML check,2023-02-13 09:31:44.435000+00:00,2023-02-13 10:31:16.459000+00:00
35,Appraiser-000002,Appraise property,2023-02-13 09:50:18.349000+00:00,2023-02-13 10:41:43.058000+00:00
36,AML Investigator-000002,AML check,2023-02-13 10:31:16.459000+00:00,2023-02-13 10:41:49.125000+00:00
36,Clerk-000006,Check credit history,2023-02-13 10:13:30.764000+00:00,2023-02-13 10:42:17.307000+00:00
33,Loan Officer-000002,Assess loan risk,2023-02-13 10:31:16.459000+00:00,2023-02-13 10:51:16.459000+00:00
33,Loan Officer-000001,Design loan offer,2023-02-13 10:51:16.459000+00:00,2023-02-13 10:57:36.222000+00:00
37,Clerk-000007,Check application form completeness,2023-02-13 10:30:00+00:00,2023-02-13 10:57:36.793000+00:00
37,Appraiser-000001,Appraise property,2023-02-13 10:57:36.793000+00:00,2023-02-13 10:58:16.009000+00:00
35,AML Investigator-000001,AML check,2023-02-13 09:50:18.349000+00:00,2023-02-13 11:01:30.319000+00:00
36,Loan Officer-000004,Assess loan risk,2023-02-13 10:42:17.307000+00:00,2023-02-13 11:02:17.307000+00:00
38,Clerk-000002,Check application form completeness,2023-02-13 11:00:00+00:00,2023-02-13 11:06:31.632000+00:00
38,Clerk-000008,Check credit history,2023-02-13 11:06:31.632000+00:00,2023-02-13 11:06:58.860000+00:00
38,Appraiser-000002,Appraise property,2023-02-13 11:06:31.632000+00:00,2023-02-13 11:10:51.215000+00:00
37,Clerk-000001,Check credit history,2023-02-13 10:57:36.793000+00:00,2023-02-13 11:11:05.761000+00:00
36,Clerk-000003,Reject application,2023-02-13 11:02:17.307000+00:00,2023-02-13 11:12:17.307000+00:00
33,Senior Officer-000001,Approve loan offer,2023-02-13 10:57:36.222000+00:00,2023-02-13 11:17:36.222000+00:00
35,Loan Officer-000003,Assess loan risk,2023-02-13 11:01:30.319000+00:00,2023-02-13 11:21:30.319000+00:00
33,Clerk-000005,Cancel application,2023-02-13 11:17:36.222000+00:00,2023-02-13 11:22:36.222000+00:00
35,Clerk-000004,Reject application,2023-02-13 11:21:30.319000+00:00,2023-02-13 11:31:30.319000+00:00
37,AML Investigator-000002,AML check,2023-02-13 10:57:36.793000+00:00,2023-02-13 11:32:35.946000+00:00
39,Clerk-000006,Check application form completeness,2023-02-13 11:30:00+00:00,2023-02-13 11:46:39.706000+00:00
37,Loan Officer-000002,Assess loan risk,2023-02-13 11:32:35.946000+00:00,2023-02-13 11:52:35.946000+00:00
40,Clerk-000008,Check application form completeness,2023-02-13 12:00:00+00:00,2023-02-13 12:00:35.459000+00:00
37,Clerk-000002,Reject application,2023-02-13 11:52:35.946000+00:00,2023-02-13 12:02:35.946000+00:00
39,Clerk-000007,Check credit history,2023-02-13 11:46:39.706000+00:00,2023-02-13 12:04:39.523000+00:00
39,AML Investigator-000002,AML check,2023-02-13 11:46:39.706000+00:00,2023-02-13 12:13:58.549000+00:00
40,AML Investigator-000002,AML check,2023-02-13 12:13:58.549000+00:00,2023-02-13 12:17:20.137000+00:00
40,Appraiser-000002,Appraise property,2023-02-13 12:00:35.459000+00:00,2023-02-13 12:26:29.314000+00:00
40,Clerk-000001,Check credit history,2023-02-13 12:00:35.459000+00:00,2023-02-13 12:33:35.147000+00:00
41,Clerk-000003,Check application form completeness,2023-02-13 12:30:00+00:00,2023-02-13 12:35:54.538000+00:00
41,Clerk-000005,Check credit history,2023-02-13 12:35:54.538000+00:00,2023-02-13 12:38:53.670000+00:00
38,AML Investigator-000001,AML check,2023-02-13 11:06:31.632000+00:00,2023-02-13 12:38:56.490000+00:00
41,Appraiser-000002,Appraise property,2023-02-13 12:35:54.538000+00:00,2023-02-13 12:41:23.222000+00:00
40,Loan Officer-000001,Assess loan risk,2023-02-13 12:33:35.147000+00:00,2023-02-13 12:53:35.147000+00:00
38,Loan Officer-000004,Assess loan risk,2023-02-13 12:38:56.490000+00:00,2023-02-13 12:58:56.490000+00:00
40,Clerk-000004,Reject application,2023-02-13 12:53:35.147000+00:00,2023-02-13 13:03:35.147000+00:00
39,Appraiser-000001,Appraise property,2023-02-13 11:46:39.706000+00:00,2023-02-13 13:04:31.029000+00:00
38,Clerk-000006,Reject application,2023-02-13 12:58:56.490000+00:00,2023-02-13 13:08:56.490000+00:00
39,Loan Officer-000003,Assess loan risk,2023-02-13 13:04:31.029000+00:00,2023-02-13 13:24:31.029000+00:00
39,Loan Officer-000002,Design loan offer,2023-02-13 13:24:31.029000+00:00,2023-02-13 13:28:14.421000+00:00
42,Clerk-000008,Check application form completeness,2023-02-13 13:00:00+00:00,2023-02-13 13:32:26.813000+00:00
42,Clerk-000007,Check credit history,2023-02-13 13:32:26.813000+00:00,2023-02-13 13:36:04.421000+00:00
41,AML Investigator-000002,AML check,2023-02-13 12:35:54.538000+00:00,2023-02-13 13:41:59.488000+00:00
42,AML Investigator-000001,AML check,2023-02-13 13:32:26.813000+00:00,2023-02-13 13:45:02.022000+00:00
39,Senior Officer-000002,Approve loan offer,2023-02-13 13:28:14.421000+00:00,2023-02-13 13:48:14.421000+00:00
39,Clerk-000001,Cancel application,2023-02-13 13:48:14.421000+00:00,2023-02-13 13:53:14.421000+00:00
42,Appraiser-000002,Appraise property,2023-02-13 13:32:26.813000+00:00,2023-02-13 13:58:50.415000+00:00
41,Loan Officer-000001,Assess loan risk,2023-02-13 13:41:59.488000+00:00,2023-02-13 14:01:59.488000+00:00
41,Loan Officer-000003,Design loan offer,2023-02-13 14:01:59.488000+00:00,2023-02-13 14:09:11.207000+00:00
43,Clerk-000002,Check application form completeness,2023-02-13 13:30:00+00:00,2023-02-13 14:13:55.255000+00:00
43,Clerk-000005,Check credit history,2023-02-13 14:13:55.255000+00:00,2023-02-13 14:15:47.811000+00:00
42,Loan Officer-000004,Assess loan risk,2023-02-13 13:58:50.415000+00:00,2023-02-13 14:18:50.415000+00:00
42,Loan Officer-000002,Design loan offer,2023-02-13 14:18:50.415000+00:00,2023-02-13 14:28:43.882000+00:00
41,Senior Officer-000001,Approve loan offer,2023-02-13 14:09:11.207000+00:00,2023-02-13 14:29:11.207000+00:00
41,Clerk-000004,Cancel application,2023-02-13 14:29:11.207000+00:00,2023-02-13 14:34:11.207000+00:00
44,Clerk-000003,Check application form completeness,2023-02-13 14:00:00+00:00,2023-02-13 14:34:36.782000+00:00
43,AML Investigator-000002,AML check,2023-02-13 14:13:55.255000+00:00,2023-02-13 14:35:27.663000+00:00
45,Clerk-000006,Check application form completeness,2023-02-13 14:30:00+00:00,2023-02-13 14:40:54.861000+00:00
44,AML Investigator-000001,AML check,2023-02-13 14:34:36.782000+00:00,2023-02-13 14:44:45.059000+00:00
45,Clerk-000007,Return application back to applicant,2023-02-13 14:40:54.861000+00:00,2023-02-13 14:45:54.861000+00:00
44,Clerk-000008,Check credit history,2023-02-13 14:34:36.782000+00:00,2023-02-13 14:48:23.115000+00:00
42,Senior Officer-000002,Approve loan offer,2023-02-13 14:28:43.882000+00:00,2023-02-13 14:48:43.882000+00:00
42,Clerk-000001,Cancel application,2023-02-13 14:48:43.882000+00:00,2023-02-13 14:53:43.882000+00:00
43,Appraiser-000001,Appraise property,2023-02-13 14:13:55.255000+00:00,2023-02-13 14:55:02.435000+00:00
44,Appraiser-000002,Appraise property,2023-02-13 14:34:36.782000+00:00,2023-02-14 07:02:13.803000+00:00
43,Loan Officer-000001,Assess loan risk,2023-02-13 14:55:02.435000+00:00,2023-02-14 07:15:02.435000+00:00
44,Loan Officer-000003,Assess loan risk,2023-02-14 07:02:13.803000+00:00,2023-02-14 07:22:13.803000+00:00
44,Loan Officer-000002,Design loan offer,2023-02-14 07:22:13.803000+00:00,2023-02-14 07:23:29.230000+00:00
43,Loan Officer-000004,Design loan offer,2023-02-14 07:15:02.435000+00:00,2023-02-14 07:39:13.426000+00:00
44,Senior Officer-000001,Approve loan offer,2023-02-14 07:23:29.230000+00:00,2023-02-14 07:43:29.230000+00:00
45,Applicant-000001,Applicant completes form,2023-02-13 14:45:54.861000+00:00,2023-02-14 07:45:54.861000+00:00
44,Clerk-000004,Approve application,2023-02-14 07:43:29.230000+00:00,2023-02-14 07:48:29.230000+00:00
45,Clerk-000003,Check application form completeness,2023-02-14 07:45:54.861000+00:00,2023-02-14 07:48:49.314000+00:00
46,Clerk-000002,Check application form completeness,2023-02-13 15:00:00+00:00,2023-02-14 07:52:57.955000+00:00
46,Clerk-000007,Return application back to applicant,2023-02-14 07:52:57.955000+00:00,2023-02-14 07:57:57.955000+00:00
43,Senior Officer-000002,Approve loan offer,2023-02-14 07:39:13.426000+00:00,2023-02-14 07:59:13.426000+00:00
45,Appraiser-000001,Appraise property,2023-02-14 07:48:49.314000+00:00,2023-02-14 08:00:23.166000+00:00
43,Clerk-000008,Approve application,2023-02-14 07:59:13.426000+00:00,2023-02-14 08:04:13.426000+00:00
48,Clerk-000001,Check application form completeness,2023-02-14 08:00:00+00:00,2023-02-14 08:14:03.635000+00:00
47,Clerk-000005,Check application form completeness,2023-02-14 07:30:00+00:00,2023-02-14 08:20:57.294000+00:00
47,Clerk-000003,Check credit history,2023-02-14 08:20:57.294000+00:00,2023-02-14 08:26:46.688000+00:00
48,Clerk-000004,Check credit history,2023-02-14 08:14:03.635000+00:00,2023-02-14 08:31:02.710000+00:00
47,Appraiser-000001,Appraise property,2023-02-14 08:20:57.294000+00:00,2023-02-14 08:42:52.854000+00:00
49,Clerk-000002,Check application form completeness,2023-02-14 08:30:00+00:00,2023-02-14 08:45:47.914000+00:00
49,Clerk-000007,Check credit history,2023-02-14 08:45:47.914000+00:00,2023-02-14 08:48:45.169000+00:00
48,AML Investigator-000001,AML check,2023-02-14 08:14:03.635000+00:00,2023-02-14 08:52:49.458000+00:00
45,Clerk-000006,Check credit history,2023-02-14 07:48:49.314000+00:00,2023-02-14 08:54:07.313000+00:00
46,Applicant-000001,Applicant completes form,2023-02-14 07:57:57.955000+00:00,2023-02-14 08:57:57.955000+00:00
48,Appraiser-000002,Appraise property,2023-02-14 08:14:03.635000+00:00,2023-02-14 09:02:40.579000+00:00
46,Clerk-000008,Check application form completeness,2023-02-14 08:57:57.955000+00:00,2023-02-14 09:10:12.097000+00:00
50,Clerk-000001,Check application form completeness,2023-02-14 09:00:00+00:00,2023-02-14 09:11:01.813000+00:00
47,AML Investigator-000001,AML check,2023-02-14 08:52:49.458000+00:00,2023-02-14 09:16:20.512000+00:00
46,Appraiser-000002,Appraise property,2023-02-14 09:10:12.097000+00:00,2023-02-14 09:16:43.139000+00:00
49,Appraiser-000001,Appraise property,2023-02-14 08:45:47.914000+00:00,2023-02-14 09:18:41.001000+00:00
48,Loan Officer-000001,Assess loan risk,2023-02-14 09:02:40.579000+00:00,2023-02-14 09:22:40.579000+00:00
50,Clerk-000003,Check credit history,2023-02-14 09:11:01.813000+00:00,2023-02-14 09:25:37.038000+00:00
46,AML Investigator-000001,AML check,2023-02-14 09:16:20.512000+00:00,2023-02-14 09:27:45.449000+00:00
46,Clerk-000005,Check credit history,2023-02-14 09:10:12.097000+00:00,2023-02-14 09:28:23.879000+00:00
51,Clerk-000002,Check application form completeness,2023-02-14 09:30:00+00:00,2023-02-14 09:30:53.906000+00:00
48,Clerk-000004,Reject application,2023-02-14 09:22:40.579000+00:00,2023-02-14 09:32:40.579000+00:00
50,Appraiser-000002,Appraise property,2023-02-14 09:16:43.139000+00:00,2023-02-14 09:34:16.901000+00:00
47,Loan Officer-000003,Assess loan risk,2023-02-14 09:16:20.512000+00:00,2023-02-14 09:36:20.512000+00:00
45,AML Investigator-000002,AML check,2023-02-14 07:48:49.314000+00:00,2023-02-14 09:37:06.932000+00:00
50,AML Investigator-000002,AML check,2023-02-14 09:37:06.932000+00:00,2023-02-14 09:37:55.671000+00:00
51,AML Investigator-000002,AML check,2023-02-14 09:37:55.671000+00:00,2023-02-14 09:38:46.375000+00:00
47,Loan Officer-000004,Design loan offer,2023-02-14 09:36:20.512000+00:00,2023-02-14 09:42:32.007000+00:00
49,AML Investigator-000001,AML check,2023-02-14 09:27:45.449000+00:00,2023-02-14 09:46:34.148000+00:00
46,Loan Officer-000002,Assess loan risk,2023-02-14 09:28:23.879000+00:00,2023-02-14 09:48:23.879000+00:00
51,Appraiser-000001,Appraise property,2023-02-14 09:30:53.906000+00:00,2023-02-14 09:50:17.850000+00:00
45,Loan Officer-000001,Assess loan risk,2023-02-14 09:37:06.932000+00:00,2023-02-14 09:57:06.932000+00:00
50,Loan Officer-000003,Assess loan risk,2023-02-14 09:37:55.671000+00:00,2023-02-14 09:57:55.671000+00:00
46,Clerk-000006,Reject application,2023-02-14 09:48:23.879000+00:00,2023-02-14 09:58:23.879000+00:00
50,Loan Officer-000002,Design loan offer,2023-02-14 09:57:55.671000+00:00,2023-02-14 10:01:14.898000+00:00
47,Senior Officer-000001,Approve loan offer,2023-02-14 09:42:32.007000+00:00,2023-02-14 10:02:32.007000+00:00
49,Loan Officer-000004,Assess loan risk,2023-02-14 09:46:34.148000+00:00,2023-02-14 10:06:34.148000+00:00
45,Clerk-000008,Reject application,2023-02-14 09:57:06.932000+00:00,2023-02-14 10:07:06.932000+00:00
51,Clerk-000007,Check credit history,2023-02-14 09:30:53.906000+00:00,2023-02-14 10:07:08.565000+00:00
47,Clerk-000003,Approve application,2023-02-14 10:02:32.007000+00:00,2023-02-14 10:07:32.007000+00:00
52,Clerk-000001,Check application form completeness,2023-02-14 10:00:00+00:00,2023-02-14 10:15:34.427000+00:00
49,Clerk-000005,Reject application,2023-02-14 10:06:34.148000+00:00,2023-02-14 10:16:34.148000+00:00
52,Clerk-000002,Check credit history,2023-02-14 10:15:34.427000+00:00,2023-02-14 10:17:01.607000+00:00
50,Senior Officer-000002,Approve loan offer,2023-02-14 10:01:14.898000+00:00,2023-02-14 10:21:14.898000+00:00
50,Clerk-000004,Cancel application,2023-02-14 10:21:14.898000+00:00,2023-02-14 10:26:14.898000+00:00
51,Loan Officer-000001,Assess loan risk,2023-02-14 10:07:08.565000+00:00,2023-02-14 10:27:08.565000+00:00
53,Clerk-000006,Check application form completeness,2023-02-14 10:30:00+00:00,2023-02-14 10:36:45.753000+00:00
51,Loan Officer-000003,Design loan offer,2023-02-14 10:27:08.565000+00:00,2023-02-14 10:47:15.767000+00:00
52,AML Investigator-000002,AML check,2023-02-14 10:15:34.427000+00:00,2023-02-14 10:48:16.432000+00:00
52,Appraiser-000002,Appraise property,2023-02-14 10:15:34.427000+00:00,2023-02-14 10:54:40.439000+00:00
53,AML Investigator-000001,AML check,2023-02-14 10:36:45.753000+00:00,2023-02-14 11:06:54.201000+00:00
51,Senior Officer-000001,Approve loan offer,2023-02-14 10:47:15.767000+00:00,2023-02-14 11:07:15.767000+00:00
51,Clerk-000003,Cancel application,2023-02-14 11:07:15.767000+00:00,2023-02-14 11:12:15.767000+00:00
52,Loan Officer-000002,Assess loan risk,2023-02-14 10:54:40.439000+00:00,2023-02-14 11:14:40.439000+00:00
52,Loan Officer-000004,Design loan offer,2023-02-14 11:14:40.439000+00:00,2023-02-14 11:16:06.682000+00:00
53,Clerk-000008,Check credit history,2023-02-14 10:36:45.753000+00:00,2023-02-14 11:22:54.073000+00:00
53,Appraiser-000001,Appraise property,2023-02-14 10:36:45.753000+00:00,2023-02-14 11:25:59.530000+00:00
52,Senior Officer-000002,Approve loan offer,2023-02-14 11:16:06.682000+00:00,2023-02-14 11:36:06.682000+00:00
54,Clerk-000007,Check application form completeness,2023-02-14 11:00:00+00:00,2023-02-14 11:39:38.747000+00:00
52,Clerk-000005,Cancel application,2023-02-14 11:36:06.682000+00:00,2023-02-14 11:41:06.682000+00:00
53,Loan Officer-000001,Assess loan risk,2023-02-14 11:25:59.530000+00:00,2023-02-14 11:45:59.530000+00:00
53,Loan Officer-000003,Design loan offer,2023-02-14 11:45:59.530000+00:00,2023-02-14 11:47:09.582000+00:00
54,Appraiser-000002,Appraise property,2023-02-14 11:39:38.747000+00:00,2023-02-14 11:48:47.975000+00:00
53,Senior Officer-000001,Approve loan offer,2023-02-14 11:47:09.582000+00:00,2023-02-14 12:07:09.582000+00:00
53,Clerk-000006,Approve application,2023-02-14 12:07:09.582000+00:00,2023-02-14 12:12:09.582000+00:00
54,Clerk-000002,Check credit history,2023-02-14 11:39:38.747000+00:00,2023-02-14 12:15:23.530000+00:00
56,Clerk-000004,Check application form completeness,2023-02-14 12:00:00+00:00,2023-02-14 12:26:29.386000+00:00
56,Clerk-000003,Check credit history,2023-02-14 12:26:29.386000+00:00,2023-02-14 12:30:37.099000+00:00
56,AML Investigator-000001,AML check,2023-02-14 12:26:29.386000+00:00,2023-02-14 12:33:56.581000+00:00
54,AML Investigator-000002,AML check,2023-02-14 11:39:38.747000+00:00,2023-02-14 12:35:57.694000+00:00
57,Clerk-000008,Check application form completeness,2023-02-14 12:30:00+00:00,2023-02-14 12:35:59.995000+00:00
57,Appraiser-000002,Appraise property,2023-02-14 12:35:59.995000+00:00,2023-02-14 12:43:29.853000+00:00
57,Clerk-000007,Check credit history,2023-02-14 12:35:59.995000+00:00,2023-02-14 12:43:51.998000+00:00
56,Appraiser-000001,Appraise property,2023-02-14 12:26:29.386000+00:00,2023-02-14 12:45:52.639000+00:00
54,Loan Officer-000002,Assess loan risk,2023-02-14 12:35:57.694000+00:00,2023-02-14 12:55:57.694000+00:00
57,AML Investigator-000001,AML check,2023-02-14 12:35:59.995000+00:00,2023-02-14 13:02:24.930000+00:00
56,Loan Officer-000004,Assess loan risk,2023-02-14 12:45:52.639000+00:00,2023-02-14 13:05:52.639000+00:00
54,Clerk-000005,Reject application,2023-02-14 12:55:57.694000+00:00,2023-02-14 13:05:57.694000+00:00
56,Loan Officer-000003,Design loan offer,2023-02-14 13:05:52.639000+00:00,2023-02-14 13:10:14.249000+00:00
58,Clerk-000006,Check application form completeness,2023-02-14 13:00:00+00:00,2023-02-14 13:15:39.977000+00:00
55,Clerk-000001,Check application form completeness,2023-02-14 11:30:00+00:00,2023-02-14 13:19:04.015000+00:00
57,Loan Officer-000001,Assess loan risk,2023-02-14 13:02:24.930000+00:00,2023-02-14 13:22:24.930000+00:00
55,AML Investigator-000001,AML check,2023-02-14 13:19:04.015000+00:00,2023-02-14 13:23:25.480000+00:00
55,Appraiser-000001,Appraise property,2023-02-14 13:19:04.015000+00:00,2023-02-14 13:23:28.776000+00:00
57,Loan Officer-000002,Design loan offer,2023-02-14 13:22:24.930000+00:00,2023-02-14 13:27:44.066000+00:00
56,Senior Officer-000002,Approve loan offer,2023-02-14 13:10:14.249000+00:00,2023-02-14 13:30:14.249000+00:00
55,Clerk-000004,Check credit history,2023-02-14 13:19:04.015000+00:00,2023-02-14 13:31:19.768000+00:00
56,Clerk-000008,Cancel application,2023-02-14 13:30:14.249000+00:00,2023-02-14 13:35:14.249000+00:00
57,Senior Officer-000001,Approve loan offer,2023-02-14 13:27:44.066000+00:00,2023-02-14 13:47:44.066000+00:00
55,Loan Officer-000004,Assess loan risk,2023-02-14 13:31:19.768000+00:00,2023-02-14 13:51:19.768000+00:00
57,Clerk-000007,Cancel application,2023-02-14 13:47:44.066000+00:00,2023-02-14 13:52:44.066000+00:00
60,Clerk-000005,Check application form completeness,2023-02-14 14:00:00+00:00,2023-02-14 14:01:19.822000+00:00
58,Appraiser-000002,Appraise property,2023-02-14 13:15:39.977000+00:00,2023-02-14 14:04:19.176000+00:00
60,AML Investigator-000001,AML check,2023-02-14 14:01:19.822000+00:00,2023-02-14 14:07:10.821000+00:00
58,AML Investigator-000002,AML check,2023-02-14 13:15:39.977000+00:00,2023-02-14 14:09:44.429000+00:00
55,Loan Officer-000003,Design loan offer,2023-02-14 13:51:19.768000+00:00,2023-02-14 14:28:18.446000+00:00
58,Clerk-000002,Check credit history,2023-02-14 13:15:39.977000+00:00,2023-02-14 14:34:37.701000+00:00
60,Appraiser-000001,Appraise property,2023-02-14 14:01:19.822000+00:00,2023-02-14 14:36:39.572000+00:00
59,Clerk-000003,Check application form completeness,2023-02-14 13:30:00+00:00,2023-02-14 14:38:37.285000+00:00
59,Clerk-000004,Return application back to applicant,2023-02-14 14:38:37.285000+00:00,2023-02-14 14:43:37.285000+00:00
55,Senior Officer-000002,Approve loan offer,2023-02-14 14:28:18.446000+00:00,2023-02-14 14:48:18.446000+00:00
55,Clerk-000008,Approve application,2023-02-14 14:48:18.446000+00:00,2023-02-14 14:53:18.446000+00:00
58,Loan Officer-000001,Assess loan risk,2023-02-14 14:34:37.701000+00:00,2023-02-14 14:54:37.701000+00:00
58,Loan Officer-000002,Design loan offer,2023-02-14 14:54:37.701000+00:00,2023-02-14 14:58:53.761000+00:00
60,Clerk-000006,Check credit history,2023-02-14 14:01:19.822000+00:00,2023-02-15 07:08:06.623000+00:00
58,Senior Officer-000001,Approve loan offer,2023-02-14 14:58:53.761000+00:00,2023-02-15 07:18:53.761000+00:00
62,Clerk-000007,Check application form completeness,2023-02-14 15:00:00+00:00,2023-02-15 07:22:17.865000+00:00
58,Clerk-000005,Approve application,2023-02-15 07:18:53.761000+00:00,2023-02-15 07:23:53.761000+00:00
61,Clerk-000001,Check application form completeness,2023-02-14 14:30:00+00:00,2023-02-15 07:25:41.343000+00:00
62,Clerk-000002,Return application back to applicant,2023-02-15 07:22:17.865000+00:00,2023-02-15 07:27:17.865000+00:00
60,Loan Officer-000004,Assess loan risk,2023-02-15 07:08:06.623000+00:00,2023-02-15 07:28:06.623000+00:00
61,AML Investigator-000001,AML check,2023-02-15 07:25:41.343000+00:00,2023-02-15 07:30:08.594000+00:00
61,Clerk-000003,Check credit history,2023-02-15 07:25:41.343000+00:00,2023-02-15 07:35:41.622000+00:00
63,Clerk-000004,Check application form completeness,2023-02-15 07:30:00+00:00,2023-02-15 07:38:42.418000+00:00
60,Loan Officer-000003,Design loan offer,2023-02-15 07:28:06.623000+00:00,2023-02-15 07:41:20.389000+00:00
59,Applicant-000001,Applicant completes form,2023-02-14 14:43:37.285000+00:00,2023-02-15 07:43:37.285000+00:00
61,Appraiser-000002,Appraise property,2023-02-15 07:25:41.343000+00:00,2023-02-15 07:52:42.449000+00:00
63,Clerk-000008,Check credit history,2023-02-15 07:38:42.418000+00:00,2023-02-15 07:55:58.730000+00:00
60,Senior Officer-000002,Approve loan offer,2023-02-15 07:41:20.389000+00:00,2023-02-15 08:01:20.389000+00:00
59,Clerk-000006,Check application form completeness,2023-02-15 07:43:37.285000+00:00,2023-02-15 08:02:10.430000+00:00
60,Clerk-000005,Approve application,2023-02-15 08:01:20.389000+00:00,2023-02-15 08:06:20.389000+00:00
63,Appraiser-000001,Appraise property,2023-02-15 07:38:42.418000+00:00,2023-02-15 08:08:17.085000+00:00
64,Clerk-000007,Check application form completeness,2023-02-15 08:00:00+00:00,2023-02-15 08:09:29.268000+00:00
64,Appraiser-000001,Appraise property,2023-02-15 08:09:29.268000+00:00,2023-02-15 08:11:12.871000+00:00
61,Loan Officer-000001,Assess loan risk,2023-02-15 07:52:42.449000+00:00,2023-02-15 08:12:42.449000+00:00
59,Appraiser-000002,Appraise property,2023-02-15 08:02:10.430000+00:00,2023-02-15 08:12:49.013000+00:00
61,Loan Officer-000002,Design loan offer,2023-02-15 08:12:42.449000+00:00,2023-02-15 08:14:29.250000+00:00
64,Clerk-000002,Check credit history,2023-02-15 08:09:29.268000+00:00,2023-02-15 08:32:11.133000+00:00
61,Senior Officer-000001,Approve loan offer,2023-02-15 08:14:29.250000+00:00,2023-02-15 08:34:29.250000+00:00
59,AML Investigator-000001,AML check,2023-02-15 08:02:10.430000+00:00,2023-02-15 08:34:47.232000+00:00
64,AML Investigator-000001,AML check,2023-02-15 08:34:47.232000+00:00,2023-02-15 08:35:17.883000+00:00
61,Clerk-000004,Cancel application,2023-02-15 08:34:29.250000+00:00,2023-02-15 08:39:29.250000+00:00
65,Clerk-000003,Check application form completeness,2023-02-15 08:30:00+00:00,2023-02-15 08:40:36.834000+00:00
62,Applicant-000001,Applicant completes form,2023-02-15 07:43:37.285000+00:00,2023-02-15 08:43:37.285000+00:00
65,Appraiser-000001,Appraise property,2023-02-15 08:40:36.834000+00:00,2023-02-15 08:43:44.483000+00:00
62,Clerk-000006,Check application form completeness,2023-02-15 08:43:37.285000+00:00,2023-02-15 08:44:01.203000+00:00
63,AML Investigator-000002,AML check,2023-02-15 07:38:42.418000+00:00,2023-02-15 08:55:07.344000+00:00
64,Loan Officer-000004,Assess loan risk,2023-02-15 08:35:17.883000+00:00,2023-02-15 08:55:17.883000+00:00
65,Clerk-000008,Check credit history,2023-02-15 08:40:36.834000+00:00,2023-02-15 08:57:02.775000+00:00
62,Clerk-000005,Check credit history,2023-02-15 08:44:01.203000+00:00,2023-02-15 08:57:51.330000+00:00
64,Clerk-000007,Reject application,2023-02-15 08:55:17.883000+00:00,2023-02-15 09:05:17.883000+00:00
59,Clerk-000001,Check credit history,2023-02-15 08:02:10.430000+00:00,2023-02-15 09:10:44.030000+00:00
62,AML Investigator-000002,AML check,2023-02-15 08:55:07.344000+00:00,2023-02-15 09:12:07.396000+00:00
62,Appraiser-000002,Appraise property,2023-02-15 08:44:01.203000+00:00,2023-02-15 09:13:21.323000+00:00
66,Clerk-000002,Check application form completeness,2023-02-15 09:00:00+00:00,2023-02-15 09:13:47.527000+00:00
63,Loan Officer-000003,Assess loan risk,2023-02-15 08:55:07.344000+00:00,2023-02-15 09:15:07.344000+00:00
66,Appraiser-000001,Appraise property,2023-02-15 09:13:47.527000+00:00,2023-02-15 09:15:25.624000+00:00
63,Clerk-000003,Reject application,2023-02-15 09:15:07.344000+00:00,2023-02-15 09:25:07.344000+00:00
59,Loan Officer-000001,Assess loan risk,2023-02-15 09:10:44.030000+00:00,2023-02-15 09:30:44.030000+00:00
59,Loan Officer-000004,Design loan offer,2023-02-15 09:30:44.030000+00:00,2023-02-15 09:32:02.920000+00:00
62,Loan Officer-000002,Assess loan risk,2023-02-15 09:13:21.323000+00:00,2023-02-15 09:33:21.323000+00:00
66,AML Investigator-000002,AML check,2023-02-15 09:13:47.527000+00:00,2023-02-15 09:42:20.173000+00:00
62,Clerk-000008,Reject application,2023-02-15 09:33:21.323000+00:00,2023-02-15 09:43:21.323000+00:00
59,Senior Officer-000002,Approve loan offer,2023-02-15 09:32:02.920000+00:00,2023-02-15 09:52:02.920000+00:00
59,Clerk-000005,Approve application,2023-02-15 09:52:02.920000+00:00,2023-02-15 09:57:02.920000+00:00
67,Clerk-000006,Check application form completeness,2023-02-15 09:30:00+00:00,2023-02-15 10:09:16.856000+00:00
67,AML Investigator-000002,AML check,2023-02-15 10:09:16.856000+00:00,2023-02-15 10:18:38.981000+00:00
68,Clerk-000007,Check application form completeness,2023-02-15 10:00:00+00:00,2023-02-15 10:23:59.843000+00:00
68,Appraiser-000001,Appraise property,2023-02-15 10:23:59.843000+00:00,2023-02-15 10:24:43.757000+00:00
68,Clerk-000002,Check credit history,2023-02-15 10:23:59.843000+00:00,2023-02-15 10:26:00.664000+00:00
65,AML Investigator-000001,AML check,2023-02-15 08:40:36.834000+00:00,2023-02-15 10:38:03.617000+00:00
69,Clerk-000003,Check application form completeness,2023-02-15 10:30:00+00:00,2023-02-15 10:42:20.532000+00:00
69,Appraiser-000001,Appraise property,2023-02-15 10:42:20.532000+00:00,2023-02-15 10:51:35.409000+00:00
65,Loan Officer-000003,Assess loan risk,2023-02-15 10:38:03.617000+00:00,2023-02-15 10:58:03.617000+00:00
67,Appraiser-000002,Appraise property,2023-02-15 10:09:16.856000+00:00,2023-02-15 10:58:29.121000+00:00
66,Clerk-000004,Check credit history,2023-02-15 09:13:47.527000+00:00,2023-02-15 10:59:19.544000+00:00
69,Clerk-000008,Check credit history,2023-02-15 10:42:20.532000+00:00,2023-02-15 11:06:08.633000+00:00
67,Clerk-000001,Check credit history,2023-02-15 10:09:16.856000+00:00,2023-02-15 11:09:52.597000+00:00
65,Loan Officer-000001,Design loan offer,2023-02-15 10:58:03.617000+00:00,2023-02-15 11:14:19.146000+00:00
70,Clerk-000005,Check application form completeness,2023-02-15 11:00:00+00:00,2023-02-15 11:16:22.772000+00:00
66,Loan Officer-000004,Assess loan risk,2023-02-15 10:59:19.544000+00:00,2023-02-15 11:19:19.544000+00:00
70,Clerk-000006,Return application back to applicant,2023-02-15 11:16:22.772000+00:00,2023-02-15 11:21:22.772000+00:00
66,Loan Officer-000003,Design loan offer,2023-02-15 11:19:19.544000+00:00,2023-02-15 11:29:38.448000+00:00
67,Loan Officer-000002,Assess loan risk,2023-02-15 11:09:52.597000+00:00,2023-02-15 11:29:52.597000+00:00
68,AML Investigator-000002,AML check,2023-02-15 10:23:59.843000+00:00,2023-02-15 11:31:09.590000+00:00
65,Senior Officer-000001,Approve loan offer,2023-02-15 11:14:19.146000+00:00,2023-02-15 11:34:19.146000+00:00
67,Loan Officer-000001,Design loan offer,2023-02-15 11:29:52.597000+00:00,2023-02-15 11:36:36.794000+00:00
65,Clerk-000002,Approve application,2023-02-15 11:34:19.146000+00:00,2023-02-15 11:39:19.146000+00:00
71,Clerk-000007,Check application form completeness,2023-02-15 11:30:00+00:00,2023-02-15 11:46:16.392000+00:00
71,AML Investigator-000002,AML check,2023-02-15 11:46:16.392000+00:00,2023-02-15 11:46:42.568000+00:00
66,Senior Officer-000002,Approve loan offer,2023-02-15 11:29:38.448000+00:00,2023-02-15 11:49:38.448000+00:00
68,Loan Officer-000004,Assess loan risk,2023-02-15 11:31:09.590000+00:00,2023-02-15 11:51:09.590000+00:00
66,Clerk-000004,Approve application,2023-02-15 11:49:38.448000+00:00,2023-02-15 11:54:38.448000+00:00
71,Appraiser-000001,Appraise property,2023-02-15 11:46:16.392000+00:00,2023-02-15 11:56:31.137000+00:00
67,Senior Officer-000001,Approve loan offer,2023-02-15 11:36:36.794000+00:00,2023-02-15 11:56:36.794000+00:00
71,Clerk-000003,Check credit history,2023-02-15 11:46:16.392000+00:00,2023-02-15 12:00:27.520000+00:00
67,Clerk-000008,Approve application,2023-02-15 11:56:36.794000+00:00,2023-02-15 12:01:36.794000+00:00
68,Loan Officer-000003,Design loan offer,2023-02-15 11:51:09.590000+00:00,2023-02-15 12:05:06.866000+00:00
69,AML Investigator-000001,AML check,2023-02-15 10:42:20.532000+00:00,2023-02-15 12:08:38.863000+00:00
72,Clerk-000001,Check application form completeness,2023-02-15 12:00:00+00:00,2023-02-15 12:15:17.304000+00:00
72,Clerk-000005,Check credit history,2023-02-15 12:15:17.304000+00:00,2023-02-15 12:18:42.700000+00:00
71,Loan Officer-000002,Assess loan risk,2023-02-15 12:00:27.520000+00:00,2023-02-15 12:20:27.520000+00:00
70,Applicant-000001,Applicant completes form,2023-02-15 11:21:22.772000+00:00,2023-02-15 12:21:22.772000+00:00
72,Appraiser-000002,Appraise property,2023-02-15 12:15:17.304000+00:00,2023-02-15 12:21:33.079000+00:00
70,Clerk-000002,Check application form completeness,2023-02-15 12:21:22.772000+00:00,2023-02-15 12:24:13.524000+00:00
68,Senior Officer-000002,Approve loan offer,2023-02-15 12:05:06.866000+00:00,2023-02-15 12:25:06.866000+00:00
69,Loan Officer-000001,Assess loan risk,2023-02-15 12:08:38.863000+00:00,2023-02-15 12:28:38.863000+00:00
70,Clerk-000007,Check credit history,2023-02-15 12:24:13.524000+00:00,2023-02-15 12:30:05.228000+00:00
68,Clerk-000004,Approve application,2023-02-15 12:25:06.866000+00:00,2023-02-15 12:30:06.866000+00:00
71,Clerk-000006,Reject application,2023-02-15 12:20:27.520000+00:00,2023-02-15 12:30:27.520000+00:00
73,Clerk-000008,Check application form completeness,2023-02-15 12:30:00+00:00,2023-02-15 12:36:02.881000+00:00
69,Clerk-000003,Reject application,2023-02-15 12:28:38.863000+00:00,2023-02-15 12:38:38.863000+00:00
70,AML Investigator-000001,AML check,2023-02-15 12:24:13.524000+00:00,2023-02-15 12:51:16.832000+00:00
70,Appraiser-000001,Appraise property,2023-02-15 12:24:13.524000+00:00,2023-02-15 12:52:49.704000+00:00
72,AML Investigator-000002,AML check,2023-02-15 12:15:17.304000+00:00,2023-02-15 12:57:08.223000+00:00
73,AML Investigator-000001,AML check,2023-02-15 12:51:16.832000+00:00,2023-02-15 12:59:34.775000+00:00
74,Clerk-000005,Check application form completeness,2023-02-15 13:00:00+00:00,2023-02-15 13:07:08.053000+00:00
73,Appraiser-000002,Appraise property,2023-02-15 12:36:02.881000+00:00,2023-02-15 13:09:01.027000+00:00
70,Loan Officer-000004,Assess loan risk,2023-02-15 12:52:49.704000+00:00,2023-02-15 13:12:49.704000+00:00
73,Clerk-000001,Check credit history,2023-02-15 12:36:02.881000+00:00,2023-02-15 13:13:21.724000+00:00
72,Loan Officer-000003,Assess loan risk,2023-02-15 12:57:08.223000+00:00,2023-02-15 13:17:08.223000+00:00
72,Loan Officer-000001,Design loan offer,2023-02-15 13:17:08.223000+00:00,2023-02-15 13:19:47.324000+00:00
70,Clerk-000007,Reject application,2023-02-15 13:12:49.704000+00:00,2023-02-15 13:22:49.704000+00:00
74,Appraiser-000001,Appraise property,2023-02-15 13:07:08.053000+00:00,2023-02-15 13:25:18.089000+00:00
74,Clerk-000002,Check credit history,2023-02-15 13:07:08.053000+00:00,2023-02-15 13:31:24.101000+00:00
73,Loan Officer-000002,Assess loan risk,2023-02-15 13:13:21.724000+00:00,2023-02-15 13:33:21.724000+00:00
72,Senior Officer-000001,Approve loan offer,2023-02-15 13:19:47.324000+00:00,2023-02-15 13:39:47.324000+00:00
73,Clerk-000006,Reject application,2023-02-15 13:33:21.724000+00:00,2023-02-15 13:43:21.724000+00:00
72,Clerk-000008,Cancel application,2023-02-15 13:39:47.324000+00:00,2023-02-15 13:44:47.324000+00:00
74,AML Investigator-000002,AML check,2023-02-15 13:07:08.053000+00:00,2023-02-15 13:54:07.694000+00:00
74,Loan Officer-000004,Assess loan risk,2023-02-15 13:54:07.694000+00:00,2023-02-15 14:14:07.694000+00:00
76,Clerk-000003,Check application form completeness,2023-02-15 14:00:00+00:00,2023-02-15 14:17:25.900000+00:00
76,Clerk-000001,Check credit history,2023-02-15 14:17:25.900000+00:00,2023-02-15 14:18:33.623000+00:00
74,Clerk-000005,Reject application,2023-02-15 14:14:07.694000+00:00,2023-02-15 14:24:07.694000+00:00
75,Clerk-000004,Check application form completeness,2023-02-15 13:30:00+00:00,2023-02-15 14:25:48.139000+00:00
75,AML Investigator-000002,AML check,2023-02-15 14:25:48.139000+00:00,2023-02-15 14:27:51.083000+00:00
75,Appraiser-000001,Appraise property,2023-02-15 14:25:48.139000+00:00,2023-02-15 14:32:59.085000+00:00
77,Clerk-000002,Check application form completeness,2023-02-15 14:30:00+00:00,2023-02-15 14:34:58.205000+00:00
77,AML Investigator-000002,AML check,2023-02-15 14:34:58.205000+00:00,2023-02-15 14:35:53.848000+00:00
75,Clerk-000007,Check credit history,2023-02-15 14:25:48.139000+00:00,2023-02-15 14:41:29.807000+00:00
76,Appraiser-000002,Appraise property,2023-02-15 14:17:25.900000+00:00,2023-02-15 14:46:18.455000+00:00
77,Clerk-000006,Check credit history,2023-02-15 14:34:58.205000+00:00,2023-02-15 14:48:37.506000+00:00
77,Appraiser-000001,Appraise property,2023-02-15 14:34:58.205000+00:00,2023-02-15 14:58:09.632000+00:00
75,Loan Officer-000003,Assess loan risk,2023-02-15 14:41:29.807000+00:00,2023-02-16 07:01:29.807000+00:00
76,AML Investigator-000001,AML check,2023-02-15 14:17:25.900000+00:00,2023-02-16 07:08:48.603000+00:00
75,Clerk-000003,Reject application,2023-02-16 07:01:29.807000+00:00,2023-02-16 07:11:29.807000+00:00
78,Clerk-000008,Check application form completeness,2023-02-15 15:00:00+00:00,2023-02-16 07:12:58.082000+00:00
78,AML Investigator-000002,AML check,2023-02-16 07:12:58.082000+00:00,2023-02-16 07:14:32.504000+00:00
77,Loan Officer-000001,Assess loan risk,2023-02-15 14:58:09.632000+00:00,2023-02-16 07:18:09.632000+00:00
77,Clerk-000005,Reject application,2023-02-16 07:18:09.632000+00:00,2023-02-16 07:28:09.632000+00:00
76,Loan Officer-000002,Assess loan risk,2023-02-16 07:08:48.603000+00:00,2023-02-16 07:28:48.603000+00:00
76,Loan Officer-000004,Design loan offer,2023-02-16 07:28:48.603000+00:00,2023-02-16 07:31:00.742000+00:00
79,Clerk-000004,Check application form completeness,2023-02-16 07:30:00+00:00,2023-02-16 07:35:51.401000+00:00
79,Clerk-000002,Return application back to applicant,2023-02-16 07:35:51.401000+00:00,2023-02-16 07:40:51.401000+00:00
76,Senior Officer-000002,Approve loan offer,2023-02-16 07:31:00.742000+00:00,2023-02-16 07:51:00.742000+00:00
76,Clerk-000007,Cancel application,2023-02-16 07:51:00.742000+00:00,2023-02-16 07:56:00.742000+00:00
78,Clerk-000001,Check credit history,2023-02-16 07:12:58.082000+00:00,2023-02-16 08:00:20.121000+00:00
80,Clerk-000006,Check application form completeness,2023-02-16 08:00:00+00:00,2023-02-16 08:04:12.110000+00:00
80,Clerk-000003,Return application back to applicant,2023-02-16 08:04:12.110000+00:00,2023-02-16 08:09:12.110000+00:00
78,Appraiser-000002,Appraise property,2023-02-16 07:12:58.082000+00:00,2023-02-16 08:16:23.448000+00:00
78,Loan Officer-000003,Assess loan risk,2023-02-16 08:16:23.448000+00:00,2023-02-16 08:36:23.448000+00:00
81,Clerk-000008,Check application form completeness,2023-02-16 08:30:00+00:00,2023-02-16 08:36:49.217000+00:00
79,Applicant-000001,Applicant completes form,2023-02-16 07:40:51.401000+00:00,2023-02-16 08:40:51.401000+00:00
81,Clerk-000004,Return application back to applicant,2023-02-16 08:36:49.217000+00:00,2023-02-16 08:41:49.217000+00:00
79,Clerk-000002,Check application form completeness,2023-02-16 08:40:51.401000+00:00,2023-02-16 08:45:27.334000+00:00
78,Clerk-000005,Reject application,2023-02-16 08:36:23.448000+00:00,2023-02-16 08:46:23.448000+00:00
79,Clerk-000007,Return application back to applicant,2023-02-16 08:45:27.334000+00:00,2023-02-16 08:50:27.334000+00:00
82,Clerk-000001,Check application form completeness,2023-02-16 09:00:00+00:00,2023-02-16 09:02:04.226000+00:00
82,Appraiser-000001,Appraise property,2023-02-16 09:02:04.226000+00:00,2023-02-16 09:09:07.440000+00:00
82,AML Investigator-000001,AML check,2023-02-16 09:02:04.226000+00:00,2023-02-16 09:22:31.494000+00:00
80,Applicant-000001,Applicant completes form,2023-02-16 08:40:51.401000+00:00,2023-02-16 09:40:51.401000+00:00
80,Clerk-000008,Check application form completeness,2023-02-16 09:40:51.401000+00:00,2023-02-16 09:45:12.924000+00:00
80,Clerk-000004,Check credit history,2023-02-16 09:45:12.924000+00:00,2023-02-16 09:48:27.315000+00:00
83,Clerk-000003,Check application form completeness,2023-02-16 09:30:00+00:00,2023-02-16 09:59:30.185000+00:00
82,Clerk-000006,Check credit history,2023-02-16 09:02:04.226000+00:00,2023-02-16 10:01:57.161000+00:00
80,Appraiser-000002,Appraise property,2023-02-16 09:45:12.924000+00:00,2023-02-16 10:11:51.242000+00:00
83,AML Investigator-000001,AML check,2023-02-16 09:59:30.185000+00:00,2023-02-16 10:12:42.478000+00:00
80,AML Investigator-000002,AML check,2023-02-16 09:45:12.924000+00:00,2023-02-16 10:18:38.379000+00:00
83,Appraiser-000001,Appraise property,2023-02-16 09:59:30.185000+00:00,2023-02-16 10:21:49.386000+00:00
82,Loan Officer-000001,Assess loan risk,2023-02-16 10:01:57.161000+00:00,2023-02-16 10:21:57.161000+00:00
84,Clerk-000005,Check application form completeness,2023-02-16 10:00:00+00:00,2023-02-16 10:27:49.604000+00:00
82,Clerk-000007,Reject application,2023-02-16 10:21:57.161000+00:00,2023-02-16 10:31:57.161000+00:00
84,AML Investigator-000001,AML check,2023-02-16 10:27:49.604000+00:00,2023-02-16 10:34:43.685000+00:00
84,Clerk-000001,Check credit history,2023-02-16 10:27:49.604000+00:00,2023-02-16 10:36:45.448000+00:00
80,Loan Officer-000002,Assess loan risk,2023-02-16 10:18:38.379000+00:00,2023-02-16 10:38:38.379000+00:00
80,Loan Officer-000004,Design loan offer,2023-02-16 10:38:38.379000+00:00,2023-02-16 10:39:22.529000+00:00
85,Clerk-000008,Check application form completeness,2023-02-16 10:30:00+00:00,2023-02-16 10:40:04.510000+00:00
79,Applicant-000001,Applicant completes form,2023-02-16 09:40:51.401000+00:00,2023-02-16 10:40:51.401000+00:00
84,Appraiser-000002,Appraise property,2023-02-16 10:27:49.604000+00:00,2023-02-16 10:42:45.087000+00:00
85,Appraiser-000001,Appraise property,2023-02-16 10:40:04.510000+00:00,2023-02-16 10:55:11.168000+00:00
85,AML Investigator-000002,AML check,2023-02-16 10:40:04.510000+00:00,2023-02-16 10:57:37.766000+00:00
80,Senior Officer-000001,Approve loan offer,2023-02-16 10:39:22.529000+00:00,2023-02-16 10:59:22.529000+00:00
84,Loan Officer-000003,Assess loan risk,2023-02-16 10:42:45.087000+00:00,2023-02-16 11:02:45.087000+00:00
80,Clerk-000006,Cancel application,2023-02-16 10:59:22.529000+00:00,2023-02-16 11:04:22.529000+00:00
85,Clerk-000004,Check credit history,2023-02-16 10:40:04.510000+00:00,2023-02-16 11:06:58.947000+00:00
83,Clerk-000002,Check credit history,2023-02-16 09:59:30.185000+00:00,2023-02-16 11:12:43.280000+00:00
84,Loan Officer-000001,Design loan offer,2023-02-16 11:02:45.087000+00:00,2023-02-16 11:15:00.241000+00:00
86,Clerk-000005,Check application form completeness,2023-02-16 11:00:00+00:00,2023-02-16 11:18:35.643000+00:00
86,Clerk-000007,Check credit history,2023-02-16 11:18:35.643000+00:00,2023-02-16 11:20:19.569000+00:00
86,Appraiser-000002,Appraise property,2023-02-16 11:18:35.643000+00:00,2023-02-16 11:20:42.743000+00:00
85,Loan Officer-000002,Assess loan risk,2023-02-16 11:06:58.947000+00:00,2023-02-16 11:26:58.947000+00:00
83,Loan Officer-000004,Assess loan risk,2023-02-16 11:12:43.280000+00:00,2023-02-16 11:32:43.280000+00:00
84,Senior Officer-000002,Approve loan offer,2023-02-16 11:15:00.241000+00:00,2023-02-16 11:35:00.241000+00:00
79,Clerk-000003,Check application form completeness,2023-02-16 10:40:51.401000+00:00,2023-02-16 11:35:44.938000+00:00
79,Appraiser-000001,Appraise property,2023-02-16 11:35:44.938000+00:00,2023-02-16 11:36:18.769000+00:00
85,Clerk-000001,Reject application,2023-02-16 11:26:58.947000+00:00,2023-02-16 11:36:58.947000+00:00
87,Clerk-000008,Check application form completeness,2023-02-16 11:30:00+00:00,2023-02-16 11:39:06.013000+00:00
79,Clerk-000002,Check credit history,2023-02-16 11:35:44.938000+00:00,2023-02-16 11:39:33.888000+00:00
84,Clerk-000004,Approve application,2023-02-16 11:35:00.241000+00:00,2023-02-16 11:40:00.241000+00:00
81,Applicant-000001,Applicant completes form,2023-02-16 10:40:51.401000+00:00,2023-02-16 11:40:51.401000+00:00
81,Clerk-000007,Check application form completeness,2023-02-16 11:40:51.401000+00:00,2023-02-16 11:42:41.596000+00:00
83,Clerk-000006,Reject application,2023-02-16 11:32:43.280000+00:00,2023-02-16 11:42:43.280000+00:00
87,Appraiser-000002,Appraise property,2023-02-16 11:39:06.013000+00:00,2023-02-16 11:43:08.401000+00:00
81,Appraiser-000001,Appraise property,2023-02-16 11:42:41.596000+00:00,2023-02-16 11:51:34.951000+00:00
87,Clerk-000005,Check credit history,2023-02-16 11:39:06.013000+00:00,2023-02-16 11:56:22.202000+00:00
88,Clerk-000001,Check application form completeness,2023-02-16 12:00:00+00:00,2023-02-16 12:11:02.123000+00:00
88,Clerk-000008,Return application back to applicant,2023-02-16 12:11:02.123000+00:00,2023-02-16 12:16:02.123000+00:00
81,Clerk-000003,Check credit history,2023-02-16 11:42:41.596000+00:00,2023-02-16 12:16:14.562000+00:00
79,AML Investigator-000002,AML check,2023-02-16 11:35:44.938000+00:00,2023-02-16 12:48:55.465000+00:00
89,Clerk-000002,Check application form completeness,2023-02-16 12:30:00+00:00,2023-02-16 12:51:34.923000+00:00
90,Clerk-000007,Check application form completeness,2023-02-16 13:00:00+00:00,2023-02-16 13:03:35.649000+00:00
90,Clerk-000006,Check credit history,2023-02-16 13:03:35.649000+00:00,2023-02-16 13:07:35.361000+00:00
79,Loan Officer-000003,Assess loan risk,2023-02-16 12:48:55.465000+00:00,2023-02-16 13:08:55.465000+00:00
88,Applicant-000001,Applicant completes form,2023-02-16 12:16:02.123000+00:00,2023-02-16 13:16:02.123000+00:00
79,Clerk-000005,Reject application,2023-02-16 13:08:55.465000+00:00,2023-02-16 13:18:55.465000+00:00
90,Appraiser-000001,Appraise property,2023-02-16 13:03:35.649000+00:00,2023-02-16 13:25:26.360000+00:00
89,Appraiser-000002,Appraise property,2023-02-16 12:51:34.923000+00:00,2023-02-16 13:28:05.032000+00:00
86,AML Investigator-000001,AML check,2023-02-16 11:18:35.643000+00:00,2023-02-16 13:36:28.679000+00:00
91,Clerk-000008,Check application form completeness,2023-02-16 13:30:00+00:00,2023-02-16 13:36:53.397000+00:00
88,Clerk-000001,Check application form completeness,2023-02-16 13:16:02.123000+00:00,2023-02-16 13:42:06.566000+00:00
89,Clerk-000004,Check credit history,2023-02-16 12:51:34.923000+00:00,2023-02-16 13:43:49.599000+00:00
87,AML Investigator-000001,AML check,2023-02-16 13:36:28.679000+00:00,2023-02-16 13:47:58.451000+00:00
91,Appraiser-000001,Appraise property,2023-02-16 13:36:53.397000+00:00,2023-02-16 13:48:08.517000+00:00
88,Clerk-000002,Check credit history,2023-02-16 13:42:06.566000+00:00,2023-02-16 13:48:53.812000+00:00
81,AML Investigator-000002,AML check,2023-02-16 12:48:55.465000+00:00,2023-02-16 13:52:41.445000+00:00
86,Loan Officer-000001,Assess loan risk,2023-02-16 13:36:28.679000+00:00,2023-02-16 13:56:28.679000+00:00
89,AML Investigator-000002,AML check,2023-02-16 13:52:41.445000+00:00,2023-02-16 14:01:29.590000+00:00
87,Loan Officer-000002,Assess loan risk,2023-02-16 13:47:58.451000+00:00,2023-02-16 14:07:58.451000+00:00
90,AML Investigator-000002,AML check,2023-02-16 14:01:29.590000+00:00,2023-02-16 14:08:56.784000+00:00
81,Loan Officer-000004,Assess loan risk,2023-02-16 13:52:41.445000+00:00,2023-02-16 14:12:41.445000+00:00
87,Loan Officer-000002,Design loan offer,2023-02-16 14:07:58.451000+00:00,2023-02-16 14:17:38.773000+00:00
91,AML Investigator-000002,AML check,2023-02-16 14:08:56.784000+00:00,2023-02-16 14:19:42.514000+00:00
89,Loan Officer-000001,Assess loan risk,2023-02-16 14:01:29.590000+00:00,2023-02-16 14:21:29.590000+00:00
92,Clerk-000007,Check application form completeness,2023-02-16 14:00:00+00:00,2023-02-16 14:24:44.037000+00:00
92,Appraiser-000001,Appraise property,2023-02-16 14:24:44.037000+00:00,2023-02-16 14:25:03.946000+00:00
88,Appraiser-000002,Appraise property,2023-02-16 13:42:06.566000+00:00,2023-02-16 14:26:20.065000+00:00
90,Loan Officer-000004,Assess loan risk,2023-02-16 14:12:41.445000+00:00,2023-02-16 14:32:41.445000+00:00
81,Loan Officer-000002,Design loan offer,2023-02-16 14:17:38.773000+00:00,2023-02-16 14:33:54.453000+00:00
89,Loan Officer-000001,Design loan offer,2023-02-16 14:21:29.590000+00:00,2023-02-16 14:34:00.156000+00:00
88,AML Investigator-000001,AML check,2023-02-16 13:47:58.451000+00:00,2023-02-16 14:34:31.149000+00:00
87,Senior Officer-000001,Approve loan offer,2023-02-16 14:17:38.773000+00:00,2023-02-16 14:37:38.773000+00:00
86,Loan Officer-000003,Design loan offer,2023-02-16 13:56:28.679000+00:00,2023-02-16 14:38:04.912000+00:00
90,Loan Officer-000004,Design loan offer,2023-02-16 14:32:41.445000+00:00,2023-02-16 14:39:12.205000+00:00
87,Clerk-000008,Approve application,2023-02-16 14:37:38.773000+00:00,2023-02-16 14:42:38.773000+00:00
91,Clerk-000003,Check credit history,2023-02-16 13:36:53.397000+00:00,2023-02-16 14:47:24.296000+00:00
81,Senior Officer-000002,Approve loan offer,2023-02-16 14:33:54.453000+00:00,2023-02-16 14:53:54.453000+00:00
88,Loan Officer-000002,Assess loan risk,2023-02-16 14:34:31.149000+00:00,2023-02-16 14:54:31.149000+00:00
93,Clerk-000005,Check application form completeness,2023-02-16 14:30:00+00:00,2023-02-16 14:56:34.630000+00:00
89,Senior Officer-000001,Approve loan offer,2023-02-16 14:37:38.773000+00:00,2023-02-16 14:57:38.773000+00:00
81,Clerk-000001,Cancel application,2023-02-16 14:53:54.453000+00:00,2023-02-16 14:58:54.453000+00:00
89,Clerk-000007,Cancel application,2023-02-16 14:57:38.773000+00:00,2023-02-17 07:02:38.773000+00:00
88,Clerk-000004,Reject application,2023-02-16 14:54:31.149000+00:00,2023-02-17 07:04:31.149000+00:00
91,Loan Officer-000001,Assess loan risk,2023-02-16 14:47:24.296000+00:00,2023-02-17 07:07:24.296000+00:00
94,Clerk-000008,Check application form completeness,2023-02-16 15:00:00+00:00,2023-02-17 07:11:31.486000+00:00
86,Senior Officer-000002,Approve loan offer,2023-02-16 14:53:54.453000+00:00,2023-02-17 07:13:54.453000+00:00
94,Clerk-000005,Return application back to applicant,2023-02-17 07:11:31.486000+00:00,2023-02-17 07:16:31.486000+00:00
91,Clerk-000003,Reject application,2023-02-17 07:07:24.296000+00:00,2023-02-17 07:17:24.296000+00:00
90,Senior Officer-000001,Approve loan offer,2023-02-16 14:57:38.773000+00:00,2023-02-17 07:17:38.773000+00:00
86,Clerk-000001,Approve application,2023-02-17 07:13:54.453000+00:00,2023-02-17 07:18:54.453000+00:00
90,Clerk-000007,Cancel application,2023-02-17 07:17:38.773000+00:00,2023-02-17 07:22:38.773000+00:00
93,AML Investigator-000001,AML check,2023-02-16 14:56:34.630000+00:00,2023-02-17 07:23:33.206000+00:00
93,Clerk-000002,Check credit history,2023-02-16 14:56:34.630000+00:00,2023-02-17 07:23:37.142000+00:00
95,Clerk-000004,Check application form completeness,2023-02-17 07:30:00+00:00,2023-02-17 07:30:36.851000+00:00
95,Appraiser-000002,Appraise property,2023-02-17 07:30:36.851000+00:00,2023-02-17 07:33:55.743000+00:00
95,AML Investigator-000001,AML check,2023-02-17 07:30:36.851000+00:00,2023-02-17 07:39:01.531000+00:00
95,Clerk-000008,Check credit history,2023-02-17 07:30:36.851000+00:00,2023-02-17 07:47:13.976000+00:00
96,Clerk-000005,Check application form completeness,2023-02-17 08:00:00+00:00,2023-02-17 08:02:29.214000+00:00
96,Clerk-000003,Check credit history,2023-02-17 08:02:29.214000+00:00,2023-02-17 08:06:07.558000+00:00
95,Loan Officer-000003,Assess loan risk,2023-02-17 07:47:13.976000+00:00,2023-02-17 08:07:13.976000+00:00
92,AML Investigator-000002,AML check,2023-02-16 14:24:44.037000+00:00,2023-02-17 08:08:38.603000+00:00
92,Clerk-000006,Check credit history,2023-02-16 14:24:44.037000+00:00,2023-02-17 08:12:24.087000+00:00
94,Applicant-000001,Applicant completes form,2023-02-17 07:16:31.486000+00:00,2023-02-17 08:16:31.486000+00:00
93,Appraiser-000001,Appraise property,2023-02-16 14:56:34.630000+00:00,2023-02-17 08:16:31.997000+00:00
94,Clerk-000001,Check application form completeness,2023-02-17 08:16:31.486000+00:00,2023-02-17 08:21:21.772000+00:00
94,Appraiser-000001,Appraise property,2023-02-17 08:21:21.772000+00:00,2023-02-17 08:24:26.642000+00:00
95,Loan Officer-000004,Design loan offer,2023-02-17 08:07:13.976000+00:00,2023-02-17 08:29:37.504000+00:00
94,AML Investigator-000002,AML check,2023-02-17 08:21:21.772000+00:00,2023-02-17 08:30:49.699000+00:00
92,Loan Officer-000002,Assess loan risk,2023-02-17 08:12:24.087000+00:00,2023-02-17 08:32:24.087000+00:00
97,Clerk-000002,Check application form completeness,2023-02-17 08:30:00+00:00,2023-02-17 08:35:45.201000+00:00
93,Loan Officer-000001,Assess loan risk,2023-02-17 08:16:31.997000+00:00,2023-02-17 08:36:31.997000+00:00
92,Loan Officer-000003,Design loan offer,2023-02-17 08:32:24.087000+00:00,2023-02-17 08:40:08.093000+00:00
97,Clerk-000004,Return application back to applicant,2023-02-17 08:35:45.201000+00:00,2023-02-17 08:40:45.201000+00:00
96,AML Investigator-000001,AML check,2023-02-17 08:02:29.214000+00:00,2023-02-17 08:44:20.531000+00:00
96,Appraiser-000002,Appraise property,2023-02-17 08:02:29.214000+00:00,2023-02-17 08:47:26.447000+00:00
95,Senior Officer-000002,Approve loan offer,2023-02-17 08:29:37.504000+00:00,2023-02-17 08:49:37.504000+00:00
95,Clerk-000008,Approve application,2023-02-17 08:49:37.504000+00:00,2023-02-17 08:54:37.504000+00:00
92,Senior Officer-000001,Approve loan offer,2023-02-17 08:40:08.093000+00:00,2023-02-17 09:00:08.093000+00:00
93,Loan Officer-000004,Design loan offer,2023-02-17 08:36:31.997000+00:00,2023-02-17 09:00:33.835000+00:00
92,Clerk-000003,Cancel application,2023-02-17 09:00:08.093000+00:00,2023-02-17 09:05:08.093000+00:00
96,Loan Officer-000002,Assess loan risk,2023-02-17 08:47:26.447000+00:00,2023-02-17 09:07:26.447000+00:00
98,Clerk-000005,Check application form completeness,2023-02-17 09:00:00+00:00,2023-02-17 09:10:53.909000+00:00
98,Appraiser-000001,Appraise property,2023-02-17 09:10:53.909000+00:00,2023-02-17 09:18:25.749000+00:00
93,Senior Officer-000002,Approve loan offer,2023-02-17 09:00:33.835000+00:00,2023-02-17 09:20:33.835000+00:00
93,Clerk-000001,Cancel application,2023-02-17 09:20:33.835000+00:00,2023-02-17 09:25:33.835000+00:00
96,Loan Officer-000001,Design loan offer,2023-02-17 09:07:26.447000+00:00,2023-02-17 09:29:24.732000+00:00
99,Clerk-000002,Check application form completeness,2023-02-17 09:30:00+00:00,2023-02-17 09:32:27.676000+00:00
98,AML Investigator-000002,AML check,2023-02-17 09:10:53.909000+00:00,2023-02-17 09:33:09.546000+00:00
94,Clerk-000007,Check credit history,2023-02-17 08:21:21.772000+00:00,2023-02-17 09:33:54.938000+00:00
98,Clerk-000006,Check credit history,2023-02-17 09:10:53.909000+00:00,2023-02-17 09:34:31.967000+00:00
99,Appraiser-000002,Appraise property,2023-02-17 09:32:27.676000+00:00,2023-02-17 09:34:53.556000+00:00
97,Applicant-000001,Applicant completes form,2023-02-17 08:40:45.201000+00:00,2023-02-17 09:40:45.201000+00:00
96,Senior Officer-000001,Approve loan offer,2023-02-17 09:29:24.732000+00:00,2023-02-17 09:49:24.732000+00:00
94,Loan Officer-000003,Assess loan risk,2023-02-17 09:33:54.938000+00:00,2023-02-17 09:53:54.938000+00:00
96,Clerk-000003,Cancel application,2023-02-17 09:49:24.732000+00:00,2023-02-17 09:54:24.732000+00:00
98,Loan Officer-000004,Assess loan risk,2023-02-17 09:34:31.967000+00:00,2023-02-17 09:54:31.967000+00:00
94,Clerk-000005,Reject application,2023-02-17 09:53:54.938000+00:00,2023-02-17 10:03:54.938000+00:00
98,Clerk-000001,Reject application,2023-02-17 09:54:31.967000+00:00,2023-02-17 10:04:31.967000+00:00
100,Clerk-000002,Check application form completeness,2023-02-17 10:00:00+00:00,2023-02-17 10:14:42.004000+00:00
99,AML Investigator-000001,AML check,2023-02-17 09:32:27.676000+00:00,2023-02-17 10:15:53.445000+00:00
97,Clerk-000008,Check application form completeness,2023-02-17 09:40:45.201000+00:00,2023-02-17 10:19:55.149000+00:00
97,Clerk-000006,Return application back to applicant,2023-02-17 10:19:55.149000+00:00,2023-02-17 10:24:55.149000+00:00
100,Clerk-000007,Check credit history,2023-02-17 10:14:42.004000+00:00,2023-02-17 10:28:25.390000+00:00
101,Clerk-000003,Check application form completeness,2023-02-17 10:30:00+00:00,2023-02-17 10:43:51.296000+00:00
101,Clerk-000005,Return application back to applicant,2023-02-17 10:43:51.296000+00:00,2023-02-17 10:48:51.296000+00:00
99,Clerk-000004,Check credit history,2023-02-17 09:32:27.676000+00:00,2023-02-17 11:04:26.355000+00:00
102,Clerk-000001,Check application form completeness,2023-02-17 11:00:00+00:00,2023-02-17 11:05:21.175000+00:00
102,AML Investigator-000001,AML check,2023-02-17 11:05:21.175000+00:00,2023-02-17 11:14:20.258000+00:00
102,Appraiser-000002,Appraise property,2023-02-17 11:05:21.175000+00:00,2023-02-17 11:16:47.744000+00:00
99,Loan Officer-000002,Assess loan risk,2023-02-17 11:04:26.355000+00:00,2023-02-17 11:24:26.355000+00:00
97,Applicant-000001,Applicant completes form,2023-02-17 10:24:55.149000+00:00,2023-02-17 11:24:55.149000+00:00
97,Clerk-000006,Check application form completeness,2023-02-17 11:24:55.149000+00:00,2023-02-17 11:26:11.210000+00:00
102,Clerk-000002,Check credit history,2023-02-17 11:05:21.175000+00:00,2023-02-17 11:30:00.406000+00:00
100,Appraiser-000001,Appraise property,2023-02-17 10:14:42.004000+00:00,2023-02-17 11:32:04.498000+00:00
99,Clerk-000008,Reject application,2023-02-17 11:24:26.355000+00:00,2023-02-17 11:34:26.355000+00:00
97,Clerk-000007,Check credit history,2023-02-17 11:26:11.210000+00:00,2023-02-17 11:42:43.645000+00:00
102,Loan Officer-000001,Assess loan risk,2023-02-17 11:30:00.406000+00:00,2023-02-17 11:50:00.406000+00:00
97,AML Investigator-000001,AML check,2023-02-17 11:26:11.210000+00:00,2023-02-17 11:54:40.418000+00:00
103,Clerk-000003,Check application form completeness,2023-02-17 11:30:00+00:00,2023-02-17 12:01:33.765000+00:00
104,Clerk-000005,Check application form completeness,2023-02-17 12:00:00+00:00,2023-02-17 12:01:52.965000+00:00
104,Clerk-000001,Check credit history,2023-02-17 12:01:52.965000+00:00,2023-02-17 12:05:03.288000+00:00
100,AML Investigator-000002,AML check,2023-02-17 10:14:42.004000+00:00,2023-02-17 12:13:42.570000+00:00
102,Loan Officer-000003,Design loan offer,2023-02-17 11:50:00.406000+00:00,2023-02-17 12:17:57.914000+00:00
104,AML Investigator-000002,AML check,2023-02-17 12:13:42.570000+00:00,2023-02-17 12:18:55.372000+00:00
101,Applicant-000001,Applicant completes form,2023-02-17 11:24:55.149000+00:00,2023-02-17 12:24:55.149000+00:00
100,Loan Officer-000004,Assess loan risk,2023-02-17 12:13:42.570000+00:00,2023-02-17 12:33:42.570000+00:00
105,Clerk-000002,Check application form completeness,2023-02-17 12:30:00+00:00,2023-02-17 12:33:53.934000+00:00
102,Senior Officer-000002,Approve loan offer,2023-02-17 12:17:57.914000+00:00,2023-02-17 12:37:57.914000+00:00
103,Clerk-000004,Check credit history,2023-02-17 12:01:33.765000+00:00,2023-02-17 12:40:53.067000+00:00
102,Clerk-000003,Cancel application,2023-02-17 12:37:57.914000+00:00,2023-02-17 12:42:57.914000+00:00
100,Clerk-000008,Reject application,2023-02-17 12:33:42.570000+00:00,2023-02-17 12:43:42.570000+00:00
105,Clerk-000007,Check credit history,2023-02-17 12:33:53.934000+00:00,2023-02-17 12:58:46.576000+00:00
105,AML Investigator-000002,AML check,2023-02-17 12:33:53.934000+00:00,2023-02-17 13:01:21.925000+00:00
103,Appraiser-000001,Appraise property,2023-02-17 12:01:33.765000+00:00,2023-02-17 13:13:44.735000+00:00
103,AML Investigator-000001,AML check,2023-02-17 12:01:33.765000+00:00,2023-02-17 13:13:45.185000+00:00
106,Clerk-000005,Check application form completeness,2023-02-17 13:00:00+00:00,2023-02-17 13:25:09.968000+00:00
104,Appraiser-000001,Appraise property,2023-02-17 13:13:44.735000+00:00,2023-02-17 13:26:01.394000+00:00
103,Loan Officer-000002,Assess loan risk,2023-02-17 13:13:45.185000+00:00,2023-02-17 13:33:45.185000+00:00
97,Appraiser-000002,Appraise property,2023-02-17 11:26:11.210000+00:00,2023-02-17 13:35:07.432000+00:00
103,Loan Officer-000003,Design loan offer,2023-02-17 13:33:45.185000+00:00,2023-02-17 13:35:45.735000+00:00
104,Loan Officer-000001,Assess loan risk,2023-02-17 13:26:01.394000+00:00,2023-02-17 13:46:01.394000+00:00
104,Loan Officer-000002,Design loan offer,2023-02-17 13:46:01.394000+00:00,2023-02-17 13:46:05.938000+00:00
107,Clerk-000002,Check application form completeness,2023-02-17 13:30:00+00:00,2023-02-17 13:48:34.255000+00:00
106,Appraiser-000002,Appraise property,2023-02-17 13:35:07.432000+00:00,2023-02-17 13:49:09.576000+00:00
97,Loan Officer-000004,Assess loan risk,2023-02-17 13:35:07.432000+00:00,2023-02-17 13:55:07.432000+00:00
103,Senior Officer-000001,Approve loan offer,2023-02-17 13:35:45.735000+00:00,2023-02-17 13:55:45.735000+00:00
106,Clerk-000001,Check credit history,2023-02-17 13:25:09.968000+00:00,2023-02-17 13:56:34.023000+00:00
103,Clerk-000008,Cancel application,2023-02-17 13:55:45.735000+00:00,2023-02-17 14:00:45.735000+00:00
108,Clerk-000007,Check application form completeness,2023-02-17 14:00:00+00:00,2023-02-17 14:01:58.539000+00:00
105,Appraiser-000001,Appraise property,2023-02-17 13:26:01.394000+00:00,2023-02-17 14:02:28.411000+00:00
106,AML Investigator-000002,AML check,2023-02-17 13:25:09.968000+00:00,2023-02-17 14:02:29.292000+00:00
97,Clerk-000003,Reject application,2023-02-17 13:55:07.432000+00:00,2023-02-17 14:05:07.432000+00:00
104,Senior Officer-000002,Approve loan offer,2023-02-17 13:46:05.938000+00:00,2023-02-17 14:06:05.938000+00:00
107,Appraiser-000002,Appraise property,2023-02-17 13:49:09.576000+00:00,2023-02-17 14:07:47.482000+00:00
107,AML Investigator-000001,AML check,2023-02-17 13:48:34.255000+00:00,2023-02-17 14:09:37.386000+00:00
107,Clerk-000004,Check credit history,2023-02-17 13:48:34.255000+00:00,2023-02-17 14:10:55.352000+00:00
104,Clerk-000002,Cancel application,2023-02-17 14:06:05.938000+00:00,2023-02-17 14:11:05.938000+00:00
108,AML Investigator-000002,AML check,2023-02-17 14:02:29.292000+00:00,2023-02-17 14:20:15.135000+00:00
101,Clerk-000006,Check application form completeness,2023-02-17 12:24:55.149000+00:00,2023-02-17 14:21:05.001000+00:00
101,AML Investigator-000001,AML check,2023-02-17 14:21:05.001000+00:00,2023-02-17 14:21:31.452000+00:00
105,Loan Officer-000003,Assess loan risk,2023-02-17 14:02:28.411000+00:00,2023-02-17 14:22:28.411000+00:00
106,Loan Officer-000001,Assess loan risk,2023-02-17 14:02:29.292000+00:00,2023-02-17 14:22:29.292000+00:00
108,Appraiser-000001,Appraise property,2023-02-17 14:02:28.411000+00:00,2023-02-17 14:24:13.725000+00:00
101,Appraiser-000002,Appraise property,2023-02-17 14:21:05.001000+00:00,2023-02-17 14:26:46.256000+00:00
107,Loan Officer-000002,Assess loan risk,2023-02-17 14:10:55.352000+00:00,2023-02-17 14:30:55.352000+00:00
106,Loan Officer-000003,Design loan offer,2023-02-17 14:22:29.292000+00:00,2023-02-17 14:31:40.556000+00:00
109,Clerk-000008,Check application form completeness,2023-02-17 14:30:00+00:00,2023-02-17 14:32:41.148000+00:00
101,Clerk-000001,Check credit history,2023-02-17 14:21:05.001000+00:00,2023-02-17 14:32:57.490000+00:00
109,Clerk-000003,Check credit history,2023-02-17 14:32:41.148000+00:00,2023-02-17 14:33:26.263000+00:00
108,Clerk-000005,Check credit history,2023-02-17 14:01:58.539000+00:00,2023-02-17 14:34:49.012000+00:00
107,Clerk-000007,Reject application,2023-02-17 14:30:55.352000+00:00,2023-02-17 14:40:55.352000+00:00
109,Appraiser-000001,Appraise property,2023-02-17 14:32:41.148000+00:00,2023-02-17 14:42:00.986000+00:00
109,AML Investigator-000002,AML check,2023-02-17 14:32:41.148000+00:00,2023-02-17 14:49:01.999000+00:00
106,Senior Officer-000001,Approve loan offer,2023-02-17 14:31:40.556000+00:00,2023-02-17 14:51:40.556000+00:00
101,Loan Officer-000001,Assess loan risk,2023-02-17 14:32:57.490000+00:00,2023-02-17 14:52:57.490000+00:00
108,Loan Officer-000002,Assess loan risk,2023-02-17 14:34:49.012000+00:00,2023-02-17 14:54:49.012000+00:00
106,Clerk-000004,Approve application,2023-02-17 14:51:40.556000+00:00,2023-02-17 14:56:40.556000+00:00
108,Loan Officer-000001,Design loan offer,2023-02-17 14:54:49.012000+00:00,2023-02-17 14:58:17.283000+00:00
101,Clerk-000002,Reject application,2023-02-17 14:52:57.490000+00:00,2023-02-20 07:02:57.490000+00:00
109,Loan Officer-000003,Assess loan risk,2023-02-17 14:49:01.999000+00:00,2023-02-20 07:09:01.999000+00:00
110,Clerk-000006,Check application form completeness,2023-02-17 15:00:00+00:00,2023-02-20 07:13:33.826000+00:00
110,AML Investigator-000001,AML check,2023-02-20 07:13:33.826000+00:00,2023-02-20 07:13:44.011000+00:00
108,Senior Officer-000002,Approve loan offer,2023-02-17 14:58:17.283000+00:00,2023-02-20 07:18:17.283000+00:00
109,Loan Officer-000002,Design loan offer,2023-02-20 07:09:01.999000+00:00,2023-02-20 07:19:08.079000+00:00
105,Loan Officer-000004,Design loan offer,2023-02-17 14:22:28.411000+00:00,2023-02-20 07:22:47.531000+00:00
108,Clerk-000001,Cancel application,2023-02-20 07:18:17.283000+00:00,2023-02-20 07:23:17.283000+00:00
110,Clerk-000008,Check credit history,2023-02-20 07:13:33.826000+00:00,2023-02-20 07:25:08.853000+00:00
109,Senior Officer-000001,Approve loan offer,2023-02-20 07:19:08.079000+00:00,2023-02-20 07:39:08.079000+00:00
105,Senior Officer-000002,Approve loan offer,2023-02-20 07:22:47.531000+00:00,2023-02-20 07:42:47.531000+00:00
109,Clerk-000005,Cancel application,2023-02-20 07:39:08.079000+00:00,2023-02-20 07:44:08.079000+00:00
105,Clerk-000007,Approve application,2023-02-20 07:42:47.531000+00:00,2023-02-20 07:47:47.531000+00:00
111,Clerk-000003,Check application form completeness,2023-02-20 07:30:00+00:00,2023-02-20 07:51:59.356000+00:00
110,Appraiser-000002,Appraise property,2023-02-20 07:13:33.826000+00:00,2023-02-20 07:58:17.213000+00:00
112,Clerk-000002,Check application form completeness,2023-02-20 08:00:00+00:00,2023-02-20 08:07:52.463000+00:00
111,AML Investigator-000002,AML check,2023-02-20 07:51:59.356000+00:00,2023-02-20 08:15:15.391000+00:00
110,Loan Officer-000001,Assess loan risk,2023-02-20 07:58:17.213000+00:00,2023-02-20 08:18:17.213000+00:00
110,Clerk-000001,Reject application,2023-02-20 08:18:17.213000+00:00,2023-02-20 08:28:17.213000+00:00
113,Clerk-000008,Check application form completeness,2023-02-20 08:30:00+00:00,2023-02-20 08:30:04.037000+00:00
112,Appraiser-000002,Appraise property,2023-02-20 08:07:52.463000+00:00,2023-02-20 08:48:58.064000+00:00
113,AML Investigator-000002,AML check,2023-02-20 08:30:04.037000+00:00,2023-02-20 08:54:06.658000+00:00
112,Clerk-000006,Check credit history,2023-02-20 08:07:52.463000+00:00,2023-02-20 08:54:10.098000+00:00
114,Clerk-000007,Check application form completeness,2023-02-20 09:00:00+00:00,2023-02-20 09:00:49.983000+00:00
114,Clerk-000003,Return application back to applicant,2023-02-20 09:00:49.983000+00:00,2023-02-20 09:05:49.983000+00:00
113,Clerk-000005,Check credit history,2023-02-20 08:30:04.037000+00:00,2023-02-20 09:10:50.916000+00:00
113,Appraiser-000002,Appraise property,2023-02-20 08:48:58.064000+00:00,2023-02-20 09:20:30.460000+00:00
112,AML Investigator-000001,AML check,2023-02-20 08:07:52.463000+00:00,2023-02-20 09:27:48.943000+00:00
115,Clerk-000002,Check application form completeness,2023-02-20 09:30:00+00:00,2023-02-20 09:35:39.098000+00:00
113,Loan Officer-000003,Assess loan risk,2023-02-20 09:20:30.460000+00:00,2023-02-20 09:40:30.460000+00:00
115,AML Investigator-000002,AML check,2023-02-20 09:35:39.098000+00:00,2023-02-20 09:43:19.066000+00:00
115,Appraiser-000002,Appraise property,2023-02-20 09:35:39.098000+00:00,2023-02-20 09:44:53.502000+00:00
112,Loan Officer-000002,Assess loan risk,2023-02-20 09:27:48.943000+00:00,2023-02-20 09:47:48.943000+00:00
113,Clerk-000008,Reject application,2023-02-20 09:40:30.460000+00:00,2023-02-20 09:50:30.460000+00:00
111,Clerk-000004,Check credit history,2023-02-20 07:51:59.356000+00:00,2023-02-20 09:50:55.655000+00:00
112,Clerk-000006,Reject application,2023-02-20 09:47:48.943000+00:00,2023-02-20 09:57:48.943000+00:00
115,Clerk-000001,Check credit history,2023-02-20 09:35:39.098000+00:00,2023-02-20 09:59:45.686000+00:00
111,Appraiser-000001,Appraise property,2023-02-20 07:51:59.356000+00:00,2023-02-20 10:01:05.108000+00:00
114,Applicant-000001,Applicant completes form,2023-02-20 09:05:49.983000+00:00,2023-02-20 10:05:49.983000+00:00
114,Clerk-000003,Check application form completeness,2023-02-20 10:05:49.983000+00:00,2023-02-20 10:08:20.041000+00:00
116,Clerk-000007,Check application form completeness,2023-02-20 10:00:00+00:00,2023-02-20 10:08:47.187000+00:00
116,Clerk-000002,Return application back to applicant,2023-02-20 10:08:47.187000+00:00,2023-02-20 10:13:47.187000+00:00
114,Clerk-000005,Check credit history,2023-02-20 10:08:20.041000+00:00,2023-02-20 10:14:52.216000+00:00
115,Loan Officer-000004,Assess loan risk,2023-02-20 09:59:45.686000+00:00,2023-02-20 10:19:45.686000+00:00
111,Loan Officer-000001,Assess loan risk,2023-02-20 10:01:05.108000+00:00,2023-02-20 10:21:05.108000+00:00
114,Appraiser-000002,Appraise property,2023-02-20 10:08:20.041000+00:00,2023-02-20 10:27:08.714000+00:00
111,Loan Officer-000003,Design loan offer,2023-02-20 10:21:05.108000+00:00,2023-02-20 10:28:22.984000+00:00
115,Clerk-000008,Reject application,2023-02-20 10:19:45.686000+00:00,2023-02-20 10:29:45.686000+00:00
111,Senior Officer-000001,Approve loan offer,2023-02-20 10:28:22.984000+00:00,2023-02-20 10:48:22.984000+00:00
111,Clerk-000006,Cancel application,2023-02-20 10:48:22.984000+00:00,2023-02-20 10:53:22.984000+00:00
117,Clerk-000004,Check application form completeness,2023-02-20 10:30:00+00:00,2023-02-20 11:00:27.038000+00:00
117,Clerk-000003,Return application back to applicant,2023-02-20 11:00:27.038000+00:00,2023-02-20 11:05:27.038000+00:00
116,Applicant-000001,Applicant completes form,2023-02-20 10:13:47.187000+00:00,2023-02-20 11:13:47.187000+00:00
116,Clerk-000007,Check application form completeness,2023-02-20 11:13:47.187000+00:00,2023-02-20 11:21:48.557000+00:00
118,Clerk-000001,Check application form completeness,2023-02-20 11:00:00+00:00,2023-02-20 11:24:13.566000+00:00
118,Clerk-000005,Check credit history,2023-02-20 11:24:13.566000+00:00,2023-02-20 11:24:47.090000+00:00
118,Appraiser-000002,Appraise property,2023-02-20 11:24:13.566000+00:00,2023-02-20 11:33:40.041000+00:00
116,Clerk-000002,Check credit history,2023-02-20 11:21:48.557000+00:00,2023-02-20 11:36:31.668000+00:00
119,Clerk-000008,Check application form completeness,2023-02-20 11:30:00+00:00,2023-02-20 11:36:42.445000+00:00
116,AML Investigator-000002,AML check,2023-02-20 11:21:48.557000+00:00,2023-02-20 11:39:56.530000+00:00
116,Appraiser-000001,Appraise property,2023-02-20 11:21:48.557000+00:00,2023-02-20 11:49:30.933000+00:00
114,AML Investigator-000001,AML check,2023-02-20 10:08:20.041000+00:00,2023-02-20 12:03:54.399000+00:00
116,Loan Officer-000002,Assess loan risk,2023-02-20 11:49:30.933000+00:00,2023-02-20 12:09:30.933000+00:00
119,AML Investigator-000001,AML check,2023-02-20 12:03:54.399000+00:00,2023-02-20 12:13:07.869000+00:00
117,Applicant-000001,Applicant completes form,2023-02-20 11:13:47.187000+00:00,2023-02-20 12:13:47.187000+00:00
120,Clerk-000004,Check application form completeness,2023-02-20 12:00:00+00:00,2023-02-20 12:16:42.909000+00:00
120,AML Investigator-000001,AML check,2023-02-20 12:16:42.909000+00:00,2023-02-20 12:17:57.353000+00:00
116,Clerk-000003,Reject application,2023-02-20 12:09:30.933000+00:00,2023-02-20 12:19:30.933000+00:00
120,Appraiser-000001,Appraise property,2023-02-20 12:16:42.909000+00:00,2023-02-20 12:23:09.175000+00:00
114,Loan Officer-000004,Assess loan risk,2023-02-20 12:03:54.399000+00:00,2023-02-20 12:23:54.399000+00:00
119,Appraiser-000002,Appraise property,2023-02-20 11:36:42.445000+00:00,2023-02-20 12:23:56.686000+00:00
114,Clerk-000005,Reject application,2023-02-20 12:23:54.399000+00:00,2023-02-20 12:33:54.399000+00:00
117,Clerk-000007,Check application form completeness,2023-02-20 12:13:47.187000+00:00,2023-02-20 12:35:28.763000+00:00
117,Clerk-000008,Check credit history,2023-02-20 12:35:28.763000+00:00,2023-02-20 12:36:04.102000+00:00
120,Clerk-000001,Check credit history,2023-02-20 12:16:42.909000+00:00,2023-02-20 12:36:27.676000+00:00
118,AML Investigator-000002,AML check,2023-02-20 11:39:56.530000+00:00,2023-02-20 12:37:50.659000+00:00
121,Clerk-000002,Check application form completeness,2023-02-20 12:30:00+00:00,2023-02-20 12:39:09.200000+00:00
117,Appraiser-000001,Appraise property,2023-02-20 12:35:28.763000+00:00,2023-02-20 12:39:54.387000+00:00
121,Appraiser-000002,Appraise property,2023-02-20 12:39:09.200000+00:00,2023-02-20 12:43:29.100000+00:00
117,AML Investigator-000001,AML check,2023-02-20 12:35:28.763000+00:00,2023-02-20 12:48:48.912000+00:00
121,AML Investigator-000002,AML check,2023-02-20 12:39:09.200000+00:00,2023-02-20 12:50:00.393000+00:00
119,Clerk-000006,Check credit history,2023-02-20 11:36:42.445000+00:00,2023-02-20 12:54:42.526000+00:00
120,Loan Officer-000001,Assess loan risk,2023-02-20 12:36:27.676000+00:00,2023-02-20 12:56:27.676000+00:00
118,Loan Officer-000003,Assess loan risk,2023-02-20 12:37:50.659000+00:00,2023-02-20 12:57:50.659000+00:00
120,Clerk-000003,Reject application,2023-02-20 12:56:27.676000+00:00,2023-02-20 13:06:27.676000+00:00
117,Loan Officer-000002,Assess loan risk,2023-02-20 12:48:48.912000+00:00,2023-02-20 13:08:48.912000+00:00
119,Loan Officer-000004,Assess loan risk,2023-02-20 12:54:42.526000+00:00,2023-02-20 13:14:42.526000+00:00
117,Loan Officer-000003,Design loan offer,2023-02-20 13:08:48.912000+00:00,2023-02-20 13:21:56.332000+00:00
118,Loan Officer-000001,Design loan offer,2023-02-20 12:57:50.659000+00:00,2023-02-20 13:23:37.251000+00:00
119,Clerk-000007,Reject application,2023-02-20 13:14:42.526000+00:00,2023-02-20 13:24:42.526000+00:00
122,Clerk-000005,Check application form completeness,2023-02-20 13:00:00+00:00,2023-02-20 13:27:39.109000+00:00
122,Clerk-000008,Check credit history,2023-02-20 13:27:39.109000+00:00,2023-02-20 13:27:57.890000+00:00
123,Clerk-000001,Check application form completeness,2023-02-20 13:30:00+00:00,2023-02-20 13:32:42.133000+00:00
123,Clerk-000002,Return application back to applicant,2023-02-20 13:32:42.133000+00:00,2023-02-20 13:37:42.133000+00:00
117,Senior Officer-000002,Approve loan offer,2023-02-20 13:21:56.332000+00:00,2023-02-20 13:41:56.332000+00:00
118,Senior Officer-000001,Approve loan offer,2023-02-20 13:23:37.251000+00:00,2023-02-20 13:43:37.251000+00:00
117,Clerk-000006,Approve application,2023-02-20 13:41:56.332000+00:00,2023-02-20 13:46:56.332000+00:00
118,Clerk-000003,Cancel application,2023-02-20 13:43:37.251000+00:00,2023-02-20 13:48:37.251000+00:00
121,Clerk-000004,Check credit history,2023-02-20 12:39:09.200000+00:00,2023-02-20 14:09:56.560000+00:00
124,Clerk-000007,Check application form completeness,2023-02-20 14:00:00+00:00,2023-02-20 14:17:37.771000+00:00
122,Appraiser-000001,Appraise property,2023-02-20 13:27:39.109000+00:00,2023-02-20 14:29:10.858000+00:00
121,Loan Officer-000002,Assess loan risk,2023-02-20 14:09:56.560000+00:00,2023-02-20 14:29:56.560000+00:00
125,Clerk-000008,Check application form completeness,2023-02-20 14:30:00+00:00,2023-02-20 14:33:10.713000+00:00
121,Loan Officer-000004,Design loan offer,2023-02-20 14:29:56.560000+00:00,2023-02-20 14:33:19.888000+00:00
123,Applicant-000001,Applicant completes form,2023-02-20 13:37:42.133000+00:00,2023-02-20 14:37:42.133000+00:00
124,Appraiser-000002,Appraise property,2023-02-20 14:17:37.771000+00:00,2023-02-20 14:49:01.546000+00:00
123,Clerk-000002,Check application form completeness,2023-02-20 14:37:42.133000+00:00,2023-02-20 14:52:08.958000+00:00
121,Senior Officer-000002,Approve loan offer,2023-02-20 14:33:19.888000+00:00,2023-02-20 14:53:19.888000+00:00
124,AML Investigator-000002,AML check,2023-02-20 14:17:37.771000+00:00,2023-02-20 14:56:16.403000+00:00
123,Clerk-000006,Check credit history,2023-02-20 14:52:08.958000+00:00,2023-02-20 14:57:21.607000+00:00
121,Clerk-000003,Approve application,2023-02-20 14:53:19.888000+00:00,2023-02-20 14:58:19.888000+00:00
125,Appraiser-000001,Appraise property,2023-02-20 14:33:10.713000+00:00,2023-02-21 07:01:27.645000+00:00
126,Clerk-000004,Check application form completeness,2023-02-20 15:00:00+00:00,2023-02-21 07:01:32.146000+00:00
123,AML Investigator-000002,AML check,2023-02-20 14:56:16.403000+00:00,2023-02-21 07:02:55.445000+00:00
124,Clerk-000005,Check credit history,2023-02-20 14:17:37.771000+00:00,2023-02-21 07:03:16.162000+00:00
125,Clerk-000001,Check credit history,2023-02-20 14:33:10.713000+00:00,2023-02-21 07:05:48.640000+00:00
126,Clerk-000007,Check credit history,2023-02-21 07:01:32.146000+00:00,2023-02-21 07:20:15.895000+00:00
122,AML Investigator-000001,AML check,2023-02-20 13:27:39.109000+00:00,2023-02-21 07:21:53.607000+00:00
124,Loan Officer-000003,Assess loan risk,2023-02-21 07:03:16.162000+00:00,2023-02-21 07:23:16.162000+00:00
123,Appraiser-000002,Appraise property,2023-02-20 14:52:08.958000+00:00,2023-02-21 07:24:01.069000+00:00
126,Appraiser-000001,Appraise property,2023-02-21 07:01:32.146000+00:00,2023-02-21 07:28:42.266000+00:00
124,Clerk-000008,Reject application,2023-02-21 07:23:16.162000+00:00,2023-02-21 07:33:16.162000+00:00
122,Loan Officer-000001,Assess loan risk,2023-02-21 07:21:53.607000+00:00,2023-02-21 07:41:53.607000+00:00
123,Loan Officer-000002,Assess loan risk,2023-02-21 07:24:01.069000+00:00,2023-02-21 07:44:01.069000+00:00
127,Clerk-000002,Check application form completeness,2023-02-21 07:30:00+00:00,2023-02-21 07:45:23.500000+00:00
127,Clerk-000003,Check credit history,2023-02-21 07:45:23.500000+00:00,2023-02-21 07:49:36.132000+00:00
123,Clerk-000006,Reject application,2023-02-21 07:44:01.069000+00:00,2023-02-21 07:54:01.069000+00:00
128,Clerk-000004,Check application form completeness,2023-02-21 08:00:00+00:00,2023-02-21 08:00:20.457000+00:00
128,Clerk-000005,Return application back to applicant,2023-02-21 08:00:20.457000+00:00,2023-02-21 08:05:20.457000+00:00
126,AML Investigator-000001,AML check,2023-02-21 07:21:53.607000+00:00,2023-02-21 08:09:56.252000+00:00
127,Appraiser-000002,Appraise property,2023-02-21 07:45:23.500000+00:00,2023-02-21 08:16:53.573000+00:00
122,Loan Officer-000004,Design loan offer,2023-02-21 07:41:53.607000+00:00,2023-02-21 08:18:01.121000+00:00
125,AML Investigator-000002,AML check,2023-02-21 07:02:55.445000+00:00,2023-02-21 08:24:23.328000+00:00
127,AML Investigator-000001,AML check,2023-02-21 08:09:56.252000+00:00,2023-02-21 08:28:53.099000+00:00
126,Loan Officer-000003,Assess loan risk,2023-02-21 08:09:56.252000+00:00,2023-02-21 08:29:56.252000+00:00
122,Senior Officer-000001,Approve loan offer,2023-02-21 08:18:01.121000+00:00,2023-02-21 08:38:01.121000+00:00
126,Clerk-000001,Reject application,2023-02-21 08:29:56.252000+00:00,2023-02-21 08:39:56.252000+00:00
122,Clerk-000008,Cancel application,2023-02-21 08:38:01.121000+00:00,2023-02-21 08:43:01.121000+00:00
125,Loan Officer-000001,Assess loan risk,2023-02-21 08:24:23.328000+00:00,2023-02-21 08:44:23.328000+00:00
127,Loan Officer-000002,Assess loan risk,2023-02-21 08:28:53.099000+00:00,2023-02-21 08:48:53.099000+00:00
125,Loan Officer-000004,Design loan offer,2023-02-21 08:44:23.328000+00:00,2023-02-21 08:56:16.762000+00:00
127,Loan Officer-000003,Design loan offer,2023-02-21 08:48:53.099000+00:00,2023-02-21 08:58:17.082000+00:00
128,Applicant-000001,Applicant completes form,2023-02-21 08:05:20.457000+00:00,2023-02-21 09:05:20.457000+00:00
130,Clerk-000002,Check application form completeness,2023-02-21 09:00:00+00:00,2023-02-21 09:11:19.372000+00:00
128,Clerk-000003,Check application form completeness,2023-02-21 09:05:20.457000+00:00,2023-02-21 09:11:52.192000+00:00
125,Senior Officer-000002,Approve loan offer,2023-02-21 08:56:16.762000+00:00,2023-02-21 09:16:16.762000+00:00
127,Senior Officer-000001,Approve loan offer,2023-02-21 08:58:17.082000+00:00,2023-02-21 09:18:17.082000+00:00
128,Appraiser-000002,Appraise property,2023-02-21 09:11:52.192000+00:00,2023-02-21 09:18:17.336000+00:00
125,Clerk-000005,Cancel application,2023-02-21 09:16:16.762000+00:00,2023-02-21 09:21:16.762000+00:00
127,Clerk-000001,Approve application,2023-02-21 09:18:17.082000+00:00,2023-02-21 09:23:17.082000+00:00
130,Appraiser-000001,Appraise property,2023-02-21 09:11:19.372000+00:00,2023-02-21 09:24:59.654000+00:00
128,Clerk-000004,Check credit history,2023-02-21 09:11:52.192000+00:00,2023-02-21 09:25:12.168000+00:00
130,AML Investigator-000002,AML check,2023-02-21 09:11:19.372000+00:00,2023-02-21 09:32:08.028000+00:00
131,Clerk-000008,Check application form completeness,2023-02-21 09:30:00+00:00,2023-02-21 09:37:14.221000+00:00
131,Clerk-000002,Check credit history,2023-02-21 09:37:14.221000+00:00,2023-02-21 09:39:08.894000+00:00
128,AML Investigator-000001,AML check,2023-02-21 09:11:52.192000+00:00,2023-02-21 09:44:17.333000+00:00
132,Clerk-000003,Check application form completeness,2023-02-21 10:00:00+00:00,2023-02-21 10:01:21.814000+00:00
131,Appraiser-000002,Appraise property,2023-02-21 09:37:14.221000+00:00,2023-02-21 10:02:36.528000+00:00
130,Clerk-000006,Check credit history,2023-02-21 09:11:19.372000+00:00,2023-02-21 10:04:08.434000+00:00
128,Loan Officer-000001,Assess loan risk,2023-02-21 09:44:17.333000+00:00,2023-02-21 10:04:17.333000+00:00
131,AML Investigator-000002,AML check,2023-02-21 09:37:14.221000+00:00,2023-02-21 10:10:37.193000+00:00
128,Clerk-000001,Reject application,2023-02-21 10:04:17.333000+00:00,2023-02-21 10:14:17.333000+00:00
132,AML Investigator-000001,AML check,2023-02-21 10:01:21.814000+00:00,2023-02-21 10:19:37.424000+00:00
130,Loan Officer-000002,Assess loan risk,2023-02-21 10:04:08.434000+00:00,2023-02-21 10:24:08.434000+00:00
130,Loan Officer-000003,Design loan offer,2023-02-21 10:24:08.434000+00:00,2023-02-21 10:27:22.481000+00:00
131,Loan Officer-000004,Assess loan risk,2023-02-21 10:10:37.193000+00:00,2023-02-21 10:30:37.193000+00:00
129,Clerk-000007,Check application form completeness,2023-02-21 08:30:00+00:00,2023-02-21 10:31:55.068000+00:00
131,Loan Officer-000001,Design loan offer,2023-02-21 10:30:37.193000+00:00,2023-02-21 10:35:20.969000+00:00
129,Appraiser-000002,Appraise property,2023-02-21 10:31:55.068000+00:00,2023-02-21 10:38:19.179000+00:00
129,Clerk-000008,Check credit history,2023-02-21 10:31:55.068000+00:00,2023-02-21 10:40:33.459000+00:00
129,AML Investigator-000002,AML check,2023-02-21 10:31:55.068000+00:00,2023-02-21 10:46:02.312000+00:00
130,Senior Officer-000002,Approve loan offer,2023-02-21 10:27:22.481000+00:00,2023-02-21 10:47:22.481000+00:00
132,Clerk-000005,Check credit history,2023-02-21 10:01:21.814000+00:00,2023-02-21 10:49:28.173000+00:00
130,Clerk-000002,Approve application,2023-02-21 10:47:22.481000+00:00,2023-02-21 10:52:22.481000+00:00
131,Senior Officer-000001,Approve loan offer,2023-02-21 10:35:20.969000+00:00,2023-02-21 10:55:20.969000+00:00
131,Clerk-000003,Approve application,2023-02-21 10:55:20.969000+00:00,2023-02-21 11:00:20.969000+00:00
132,Appraiser-000001,Appraise property,2023-02-21 10:01:21.814000+00:00,2023-02-21 11:01:58.188000+00:00
129,Loan Officer-000002,Assess loan risk,2023-02-21 10:46:02.312000+00:00,2023-02-21 11:06:02.312000+00:00
133,Clerk-000004,Check application form completeness,2023-02-21 10:30:00+00:00,2023-02-21 11:08:36.497000+00:00
129,Loan Officer-000004,Design loan offer,2023-02-21 11:06:02.312000+00:00,2023-02-21 11:17:08.542000+00:00
134,Clerk-000006,Check application form completeness,2023-02-21 11:00:00+00:00,2023-02-21 11:20:38.597000+00:00
132,Loan Officer-000003,Assess loan risk,2023-02-21 11:01:58.188000+00:00,2023-02-21 11:21:58.188000+00:00
133,Clerk-000001,Check credit history,2023-02-21 11:08:36.497000+00:00,2023-02-21 11:24:19.040000+00:00
132,Loan Officer-000001,Design loan offer,2023-02-21 11:21:58.188000+00:00,2023-02-21 11:29:09.610000+00:00
133,Appraiser-000002,Appraise property,2023-02-21 11:08:36.497000+00:00,2023-02-21 11:30:15.879000+00:00
134,AML Investigator-000002,AML check,2023-02-21 11:20:38.597000+00:00,2023-02-21 11:36:39.334000+00:00
129,Senior Officer-000002,Approve loan offer,2023-02-21 11:17:08.542000+00:00,2023-02-21 11:37:08.542000+00:00
129,Clerk-000005,Cancel application,2023-02-21 11:37:08.542000+00:00,2023-02-21 11:42:08.542000+00:00
134,Clerk-000007,Check credit history,2023-02-21 11:20:38.597000+00:00,2023-02-21 11:46:46.169000+00:00
132,Senior Officer-000001,Approve loan offer,2023-02-21 11:29:09.610000+00:00,2023-02-21 11:49:09.610000+00:00
132,Clerk-000002,Cancel application,2023-02-21 11:49:09.610000+00:00,2023-02-21 11:54:09.610000+00:00
134,Appraiser-000001,Appraise property,2023-02-21 11:20:38.597000+00:00,2023-02-21 11:54:11.106000+00:00
133,AML Investigator-000001,AML check,2023-02-21 11:08:36.497000+00:00,2023-02-21 12:11:20.750000+00:00
134,Loan Officer-000002,Assess loan risk,2023-02-21 11:54:11.106000+00:00,2023-02-21 12:14:11.106000+00:00
136,Clerk-000003,Check application form completeness,2023-02-21 12:00:00+00:00,2023-02-21 12:22:54.929000+00:00
134,Clerk-000004,Reject application,2023-02-21 12:14:11.106000+00:00,2023-02-21 12:24:11.106000+00:00
133,Loan Officer-000004,Assess loan risk,2023-02-21 12:11:20.750000+00:00,2023-02-21 12:31:20.750000+00:00
137,Clerk-000001,Check application form completeness,2023-02-21 12:30:00+00:00,2023-02-21 12:34:10.252000+00:00
137,Appraiser-000001,Appraise property,2023-02-21 12:34:10.252000+00:00,2023-02-21 12:38:30.227000+00:00
133,Loan Officer-000003,Design loan offer,2023-02-21 12:31:20.750000+00:00,2023-02-21 12:44:08.900000+00:00
136,AML Investigator-000002,AML check,2023-02-21 12:22:54.929000+00:00,2023-02-21 12:46:27.906000+00:00
138,Clerk-000007,Check application form completeness,2023-02-21 13:00:00+00:00,2023-02-21 13:00:25.591000+00:00
138,Clerk-000002,Check credit history,2023-02-21 13:00:25.591000+00:00,2023-02-21 13:01:00.291000+00:00
133,Senior Officer-000002,Approve loan offer,2023-02-21 12:44:08.900000+00:00,2023-02-21 13:04:08.900000+00:00
136,Clerk-000006,Check credit history,2023-02-21 12:22:54.929000+00:00,2023-02-21 13:07:48.172000+00:00
138,Appraiser-000001,Appraise property,2023-02-21 13:00:25.591000+00:00,2023-02-21 13:08:51.957000+00:00
133,Clerk-000003,Cancel application,2023-02-21 13:04:08.900000+00:00,2023-02-21 13:09:08.900000+00:00
138,AML Investigator-000002,AML check,2023-02-21 13:00:25.591000+00:00,2023-02-21 13:09:53.527000+00:00
137,Clerk-000005,Check credit history,2023-02-21 12:34:10.252000+00:00,2023-02-21 13:20:22.307000+00:00
135,Clerk-000008,Check application form completeness,2023-02-21 11:30:00+00:00,2023-02-21 13:20:28.604000+00:00
135,Appraiser-000001,Appraise property,2023-02-21 13:20:28.604000+00:00,2023-02-21 13:21:59.892000+00:00
138,Loan Officer-000001,Assess loan risk,2023-02-21 13:09:53.527000+00:00,2023-02-21 13:29:53.527000+00:00
138,Loan Officer-000002,Design loan offer,2023-02-21 13:29:53.527000+00:00,2023-02-21 13:31:35.509000+00:00
135,AML Investigator-000002,AML check,2023-02-21 13:20:28.604000+00:00,2023-02-21 13:34:38.924000+00:00
136,Appraiser-000002,Appraise property,2023-02-21 12:22:54.929000+00:00,2023-02-21 13:39:31.797000+00:00
135,Clerk-000004,Check credit history,2023-02-21 13:20:28.604000+00:00,2023-02-21 13:43:19.011000+00:00
138,Senior Officer-000001,Approve loan offer,2023-02-21 13:31:35.509000+00:00,2023-02-21 13:51:35.509000+00:00
139,Clerk-000001,Check application form completeness,2023-02-21 13:30:00+00:00,2023-02-21 13:53:25.689000+00:00
139,Clerk-000002,Check credit history,2023-02-21 13:53:25.689000+00:00,2023-02-21 13:56:22.868000+00:00
138,Clerk-000007,Approve application,2023-02-21 13:51:35.509000+00:00,2023-02-21 13:56:35.509000+00:00
136,Loan Officer-000004,Assess loan risk,2023-02-21 13:39:31.797000+00:00,2023-02-21 13:59:31.797000+00:00
135,Loan Officer-000003,Assess loan risk,2023-02-21 13:43:19.011000+00:00,2023-02-21 14:03:19.011000+00:00
136,Clerk-000006,Reject application,2023-02-21 13:59:31.797000+00:00,2023-02-21 14:09:31.797000+00:00
135,Clerk-000005,Reject application,2023-02-21 14:03:19.011000+00:00,2023-02-21 14:13:19.011000+00:00
140,Clerk-000003,Check application form completeness,2023-02-21 14:00:00+00:00,2023-02-21 14:15:41.626000+00:00
140,Clerk-000008,Check credit history,2023-02-21 14:15:41.626000+00:00,2023-02-21 14:22:37.070000+00:00
139,Appraiser-000001,Appraise property,2023-02-21 13:53:25.689000+00:00,2023-02-21 14:44:15.640000+00:00
140,Appraiser-000002,Appraise property,2023-02-21 14:15:41.626000+00:00,2023-02-21 14:48:03.784000+00:00
142,Clerk-000001,Check application form completeness,2023-02-21 15:00:00+00:00,2023-02-22 07:00:43.591000+00:00
142,Appraiser-000001,Appraise property,2023-02-22 07:00:43.591000+00:00,2023-02-22 07:02:39.628000+00:00
137,AML Investigator-000001,AML check,2023-02-21 12:34:10.252000+00:00,2023-02-22 07:04:42.576000+00:00
139,AML Investigator-000002,AML check,2023-02-21 13:53:25.689000+00:00,2023-02-22 07:05:51.447000+00:00
141,Clerk-000004,Check application form completeness,2023-02-21 14:30:00+00:00,2023-02-22 07:06:40.639000+00:00
140,AML Investigator-000001,AML check,2023-02-22 07:04:42.576000+00:00,2023-02-22 07:10:35.661000+00:00
142,AML Investigator-000002,AML check,2023-02-22 07:05:51.447000+00:00,2023-02-22 07:17:08.620000+00:00
141,Appraiser-000002,Appraise property,2023-02-22 07:06:40.639000+00:00,2023-02-22 07:22:25.793000+00:00
142,Clerk-000002,Check credit history,2023-02-22 07:00:43.591000+00:00,2023-02-22 07:23:04.485000+00:00
137,Loan Officer-000001,Assess loan risk,2023-02-22 07:04:42.576000+00:00,2023-02-22 07:24:42.576000+00:00
139,Loan Officer-000002,Assess loan risk,2023-02-22 07:05:51.447000+00:00,2023-02-22 07:25:51.447000+00:00
140,Loan Officer-000004,Assess loan risk,2023-02-22 07:10:35.661000+00:00,2023-02-22 07:30:35.661000+00:00
137,Clerk-000006,Reject application,2023-02-22 07:24:42.576000+00:00,2023-02-22 07:34:42.576000+00:00
139,Clerk-000005,Reject application,2023-02-22 07:25:51.447000+00:00,2023-02-22 07:35:51.447000+00:00
141,Clerk-000007,Check credit history,2023-02-22 07:06:40.639000+00:00,2023-02-22 07:41:15.492000+00:00
142,Loan Officer-000003,Assess loan risk,2023-02-22 07:23:04.485000+00:00,2023-02-22 07:43:04.485000+00:00
142,Clerk-000008,Reject application,2023-02-22 07:43:04.485000+00:00,2023-02-22 07:53:04.485000+00:00
140,Loan Officer-000001,Design loan offer,2023-02-22 07:30:35.661000+00:00,2023-02-22 07:54:24.340000+00:00
143,Clerk-000003,Check application form completeness,2023-02-22 07:30:00+00:00,2023-02-22 08:02:58.279000+00:00
143,AML Investigator-000002,AML check,2023-02-22 08:02:58.279000+00:00,2023-02-22 08:03:48.170000+00:00
141,AML Investigator-000001,AML check,2023-02-22 07:10:35.661000+00:00,2023-02-22 08:09:57.044000+00:00
140,Senior Officer-000002,Approve loan offer,2023-02-22 07:54:24.340000+00:00,2023-02-22 08:14:24.340000+00:00
140,Clerk-000002,Approve application,2023-02-22 08:14:24.340000+00:00,2023-02-22 08:19:24.340000+00:00
144,Clerk-000001,Check application form completeness,2023-02-22 08:00:00+00:00,2023-02-22 08:24:15.056000+00:00
143,Clerk-000004,Check credit history,2023-02-22 08:02:58.279000+00:00,2023-02-22 08:26:24.798000+00:00
141,Loan Officer-000002,Assess loan risk,2023-02-22 08:09:57.044000+00:00,2023-02-22 08:29:57.044000+00:00
145,Clerk-000005,Check application form completeness,2023-02-22 08:30:00+00:00,2023-02-22 08:42:38.186000+00:00
141,Loan Officer-000004,Design loan offer,2023-02-22 08:29:57.044000+00:00,2023-02-22 08:43:58.399000+00:00
145,Clerk-000007,Return application back to applicant,2023-02-22 08:42:38.186000+00:00,2023-02-22 08:47:38.186000+00:00
143,Appraiser-000001,Appraise property,2023-02-22 08:02:58.279000+00:00,2023-02-22 08:59:52.497000+00:00
144,Appraiser-000002,Appraise property,2023-02-22 08:24:15.056000+00:00,2023-02-22 09:00:31.039000+00:00
141,Senior Officer-000001,Approve loan offer,2023-02-22 08:43:58.399000+00:00,2023-02-22 09:03:58.399000+00:00
141,Clerk-000003,Approve application,2023-02-22 09:03:58.399000+00:00,2023-02-22 09:08:58.399000+00:00
146,Clerk-000008,Check application form completeness,2023-02-22 09:00:00+00:00,2023-02-22 09:11:36.124000+00:00
144,AML Investigator-000002,AML check,2023-02-22 08:24:15.056000+00:00,2023-02-22 09:12:19.204000+00:00
143,Loan Officer-000003,Assess loan risk,2023-02-22 08:59:52.497000+00:00,2023-02-22 09:19:52.497000+00:00
144,Clerk-000006,Check credit history,2023-02-22 08:24:15.056000+00:00,2023-02-22 09:24:39.376000+00:00
143,Clerk-000001,Reject application,2023-02-22 09:19:52.497000+00:00,2023-02-22 09:29:52.497000+00:00
147,Clerk-000004,Check application form completeness,2023-02-22 09:30:00+00:00,2023-02-22 09:31:34.441000+00:00
146,Appraiser-000001,Appraise property,2023-02-22 09:11:36.124000+00:00,2023-02-22 09:35:32.393000+00:00
144,Loan Officer-000001,Assess loan risk,2023-02-22 09:24:39.376000+00:00,2023-02-22 09:44:39.376000+00:00
146,AML Investigator-000001,AML check,2023-02-22 09:11:36.124000+00:00,2023-02-22 09:46:05.193000+00:00
145,Applicant-000001,Applicant completes form,2023-02-22 08:47:38.186000+00:00,2023-02-22 09:47:38.186000+00:00
147,Appraiser-000002,Appraise property,2023-02-22 09:31:34.441000+00:00,2023-02-22 09:48:24.834000+00:00
145,Clerk-000003,Check application form completeness,2023-02-22 09:47:38.186000+00:00,2023-02-22 09:49:14.647000+00:00
147,AML Investigator-000002,AML check,2023-02-22 09:31:34.441000+00:00,2023-02-22 09:52:25.409000+00:00
144,Clerk-000007,Reject application,2023-02-22 09:44:39.376000+00:00,2023-02-22 09:54:39.376000+00:00
145,AML Investigator-000001,AML check,2023-02-22 09:49:14.647000+00:00,2023-02-22 10:00:49.831000+00:00
145,Appraiser-000001,Appraise property,2023-02-22 09:49:14.647000+00:00,2023-02-22 10:02:29.944000+00:00
147,Clerk-000005,Check credit history,2023-02-22 09:31:34.441000+00:00,2023-02-22 10:10:33.097000+00:00
146,Clerk-000002,Check credit history,2023-02-22 09:11:36.124000+00:00,2023-02-22 10:11:49.053000+00:00
148,Clerk-000006,Check application form completeness,2023-02-22 10:00:00+00:00,2023-02-22 10:16:40.140000+00:00
148,AML Investigator-000002,AML check,2023-02-22 10:16:40.140000+00:00,2023-02-22 10:21:32.089000+00:00
147,Loan Officer-000002,Assess loan risk,2023-02-22 10:10:33.097000+00:00,2023-02-22 10:30:33.097000+00:00
145,Clerk-000008,Check credit history,2023-02-22 09:49:14.647000+00:00,2023-02-22 10:31:07.468000+00:00
146,Loan Officer-000004,Assess loan risk,2023-02-22 10:11:49.053000+00:00,2023-02-22 10:31:49.053000+00:00
149,Clerk-000004,Check application form completeness,2023-02-22 10:30:00+00:00,2023-02-22 10:34:48.603000+00:00
149,Clerk-000007,Check credit history,2023-02-22 10:34:48.603000+00:00,2023-02-22 10:35:55.714000+00:00
149,Appraiser-000001,Appraise property,2023-02-22 10:34:48.603000+00:00,2023-02-22 10:37:06.337000+00:00
146,Clerk-000003,Reject application,2023-02-22 10:31:49.053000+00:00,2023-02-22 10:41:49.053000+00:00
147,Loan Officer-000003,Design loan offer,2023-02-22 10:30:33.097000+00:00,2023-02-22 10:42:46.252000+00:00
145,Loan Officer-000001,Assess loan risk,2023-02-22 10:31:07.468000+00:00,2023-02-22 10:51:07.468000+00:00
149,AML Investigator-000001,AML check,2023-02-22 10:34:48.603000+00:00,2023-02-22 10:52:50.041000+00:00
145,Loan Officer-000002,Design loan offer,2023-02-22 10:51:07.468000+00:00,2023-02-22 10:54:04.824000+00:00
147,Senior Officer-000002,Approve loan offer,2023-02-22 10:42:46.252000+00:00,2023-02-22 11:02:46.252000+00:00
148,Clerk-000001,Check credit history,2023-02-22 10:16:40.140000+00:00,2023-02-22 11:05:19.764000+00:00
147,Clerk-000002,Cancel application,2023-02-22 11:02:46.252000+00:00,2023-02-22 11:07:46.252000+00:00
149,Loan Officer-000004,Assess loan risk,2023-02-22 10:52:50.041000+00:00,2023-02-22 11:12:50.041000+00:00
145,Senior Officer-000001,Approve loan offer,2023-02-22 10:54:04.824000+00:00,2023-02-22 11:14:04.824000+00:00
149,Loan Officer-000003,Design loan offer,2023-02-22 11:12:50.041000+00:00,2023-02-22 11:15:57.465000+00:00
148,Appraiser-000002,Appraise property,2023-02-22 10:16:40.140000+00:00,2023-02-22 11:16:29.588000+00:00
145,Clerk-000006,Cancel application,2023-02-22 11:14:04.824000+00:00,2023-02-22 11:19:04.824000+00:00
149,Senior Officer-000002,Approve loan offer,2023-02-22 11:15:57.465000+00:00,2023-02-22 11:35:57.465000+00:00
148,Loan Officer-000001,Assess loan risk,2023-02-22 11:16:29.588000+00:00,2023-02-22 11:36:29.588000+00:00
149,Clerk-000004,Approve application,2023-02-22 11:35:57.465000+00:00,2023-02-22 11:40:57.465000+00:00
150,Clerk-000005,Check application form completeness,2023-02-22 11:00:00+00:00,2023-02-22 11:43:33.882000+00:00
150,AML Investigator-000002,AML check,2023-02-22 11:43:33.882000+00:00,2023-02-22 11:45:49.908000+00:00
148,Clerk-000007,Reject application,2023-02-22 11:36:29.588000+00:00,2023-02-22 11:46:29.588000+00:00
151,Clerk-000008,Check application form completeness,2023-02-22 11:30:00+00:00,2023-02-22 11:54:17.653000+00:00
151,Appraiser-000002,Appraise property,2023-02-22 11:54:17.653000+00:00,2023-02-22 11:57:42.909000+00:00
151,AML Investigator-000001,AML check,2023-02-22 11:54:17.653000+00:00,2023-02-22 11:59:49.971000+00:00
152,Clerk-000002,Check application form completeness,2023-02-22 12:00:00+00:00,2023-02-22 12:10:20.229000+00:00
150,Clerk-000003,Check credit history,2023-02-22 11:43:33.882000+00:00,2023-02-22 12:10:28.921000+00:00
152,Appraiser-000002,Appraise property,2023-02-22 12:10:20.229000+00:00,2023-02-22 12:13:41.964000+00:00
151,Clerk-000001,Check credit history,2023-02-22 11:54:17.653000+00:00,2023-02-22 12:20:14.336000+00:00
152,Clerk-000006,Check credit history,2023-02-22 12:10:20.229000+00:00,2023-02-22 12:32:58.852000+00:00
152,AML Investigator-000002,AML check,2023-02-22 12:10:20.229000+00:00,2023-02-22 12:33:43.763000+00:00
153,Clerk-000004,Check application form completeness,2023-02-22 12:30:00+00:00,2023-02-22 12:39:23.955000+00:00
151,Loan Officer-000002,Assess loan risk,2023-02-22 12:20:14.336000+00:00,2023-02-22 12:40:14.336000+00:00
152,Loan Officer-000004,Assess loan risk,2023-02-22 12:33:43.763000+00:00,2023-02-22 12:53:43.763000+00:00
152,Clerk-000007,Reject application,2023-02-22 12:53:43.763000+00:00,2023-02-22 13:03:43.763000+00:00
151,Loan Officer-000003,Design loan offer,2023-02-22 12:40:14.336000+00:00,2023-02-22 13:08:34.742000+00:00
153,Clerk-000005,Check credit history,2023-02-22 12:39:23.955000+00:00,2023-02-22 13:12:39.855000+00:00
150,Appraiser-000001,Appraise property,2023-02-22 11:43:33.882000+00:00,2023-02-22 13:12:47.628000+00:00
154,Clerk-000008,Check application form completeness,2023-02-22 13:00:00+00:00,2023-02-22 13:19:46.328000+00:00
154,AML Investigator-000002,AML check,2023-02-22 13:19:46.328000+00:00,2023-02-22 13:20:30.524000+00:00
154,Clerk-000002,Check credit history,2023-02-22 13:19:46.328000+00:00,2023-02-22 13:22:11.028000+00:00
153,AML Investigator-000001,AML check,2023-02-22 12:39:23.955000+00:00,2023-02-22 13:26:50.836000+00:00
154,Appraiser-000001,Appraise property,2023-02-22 13:19:46.328000+00:00,2023-02-22 13:27:58.664000+00:00
151,Senior Officer-000001,Approve loan offer,2023-02-22 13:08:34.742000+00:00,2023-02-22 13:28:34.742000+00:00
150,Loan Officer-000001,Assess loan risk,2023-02-22 13:12:47.628000+00:00,2023-02-22 13:32:47.628000+00:00
151,Clerk-000003,Approve application,2023-02-22 13:28:34.742000+00:00,2023-02-22 13:33:34.742000+00:00
153,Appraiser-000002,Appraise property,2023-02-22 12:39:23.955000+00:00,2023-02-22 13:34:41.473000+00:00
155,Clerk-000001,Check application form completeness,2023-02-22 13:30:00+00:00,2023-02-22 13:36:09.637000+00:00
150,Clerk-000006,Reject application,2023-02-22 13:32:47.628000+00:00,2023-02-22 13:42:47.628000+00:00
154,Loan Officer-000002,Assess loan risk,2023-02-22 13:27:58.664000+00:00,2023-02-22 13:47:58.664000+00:00
155,Clerk-000004,Check credit history,2023-02-22 13:36:09.637000+00:00,2023-02-22 13:49:00.422000+00:00
153,Loan Officer-000004,Assess loan risk,2023-02-22 13:34:41.473000+00:00,2023-02-22 13:54:41.473000+00:00
155,Appraiser-000001,Appraise property,2023-02-22 13:36:09.637000+00:00,2023-02-22 13:55:43.829000+00:00
154,Clerk-000007,Reject application,2023-02-22 13:47:58.664000+00:00,2023-02-22 13:57:58.664000+00:00
156,Clerk-000005,Check application form completeness,2023-02-22 14:00:00+00:00,2023-02-22 14:12:44.782000+00:00
153,Loan Officer-000003,Design loan offer,2023-02-22 13:54:41.473000+00:00,2023-02-22 14:13:04.234000+00:00
156,Appraiser-000002,Appraise property,2023-02-22 14:12:44.782000+00:00,2023-02-22 14:19:34.773000+00:00
155,AML Investigator-000002,AML check,2023-02-22 13:36:09.637000+00:00,2023-02-22 14:20:14.386000+00:00
156,AML Investigator-000001,AML check,2023-02-22 14:12:44.782000+00:00,2023-02-22 14:22:06.309000+00:00
156,Clerk-000008,Check credit history,2023-02-22 14:12:44.782000+00:00,2023-02-22 14:32:17.882000+00:00
153,Senior Officer-000002,Approve loan offer,2023-02-22 14:13:04.234000+00:00,2023-02-22 14:33:04.234000+00:00
157,Clerk-000002,Check application form completeness,2023-02-22 14:30:00+00:00,2023-02-22 14:33:21.095000+00:00
157,AML Investigator-000002,AML check,2023-02-22 14:33:21.095000+00:00,2023-02-22 14:34:30.539000+00:00
153,Clerk-000003,Approve application,2023-02-22 14:33:04.234000+00:00,2023-02-22 14:38:04.234000+00:00
155,Loan Officer-000001,Assess loan risk,2023-02-22 14:20:14.386000+00:00,2023-02-22 14:40:14.386000+00:00
157,Appraiser-000001,Appraise property,2023-02-22 14:33:21.095000+00:00,2023-02-22 14:50:40.031000+00:00
156,Loan Officer-000002,Assess loan risk,2023-02-22 14:32:17.882000+00:00,2023-02-22 14:52:17.882000+00:00
155,Loan Officer-000004,Design loan offer,2023-02-22 14:40:14.386000+00:00,2023-02-22 14:57:25.241000+00:00
156,Loan Officer-000003,Design loan offer,2023-02-22 14:52:17.882000+00:00,2023-02-22 14:58:24.452000+00:00
157,Clerk-000001,Check credit history,2023-02-22 14:33:21.095000+00:00,2023-02-23 07:01:09.363000+00:00
155,Senior Officer-000001,Approve loan offer,2023-02-22 14:57:25.241000+00:00,2023-02-23 07:17:25.241000+00:00
156,Senior Officer-000002,Approve loan offer,2023-02-22 14:58:24.452000+00:00,2023-02-23 07:18:24.452000+00:00
158,Clerk-000006,Check application form completeness,2023-02-22 15:00:00+00:00,2023-02-23 07:20:21.839000+00:00
157,Loan Officer-000001,Assess loan risk,2023-02-23 07:01:09.363000+00:00,2023-02-23 07:21:09.363000+00:00
155,Clerk-000004,Cancel application,2023-02-23 07:17:25.241000+00:00,2023-02-23 07:22:25.241000+00:00
156,Clerk-000007,Cancel application,2023-02-23 07:18:24.452000+00:00,2023-02-23 07:23:24.452000+00:00
158,Clerk-000005,Check credit history,2023-02-23 07:20:21.839000+00:00,2023-02-23 07:24:07.811000+00:00
158,AML Investigator-000001,AML check,2023-02-23 07:20:21.839000+00:00,2023-02-23 07:25:34.722000+00:00
157,Loan Officer-000002,Design loan offer,2023-02-23 07:21:09.363000+00:00,2023-02-23 07:29:08.392000+00:00
158,Appraiser-000002,Appraise property,2023-02-23 07:20:21.839000+00:00,2023-02-23 07:29:26.532000+00:00
159,Clerk-000008,Check application form completeness,2023-02-23 07:30:00+00:00,2023-02-23 07:42:19.864000+00:00
159,AML Investigator-000002,AML check,2023-02-23 07:42:19.864000+00:00,2023-02-23 07:46:01.098000+00:00
157,Senior Officer-000001,Approve loan offer,2023-02-23 07:29:08.392000+00:00,2023-02-23 07:49:08.392000+00:00
158,Loan Officer-000004,Assess loan risk,2023-02-23 07:29:26.532000+00:00,2023-02-23 07:49:26.532000+00:00
157,Clerk-000003,Cancel application,2023-02-23 07:49:08.392000+00:00,2023-02-23 07:54:08.392000+00:00
158,Clerk-000001,Reject application,2023-02-23 07:49:26.532000+00:00,2023-02-23 07:59:26.532000+00:00
159,Appraiser-000001,Appraise property,2023-02-23 07:42:19.864000+00:00,2023-02-23 08:00:10.317000+00:00
159,Clerk-000002,Check credit history,2023-02-23 07:42:19.864000+00:00,2023-02-23 08:10:53.097000+00:00
159,Loan Officer-000003,Assess loan risk,2023-02-23 08:10:53.097000+00:00,2023-02-23 08:30:53.097000+00:00
159,Clerk-000007,Reject application,2023-02-23 08:30:53.097000+00:00,2023-02-23 08:40:53.097000+00:00
160,Clerk-000006,Check application form completeness,2023-02-23 08:00:00+00:00,2023-02-23 08:56:20.820000+00:00
160,AML Investigator-000001,AML check,2023-02-23 08:56:20.820000+00:00,2023-02-23 09:07:12.590000+00:00
161,Clerk-000004,Check application form completeness,2023-02-23 08:30:00+00:00,2023-02-23 09:09:41.640000+00:00
160,Clerk-000005,Check credit history,2023-02-23 08:56:20.820000+00:00,2023-02-23 09:10:35.972000+00:00
162,Clerk-000008,Check application form completeness,2023-02-23 09:00:00+00:00,2023-02-23 09:12:47.952000+00:00
162,Clerk-000001,Return application back to applicant,2023-02-23 09:12:47.952000+00:00,2023-02-23 09:17:47.952000+00:00
161,AML Investigator-000002,AML check,2023-02-23 09:09:41.640000+00:00,2023-02-23 09:19:47.566000+00:00
161,Appraiser-000001,Appraise property,2023-02-23 09:09:41.640000+00:00,2023-02-23 09:19:51.531000+00:00
161,Clerk-000003,Check credit history,2023-02-23 09:09:41.640000+00:00,2023-02-23 09:22:39.190000+00:00
161,Loan Officer-000001,Assess loan risk,2023-02-23 09:22:39.190000+00:00,2023-02-23 09:42:39.190000+00:00
160,Appraiser-000002,Appraise property,2023-02-23 08:56:20.820000+00:00,2023-02-23 09:45:21.077000+00:00
161,Clerk-000007,Reject application,2023-02-23 09:42:39.190000+00:00,2023-02-23 09:52:39.190000+00:00
163,Clerk-000002,Check application form completeness,2023-02-23 09:30:00+00:00,2023-02-23 09:59:41.513000+00:00
160,Loan Officer-000002,Assess loan risk,2023-02-23 09:45:21.077000+00:00,2023-02-23 10:05:21.077000+00:00
160,Loan Officer-000004,Design loan offer,2023-02-23 10:05:21.077000+00:00,2023-02-23 10:06:27.669000+00:00
164,Clerk-000004,Check application form completeness,2023-02-23 10:00:00+00:00,2023-02-23 10:12:34.042000+00:00
162,Applicant-000001,Applicant completes form,2023-02-23 09:17:47.952000+00:00,2023-02-23 10:17:47.952000+00:00
164,AML Investigator-000002,AML check,2023-02-23 10:12:34.042000+00:00,2023-02-23 10:25:32.863000+00:00
160,Senior Officer-000002,Approve loan offer,2023-02-23 10:06:27.669000+00:00,2023-02-23 10:26:27.669000+00:00
163,AML Investigator-000001,AML check,2023-02-23 09:59:41.513000+00:00,2023-02-23 10:31:12.513000+00:00
160,Clerk-000001,Approve application,2023-02-23 10:26:27.669000+00:00,2023-02-23 10:31:27.669000+00:00
165,Clerk-000003,Check application form completeness,2023-02-23 10:30:00+00:00,2023-02-23 10:33:01.884000+00:00
162,Clerk-000008,Check application form completeness,2023-02-23 10:17:47.952000+00:00,2023-02-23 10:37:34.411000+00:00
164,Appraiser-000002,Appraise property,2023-02-23 10:12:34.042000+00:00,2023-02-23 10:42:00.147000+00:00
163,Appraiser-000001,Appraise property,2023-02-23 09:59:41.513000+00:00,2023-02-23 10:50:28.689000+00:00
162,Appraiser-000002,Appraise property,2023-02-23 10:42:00.147000+00:00,2023-02-23 10:52:02.642000+00:00
165,Clerk-000007,Check credit history,2023-02-23 10:33:01.884000+00:00,2023-02-23 10:59:42.077000+00:00
164,Clerk-000005,Check credit history,2023-02-23 10:12:34.042000+00:00,2023-02-23 11:01:05.148000+00:00
162,AML Investigator-000001,AML check,2023-02-23 10:37:34.411000+00:00,2023-02-23 11:06:57.293000+00:00
162,Clerk-000002,Check credit history,2023-02-23 10:37:34.411000+00:00,2023-02-23 11:11:10.564000+00:00
165,AML Investigator-000002,AML check,2023-02-23 10:33:01.884000+00:00,2023-02-23 11:15:48.394000+00:00
164,Loan Officer-000003,Assess loan risk,2023-02-23 11:01:05.148000+00:00,2023-02-23 11:21:05.148000+00:00
164,Loan Officer-000002,Design loan offer,2023-02-23 11:21:05.148000+00:00,2023-02-23 11:26:03.706000+00:00
167,Clerk-000001,Check application form completeness,2023-02-23 11:30:00+00:00,2023-02-23 11:30:49.756000+00:00
162,Loan Officer-000001,Assess loan risk,2023-02-23 11:11:10.564000+00:00,2023-02-23 11:31:10.564000+00:00
166,Clerk-000004,Check application form completeness,2023-02-23 11:00:00+00:00,2023-02-23 11:32:30.844000+00:00
166,AML Investigator-000002,AML check,2023-02-23 11:32:30.844000+00:00,2023-02-23 11:33:21.266000+00:00
163,Clerk-000006,Check credit history,2023-02-23 09:59:41.513000+00:00,2023-02-23 11:36:38.057000+00:00
167,Clerk-000003,Check credit history,2023-02-23 11:30:49.756000+00:00,2023-02-23 11:37:14.144000+00:00
167,AML Investigator-000001,AML check,2023-02-23 11:30:49.756000+00:00,2023-02-23 11:38:28.695000+00:00
162,Clerk-000008,Reject application,2023-02-23 11:31:10.564000+00:00,2023-02-23 11:41:10.564000+00:00
167,Appraiser-000002,Appraise property,2023-02-23 11:30:49.756000+00:00,2023-02-23 11:43:14.518000+00:00
164,Senior Officer-000001,Approve loan offer,2023-02-23 11:26:03.706000+00:00,2023-02-23 11:46:03.706000+00:00
164,Clerk-000005,Approve application,2023-02-23 11:46:03.706000+00:00,2023-02-23 11:51:03.706000+00:00
166,Appraiser-000002,Appraise property,2023-02-23 11:43:14.518000+00:00,2023-02-23 11:54:49.578000+00:00
163,Loan Officer-000004,Assess loan risk,2023-02-23 11:36:38.057000+00:00,2023-02-23 11:56:38.057000+00:00
163,Loan Officer-000002,Design loan offer,2023-02-23 11:56:38.057000+00:00,2023-02-23 11:57:23.352000+00:00
167,Loan Officer-000003,Assess loan risk,2023-02-23 11:43:14.518000+00:00,2023-02-23 12:03:14.518000+00:00
168,Clerk-000002,Check application form completeness,2023-02-23 12:00:00+00:00,2023-02-23 12:04:01.413000+00:00
168,AML Investigator-000002,AML check,2023-02-23 12:04:01.413000+00:00,2023-02-23 12:06:09.539000+00:00
168,Clerk-000001,Check credit history,2023-02-23 12:04:01.413000+00:00,2023-02-23 12:06:42.863000+00:00
167,Loan Officer-000001,Design loan offer,2023-02-23 12:03:14.518000+00:00,2023-02-23 12:08:08.053000+00:00
163,Senior Officer-000002,Approve loan offer,2023-02-23 11:57:23.352000+00:00,2023-02-23 12:17:23.352000+00:00
163,Clerk-000004,Cancel application,2023-02-23 12:17:23.352000+00:00,2023-02-23 12:22:23.352000+00:00
168,Appraiser-000002,Appraise property,2023-02-23 12:04:01.413000+00:00,2023-02-23 12:26:15.075000+00:00
167,Senior Officer-000001,Approve loan offer,2023-02-23 12:08:08.053000+00:00,2023-02-23 12:28:08.053000+00:00
167,Clerk-000006,Approve application,2023-02-23 12:28:08.053000+00:00,2023-02-23 12:33:08.053000+00:00
168,Loan Officer-000004,Assess loan risk,2023-02-23 12:26:15.075000+00:00,2023-02-23 12:46:15.075000+00:00
168,Loan Officer-000002,Design loan offer,2023-02-23 12:46:15.075000+00:00,2023-02-23 12:47:31.295000+00:00
169,Clerk-000003,Check application form completeness,2023-02-23 12:30:00+00:00,2023-02-23 13:01:29.820000+00:00
169,Clerk-000005,Check credit history,2023-02-23 13:01:29.820000+00:00,2023-02-23 13:07:27.575000+00:00
168,Senior Officer-000002,Approve loan offer,2023-02-23 12:47:31.295000+00:00,2023-02-23 13:07:31.295000+00:00
170,Clerk-000008,Check application form completeness,2023-02-23 13:00:00+00:00,2023-02-23 13:10:32.691000+00:00
168,Clerk-000002,Cancel application,2023-02-23 13:07:31.295000+00:00,2023-02-23 13:12:31.295000+00:00
169,Appraiser-000002,Appraise property,2023-02-23 13:01:29.820000+00:00,2023-02-23 13:15:28.898000+00:00
170,AML Investigator-000002,AML check,2023-02-23 13:10:32.691000+00:00,2023-02-23 13:15:37.997000+00:00
170,Clerk-000001,Check credit history,2023-02-23 13:10:32.691000+00:00,2023-02-23 13:21:30.441000+00:00
169,AML Investigator-000001,AML check,2023-02-23 13:01:29.820000+00:00,2023-02-23 13:29:45.840000+00:00
169,Loan Officer-000003,Assess loan risk,2023-02-23 13:29:45.840000+00:00,2023-02-23 13:49:45.840000+00:00
166,Clerk-000007,Check credit history,2023-02-23 11:32:30.844000+00:00,2023-02-23 13:54:18.059000+00:00
170,Appraiser-000002,Appraise property,2023-02-23 13:15:28.898000+00:00,2023-02-23 13:58:13.029000+00:00
169,Loan Officer-000001,Design loan offer,2023-02-23 13:49:45.840000+00:00,2023-02-23 13:59:53.286000+00:00
172,Clerk-000006,Check application form completeness,2023-02-23 14:00:00+00:00,2023-02-23 14:00:58.239000+00:00
172,Clerk-000003,Check credit history,2023-02-23 14:00:58.239000+00:00,2023-02-23 14:05:32.022000+00:00
166,Loan Officer-000004,Assess loan risk,2023-02-23 13:54:18.059000+00:00,2023-02-23 14:14:18.059000+00:00
172,AML Investigator-000002,AML check,2023-02-23 14:00:58.239000+00:00,2023-02-23 14:17:02.011000+00:00
170,Loan Officer-000002,Assess loan risk,2023-02-23 13:58:13.029000+00:00,2023-02-23 14:18:13.029000+00:00
169,Senior Officer-000001,Approve loan offer,2023-02-23 13:59:53.286000+00:00,2023-02-23 14:19:53.286000+00:00
166,Clerk-000005,Reject application,2023-02-23 14:14:18.059000+00:00,2023-02-23 14:24:18.059000+00:00
169,Clerk-000008,Cancel application,2023-02-23 14:19:53.286000+00:00,2023-02-23 14:24:53.286000+00:00
165,Appraiser-000001,Appraise property,2023-02-23 10:50:28.689000+00:00,2023-02-23 14:26:19.919000+00:00
170,Loan Officer-000003,Design loan offer,2023-02-23 14:18:13.029000+00:00,2023-02-23 14:28:36.901000+00:00
171,Clerk-000004,Check application form completeness,2023-02-23 13:30:00+00:00,2023-02-23 14:29:00.856000+00:00
173,Clerk-000001,Check application form completeness,2023-02-23 14:30:00+00:00,2023-02-23 14:34:12.421000+00:00
171,Appraiser-000001,Appraise property,2023-02-23 14:29:00.856000+00:00,2023-02-23 14:37:26.209000+00:00
173,Appraiser-000001,Appraise property,2023-02-23 14:37:26.209000+00:00,2023-02-23 14:39:15.910000+00:00
165,Loan Officer-000001,Assess loan risk,2023-02-23 14:26:19.919000+00:00,2023-02-23 14:46:19.919000+00:00
170,Senior Officer-000002,Approve loan offer,2023-02-23 14:28:36.901000+00:00,2023-02-23 14:48:36.901000+00:00
172,Appraiser-000002,Appraise property,2023-02-23 14:00:58.239000+00:00,2023-02-23 14:49:45.338000+00:00
170,Clerk-000003,Cancel application,2023-02-23 14:48:36.901000+00:00,2023-02-23 14:53:36.901000+00:00
165,Clerk-000006,Reject application,2023-02-23 14:46:19.919000+00:00,2023-02-23 14:56:19.919000+00:00
173,Clerk-000007,Check credit history,2023-02-23 14:34:12.421000+00:00,2023-02-24 07:06:25.864000+00:00
173,AML Investigator-000002,AML check,2023-02-23 14:34:12.421000+00:00,2023-02-24 07:08:17.576000+00:00
172,Loan Officer-000004,Assess loan risk,2023-02-23 14:49:45.338000+00:00,2023-02-24 07:09:45.338000+00:00
172,Loan Officer-000003,Design loan offer,2023-02-24 07:09:45.338000+00:00,2023-02-24 07:22:02.894000+00:00
173,Loan Officer-000002,Assess loan risk,2023-02-24 07:08:17.576000+00:00,2023-02-24 07:28:17.576000+00:00
174,Clerk-000005,Check application form completeness,2023-02-23 15:00:00+00:00,2023-02-24 07:29:47.601000+00:00
171,Clerk-000002,Check credit history,2023-02-23 14:29:00.856000+00:00,2023-02-24 07:31:40.145000+00:00
173,Clerk-000008,Reject application,2023-02-24 07:28:17.576000+00:00,2023-02-24 07:38:17.576000+00:00
172,Senior Officer-000001,Approve loan offer,2023-02-24 07:22:02.894000+00:00,2023-02-24 07:42:02.894000+00:00
172,Clerk-000003,Approve application,2023-02-24 07:42:02.894000+00:00,2023-02-24 07:47:02.894000+00:00
171,AML Investigator-000001,AML check,2023-02-23 14:29:00.856000+00:00,2023-02-24 07:48:15.683000+00:00
175,Clerk-000001,Check application form completeness,2023-02-24 07:30:00+00:00,2023-02-24 07:53:48.727000+00:00
175,Clerk-000006,Return application back to applicant,2023-02-24 07:53:48.727000+00:00,2023-02-24 07:58:48.727000+00:00
176,Clerk-000007,Check application form completeness,2023-02-24 08:00:00+00:00,2023-02-24 08:05:17.369000+00:00
171,Loan Officer-000001,Assess loan risk,2023-02-24 07:48:15.683000+00:00,2023-02-24 08:08:15.683000+00:00
176,AML Investigator-000001,AML check,2023-02-24 08:05:17.369000+00:00,2023-02-24 08:14:11.797000+00:00
176,Clerk-000005,Check credit history,2023-02-24 08:05:17.369000+00:00,2023-02-24 08:15:13.160000+00:00
171,Clerk-000002,Reject application,2023-02-24 08:08:15.683000+00:00,2023-02-24 08:18:15.683000+00:00
174,Clerk-000004,Check credit history,2023-02-24 07:29:47.601000+00:00,2023-02-24 08:23:27.989000+00:00
174,Appraiser-000001,Appraise property,2023-02-24 07:29:47.601000+00:00,2023-02-24 08:26:29.962000+00:00
176,Appraiser-000002,Appraise property,2023-02-24 08:05:17.369000+00:00,2023-02-24 08:34:30.943000+00:00
176,Loan Officer-000004,Assess loan risk,2023-02-24 08:34:30.943000+00:00,2023-02-24 08:54:30.943000+00:00
177,Clerk-000008,Check application form completeness,2023-02-24 08:30:00+00:00,2023-02-24 08:56:54.470000+00:00
175,Applicant-000001,Applicant completes form,2023-02-24 07:58:48.727000+00:00,2023-02-24 08:58:48.727000+00:00
176,Loan Officer-000003,Design loan offer,2023-02-24 08:54:30.943000+00:00,2023-02-24 08:59:28.203000+00:00
177,Appraiser-000001,Appraise property,2023-02-24 08:56:54.470000+00:00,2023-02-24 09:08:55.792000+00:00
177,AML Investigator-000001,AML check,2023-02-24 08:56:54.470000+00:00,2023-02-24 09:12:02.189000+00:00
175,Clerk-000001,Check application form completeness,2023-02-24 08:58:48.727000+00:00,2023-02-24 09:13:50.944000+00:00
178,Clerk-000006,Check application form completeness,2023-02-24 09:00:00+00:00,2023-02-24 09:15:35.442000+00:00
176,Senior Officer-000002,Approve loan offer,2023-02-24 08:59:28.203000+00:00,2023-02-24 09:19:28.203000+00:00
178,Clerk-000005,Check credit history,2023-02-24 09:15:35.442000+00:00,2023-02-24 09:20:44.172000+00:00
176,Clerk-000002,Cancel application,2023-02-24 09:19:28.203000+00:00,2023-02-24 09:24:28.203000+00:00
174,AML Investigator-000002,AML check,2023-02-24 07:29:47.601000+00:00,2023-02-24 09:28:17.226000+00:00
174,Loan Officer-000002,Assess loan risk,2023-02-24 09:28:17.226000+00:00,2023-02-24 09:48:17.226000+00:00
175,Clerk-000007,Check credit history,2023-02-24 09:13:50.944000+00:00,2023-02-24 09:49:32.764000+00:00
178,Appraiser-000001,Appraise property,2023-02-24 09:15:35.442000+00:00,2023-02-24 09:55:51.036000+00:00
174,Clerk-000008,Reject application,2023-02-24 09:48:17.226000+00:00,2023-02-24 09:58:17.226000+00:00
180,Clerk-000001,Check application form completeness,2023-02-24 10:00:00+00:00,2023-02-24 10:00:32.407000+00:00
177,Clerk-000003,Check credit history,2023-02-24 08:56:54.470000+00:00,2023-02-24 10:03:07.620000+00:00
180,Clerk-000006,Return application back to applicant,2023-02-24 10:00:32.407000+00:00,2023-02-24 10:05:32.407000+00:00
175,Appraiser-000002,Appraise property,2023-02-24 09:13:50.944000+00:00,2023-02-24 10:10:01.141000+00:00
179,Clerk-000004,Check application form completeness,2023-02-24 09:30:00+00:00,2023-02-24 10:23:07.407000+00:00
177,Loan Officer-000001,Assess loan risk,2023-02-24 10:03:07.620000+00:00,2023-02-24 10:23:07.620000+00:00
177,Loan Officer-000004,Design loan offer,2023-02-24 10:23:07.620000+00:00,2023-02-24 10:23:18.540000+00:00
179,Clerk-000005,Check credit history,2023-02-24 10:23:07.407000+00:00,2023-02-24 10:42:43.002000+00:00
177,Senior Officer-000001,Approve loan offer,2023-02-24 10:23:18.540000+00:00,2023-02-24 10:43:18.540000+00:00
175,AML Investigator-000001,AML check,2023-02-24 09:13:50.944000+00:00,2023-02-24 10:46:31.076000+00:00
177,Clerk-000007,Approve application,2023-02-24 10:43:18.540000+00:00,2023-02-24 10:48:18.540000+00:00
180,Applicant-000001,Applicant completes form,2023-02-24 10:05:32.407000+00:00,2023-02-24 11:05:32.407000+00:00
175,Loan Officer-000003,Assess loan risk,2023-02-24 10:46:31.076000+00:00,2023-02-24 11:06:31.076000+00:00
180,Clerk-000001,Check application form completeness,2023-02-24 11:05:32.407000+00:00,2023-02-24 11:07:59.101000+00:00
178,AML Investigator-000002,AML check,2023-02-24 09:28:17.226000+00:00,2023-02-24 11:08:07.302000+00:00
180,AML Investigator-000002,AML check,2023-02-24 11:08:07.302000+00:00,2023-02-24 11:08:34.980000+00:00
179,Appraiser-000001,Appraise property,2023-02-24 10:23:07.407000+00:00,2023-02-24 11:10:12.585000+00:00
181,Clerk-000002,Check application form completeness,2023-02-24 10:30:00+00:00,2023-02-24 11:10:32.331000+00:00
181,Clerk-000004,Check credit history,2023-02-24 11:10:32.331000+00:00,2023-02-24 11:12:59.611000+00:00
182,Clerk-000008,Check application form completeness,2023-02-24 11:00:00+00:00,2023-02-24 11:16:07.628000+00:00
181,AML Investigator-000002,AML check,2023-02-24 11:10:32.331000+00:00,2023-02-24 11:16:24.566000+00:00
175,Clerk-000003,Reject application,2023-02-24 11:06:31.076000+00:00,2023-02-24 11:16:31.076000+00:00
180,Clerk-000006,Check credit history,2023-02-24 11:07:59.101000+00:00,2023-02-24 11:17:54.662000+00:00
178,Loan Officer-000002,Assess loan risk,2023-02-24 11:08:07.302000+00:00,2023-02-24 11:28:07.302000+00:00
183,Clerk-000001,Check application form completeness,2023-02-24 11:30:00+00:00,2023-02-24 11:30:10.046000+00:00
178,Clerk-000007,Reject application,2023-02-24 11:28:07.302000+00:00,2023-02-24 11:38:07.302000+00:00
180,Appraiser-000002,Appraise property,2023-02-24 11:07:59.101000+00:00,2023-02-24 11:44:43.924000+00:00
182,Clerk-000005,Check credit history,2023-02-24 11:16:07.628000+00:00,2023-02-24 11:45:48.295000+00:00
182,Appraiser-000002,Appraise property,2023-02-24 11:44:43.924000+00:00,2023-02-24 11:45:57.455000+00:00
183,Clerk-000002,Check credit history,2023-02-24 11:30:10.046000+00:00,2023-02-24 11:55:49.279000+00:00
183,Appraiser-000002,Appraise property,2023-02-24 11:45:57.455000+00:00,2023-02-24 11:58:02.692000+00:00
184,Clerk-000004,Check application form completeness,2023-02-24 12:00:00+00:00,2023-02-24 12:01:41.904000+00:00
184,Clerk-000008,Check credit history,2023-02-24 12:01:41.904000+00:00,2023-02-24 12:01:48.159000+00:00
180,Loan Officer-000001,Assess loan risk,2023-02-24 11:44:43.924000+00:00,2023-02-24 12:04:43.924000+00:00
179,AML Investigator-000001,AML check,2023-02-24 10:46:31.076000+00:00,2023-02-24 12:06:37.385000+00:00
182,AML Investigator-000002,AML check,2023-02-24 11:16:24.566000+00:00,2023-02-24 12:12:32.732000+00:00
180,Clerk-000003,Reject application,2023-02-24 12:04:43.924000+00:00,2023-02-24 12:14:43.924000+00:00
179,Loan Officer-000004,Assess loan risk,2023-02-24 12:06:37.385000+00:00,2023-02-24 12:26:37.385000+00:00
184,AML Investigator-000002,AML check,2023-02-24 12:12:32.732000+00:00,2023-02-24 12:28:22.150000+00:00
181,Appraiser-000001,Appraise property,2023-02-24 11:10:32.331000+00:00,2023-02-24 12:29:36.537000+00:00
183,AML Investigator-000001,AML check,2023-02-24 12:06:37.385000+00:00,2023-02-24 12:32:15.059000+00:00
182,Loan Officer-000003,Assess loan risk,2023-02-24 12:12:32.732000+00:00,2023-02-24 12:32:32.732000+00:00
182,Loan Officer-000004,Design loan offer,2023-02-24 12:32:32.732000+00:00,2023-02-24 12:33:34.983000+00:00
184,Appraiser-000002,Appraise property,2023-02-24 12:01:41.904000+00:00,2023-02-24 12:34:26.992000+00:00
179,Clerk-000006,Reject application,2023-02-24 12:26:37.385000+00:00,2023-02-24 12:36:37.385000+00:00
185,Clerk-000001,Check application form completeness,2023-02-24 12:30:00+00:00,2023-02-24 12:43:03.262000+00:00
181,Loan Officer-000002,Assess loan risk,2023-02-24 12:29:36.537000+00:00,2023-02-24 12:49:36.537000+00:00
183,Loan Officer-000001,Assess loan risk,2023-02-24 12:32:15.059000+00:00,2023-02-24 12:52:15.059000+00:00
182,Senior Officer-000002,Approve loan offer,2023-02-24 12:33:34.983000+00:00,2023-02-24 12:53:34.983000+00:00
184,Loan Officer-000003,Assess loan risk,2023-02-24 12:34:26.992000+00:00,2023-02-24 12:54:26.992000+00:00
181,Loan Officer-000004,Design loan offer,2023-02-24 12:49:36.537000+00:00,2023-02-24 12:57:27.459000+00:00
182,Clerk-000005,Cancel application,2023-02-24 12:53:34.983000+00:00,2023-02-24 12:58:34.983000+00:00
183,Loan Officer-000002,Design loan offer,2023-02-24 12:52:15.059000+00:00,2023-02-24 12:58:59.649000+00:00
184,Clerk-000002,Reject application,2023-02-24 12:54:26.992000+00:00,2023-02-24 13:04:26.992000+00:00
185,AML Investigator-000002,AML check,2023-02-24 12:43:03.262000+00:00,2023-02-24 13:06:42.512000+00:00
186,Clerk-000004,Check application form completeness,2023-02-24 13:00:00+00:00,2023-02-24 13:15:18.108000+00:00
181,Senior Officer-000001,Approve loan offer,2023-02-24 12:57:27.459000+00:00,2023-02-24 13:17:27.459000+00:00
183,Senior Officer-000002,Approve loan offer,2023-02-24 12:58:59.649000+00:00,2023-02-24 13:18:59.649000+00:00
185,Appraiser-000001,Appraise property,2023-02-24 12:43:03.262000+00:00,2023-02-24 13:21:39.965000+00:00
181,Clerk-000003,Cancel application,2023-02-24 13:17:27.459000+00:00,2023-02-24 13:22:27.459000+00:00
183,Clerk-000006,Approve application,2023-02-24 13:18:59.649000+00:00,2023-02-24 13:23:59.649000+00:00
185,Clerk-000007,Check credit history,2023-02-24 12:43:03.262000+00:00,2023-02-24 13:27:58.894000+00:00
185,Loan Officer-000001,Assess loan risk,2023-02-24 13:27:58.894000+00:00,2023-02-24 13:47:58.894000+00:00
185,Loan Officer-000003,Design loan offer,2023-02-24 13:47:58.894000+00:00,2023-02-24 13:48:58.919000+00:00
186,Appraiser-000002,Appraise property,2023-02-24 13:15:18.108000+00:00,2023-02-24 13:57:57.917000+00:00
186,Clerk-000008,Check credit history,2023-02-24 13:15:18.108000+00:00,2023-02-24 14:00:00.912000+00:00
186,AML Investigator-000001,AML check,2023-02-24 13:15:18.108000+00:00,2023-02-24 14:01:19.898000+00:00
188,Clerk-000005,Check application form completeness,2023-02-24 14:00:00+00:00,2023-02-24 14:04:56.224000+00:00
188,AML Investigator-000002,AML check,2023-02-24 14:04:56.224000+00:00,2023-02-24 14:07:34.939000+00:00
185,Senior Officer-000001,Approve loan offer,2023-02-24 13:48:58.919000+00:00,2023-02-24 14:08:58.919000+00:00
185,Clerk-000004,Cancel application,2023-02-24 14:08:58.919000+00:00,2023-02-24 14:13:58.919000+00:00
187,Clerk-000001,Check application form completeness,2023-02-24 13:30:00+00:00,2023-02-24 14:15:45.110000+00:00
187,Clerk-000003,Check credit history,2023-02-24 14:15:45.110000+00:00,2023-02-24 14:17:57.067000+00:00
188,Clerk-000002,Check credit history,2023-02-24 14:04:56.224000+00:00,2023-02-24 14:20:21.460000+00:00
186,Loan Officer-000004,Assess loan risk,2023-02-24 14:01:19.898000+00:00,2023-02-24 14:21:19.898000+00:00
186,Clerk-000006,Reject application,2023-02-24 14:21:19.898000+00:00,2023-02-24 14:31:19.898000+00:00
187,AML Investigator-000001,AML check,2023-02-24 14:15:45.110000+00:00,2023-02-24 14:46:16.645000+00:00
188,Appraiser-000001,Appraise property,2023-02-24 14:04:56.224000+00:00,2023-02-24 14:58:36.373000+00:00
187,Appraiser-000002,Appraise property,2023-02-24 14:15:45.110000+00:00,2023-02-24 14:59:02.534000+00:00
190,Clerk-000008,Check application form completeness,2023-02-24 15:00:00+00:00,2023-02-27 07:01:06.594000+00:00
190,Clerk-000005,Check credit history,2023-02-27 07:01:06.594000+00:00,2023-02-27 07:04:23.503000+00:00
188,Loan Officer-000002,Assess loan risk,2023-02-24 14:58:36.373000+00:00,2023-02-27 07:18:36.373000+00:00
187,Loan Officer-000001,Assess loan risk,2023-02-24 14:59:02.534000+00:00,2023-02-27 07:19:02.534000+00:00
189,Clerk-000007,Check application form completeness,2023-02-24 14:30:00+00:00,2023-02-27 07:24:21.188000+00:00
187,Loan Officer-000004,Design loan offer,2023-02-27 07:19:02.534000+00:00,2023-02-27 07:28:19.053000+00:00
190,AML Investigator-000002,AML check,2023-02-27 07:01:06.594000+00:00,2023-02-27 07:30:28.479000+00:00
188,Loan Officer-000003,Design loan offer,2023-02-27 07:18:36.373000+00:00,2023-02-27 07:35:39.002000+00:00
189,Clerk-000004,Check credit history,2023-02-27 07:24:21.188000+00:00,2023-02-27 07:37:33.598000+00:00
191,Clerk-000001,Check application form completeness,2023-02-27 07:30:00+00:00,2023-02-27 07:40:46.308000+00:00
190,Appraiser-000001,Appraise property,2023-02-27 07:01:06.594000+00:00,2023-02-27 07:40:58.079000+00:00
191,Clerk-000003,Check credit history,2023-02-27 07:40:46.308000+00:00,2023-02-27 07:46:42.170000+00:00
187,Senior Officer-000002,Approve loan offer,2023-02-27 07:28:19.053000+00:00,2023-02-27 07:48:19.053000+00:00
187,Clerk-000002,Approve application,2023-02-27 07:48:19.053000+00:00,2023-02-27 07:53:19.053000+00:00
188,Senior Officer-000001,Approve loan offer,2023-02-27 07:35:39.002000+00:00,2023-02-27 07:55:39.002000+00:00
188,Clerk-000006,Cancel application,2023-02-27 07:55:39.002000+00:00,2023-02-27 08:00:39.002000+00:00
190,Loan Officer-000002,Assess loan risk,2023-02-27 07:40:58.079000+00:00,2023-02-27 08:00:58.079000+00:00
190,Clerk-000005,Reject application,2023-02-27 08:00:58.079000+00:00,2023-02-27 08:10:58.079000+00:00
189,Appraiser-000002,Appraise property,2023-02-27 07:24:21.188000+00:00,2023-02-27 08:13:21.277000+00:00
192,Clerk-000008,Check application form completeness,2023-02-27 08:00:00+00:00,2023-02-27 08:18:13.183000+00:00
193,Clerk-000004,Check application form completeness,2023-02-27 08:30:00+00:00,2023-02-27 08:38:41.129000+00:00
193,Clerk-000001,Check credit history,2023-02-27 08:38:41.129000+00:00,2023-02-27 08:42:14.917000+00:00
192,Clerk-000007,Check credit history,2023-02-27 08:18:13.183000+00:00,2023-02-27 08:51:52.680000+00:00
191,Appraiser-000001,Appraise property,2023-02-27 07:40:58.079000+00:00,2023-02-27 08:52:40.567000+00:00
193,Appraiser-000001,Appraise property,2023-02-27 08:52:40.567000+00:00,2023-02-27 09:14:54.201000+00:00
195,Clerk-000002,Check application form completeness,2023-02-27 09:30:00+00:00,2023-02-27 09:39:18.623000+00:00
189,AML Investigator-000001,AML check,2023-02-27 07:24:21.188000+00:00,2023-02-27 09:42:13.892000+00:00
192,Appraiser-000002,Appraise property,2023-02-27 08:18:13.183000+00:00,2023-02-27 09:43:20.418000+00:00
191,AML Investigator-000002,AML check,2023-02-27 07:40:46.308000+00:00,2023-02-27 09:47:17.779000+00:00
194,Clerk-000003,Check application form completeness,2023-02-27 09:00:00+00:00,2023-02-27 09:56:58.778000+00:00
189,Loan Officer-000001,Assess loan risk,2023-02-27 09:42:13.892000+00:00,2023-02-27 10:02:13.892000+00:00
196,Clerk-000008,Check application form completeness,2023-02-27 10:00:00+00:00,2023-02-27 10:06:29.153000+00:00
191,Loan Officer-000004,Assess loan risk,2023-02-27 09:47:17.779000+00:00,2023-02-27 10:07:17.779000+00:00
195,Clerk-000006,Check credit history,2023-02-27 09:39:18.623000+00:00,2023-02-27 10:09:05.930000+00:00
192,AML Investigator-000001,AML check,2023-02-27 09:42:13.892000+00:00,2023-02-27 10:11:07.500000+00:00
189,Clerk-000004,Reject application,2023-02-27 10:02:13.892000+00:00,2023-02-27 10:12:13.892000+00:00
196,Clerk-000001,Check credit history,2023-02-27 10:06:29.153000+00:00,2023-02-27 10:18:28.773000+00:00
194,AML Investigator-000001,AML check,2023-02-27 10:11:07.500000+00:00,2023-02-27 10:23:34.823000+00:00
193,AML Investigator-000002,AML check,2023-02-27 09:47:17.779000+00:00,2023-02-27 10:25:27.385000+00:00
191,Loan Officer-000003,Design loan offer,2023-02-27 10:07:17.779000+00:00,2023-02-27 10:27:19.685000+00:00
195,Appraiser-000001,Appraise property,2023-02-27 09:39:18.623000+00:00,2023-02-27 10:28:16.725000+00:00
192,Loan Officer-000002,Assess loan risk,2023-02-27 10:11:07.500000+00:00,2023-02-27 10:31:07.500000+00:00
195,AML Investigator-000001,AML check,2023-02-27 10:23:34.823000+00:00,2023-02-27 10:31:36.187000+00:00
194,Clerk-000005,Check credit history,2023-02-27 09:56:58.778000+00:00,2023-02-27 10:33:01.521000+00:00
192,Clerk-000002,Reject application,2023-02-27 10:31:07.500000+00:00,2023-02-27 10:41:07.500000+00:00
193,Loan Officer-000001,Assess loan risk,2023-02-27 10:25:27.385000+00:00,2023-02-27 10:45:27.385000+00:00
191,Senior Officer-000002,Approve loan offer,2023-02-27 10:27:19.685000+00:00,2023-02-27 10:47:19.685000+00:00
196,AML Investigator-000002,AML check,2023-02-27 10:25:27.385000+00:00,2023-02-27 10:50:30.583000+00:00
193,Loan Officer-000003,Design loan offer,2023-02-27 10:45:27.385000+00:00,2023-02-27 10:51:02.310000+00:00
195,Loan Officer-000004,Assess loan risk,2023-02-27 10:31:36.187000+00:00,2023-02-27 10:51:36.187000+00:00
191,Clerk-000003,Approve application,2023-02-27 10:47:19.685000+00:00,2023-02-27 10:52:19.685000+00:00
196,Appraiser-000001,Appraise property,2023-02-27 10:28:16.725000+00:00,2023-02-27 10:59:51.233000+00:00
195,Clerk-000008,Reject application,2023-02-27 10:51:36.187000+00:00,2023-02-27 11:01:36.187000+00:00
193,Senior Officer-000001,Approve loan offer,2023-02-27 10:51:02.310000+00:00,2023-02-27 11:11:02.310000+00:00
193,Clerk-000004,Cancel application,2023-02-27 11:11:02.310000+00:00,2023-02-27 11:16:02.310000+00:00
196,Loan Officer-000002,Assess loan risk,2023-02-27 10:59:51.233000+00:00,2023-02-27 11:19:51.233000+00:00
197,Clerk-000007,Check application form completeness,2023-02-27 10:30:00+00:00,2023-02-27 11:20:32.644000+00:00
197,Appraiser-000001,Appraise property,2023-02-27 11:20:32.644000+00:00,2023-02-27 11:26:09.502000+00:00
196,Clerk-000001,Reject application,2023-02-27 11:19:51.233000+00:00,2023-02-27 11:29:51.233000+00:00
197,Clerk-000005,Check credit history,2023-02-27 11:20:32.644000+00:00,2023-02-27 11:31:00.682000+00:00
199,Clerk-000002,Check application form completeness,2023-02-27 11:30:00+00:00,2023-02-27 11:32:00.719000+00:00
197,AML Investigator-000001,AML check,2023-02-27 11:20:32.644000+00:00,2023-02-27 11:32:05.272000+00:00
199,AML Investigator-000002,AML check,2023-02-27 11:32:00.719000+00:00,2023-02-27 11:40:31.825000+00:00
197,Loan Officer-000001,Assess loan risk,2023-02-27 11:32:05.272000+00:00,2023-02-27 11:52:05.272000+00:00
194,Appraiser-000002,Appraise property,2023-02-27 09:56:58.778000+00:00,2023-02-27 11:52:49.546000+00:00
199,Appraiser-000001,Appraise property,2023-02-27 11:32:00.719000+00:00,2023-02-27 11:56:48.498000+00:00
197,Clerk-000008,Reject application,2023-02-27 11:52:05.272000+00:00,2023-02-27 12:02:05.272000+00:00
194,Loan Officer-000003,Assess loan risk,2023-02-27 11:52:49.546000+00:00,2023-02-27 12:12:49.546000+00:00
198,Clerk-000006,Check application form completeness,2023-02-27 11:00:00+00:00,2023-02-27 12:14:27.978000+00:00
199,Clerk-000003,Check credit history,2023-02-27 11:32:00.719000+00:00,2023-02-27 12:19:33.108000+00:00
198,Clerk-000007,Check credit history,2023-02-27 12:14:27.978000+00:00,2023-02-27 12:27:18.191000+00:00
201,Clerk-000001,Check application form completeness,2023-02-27 12:30:00+00:00,2023-02-27 12:31:21.712000+00:00
198,Appraiser-000002,Appraise property,2023-02-27 12:14:27.978000+00:00,2023-02-27 12:32:22.656000+00:00
200,Clerk-000004,Check application form completeness,2023-02-27 12:00:00+00:00,2023-02-27 12:34:46.535000+00:00
194,Loan Officer-000004,Design loan offer,2023-02-27 12:12:49.546000+00:00,2023-02-27 12:35:03.291000+00:00
198,AML Investigator-000001,AML check,2023-02-27 12:14:27.978000+00:00,2023-02-27 12:35:50.780000+00:00
199,Loan Officer-000002,Assess loan risk,2023-02-27 12:19:33.108000+00:00,2023-02-27 12:39:33.108000+00:00
199,Clerk-000008,Reject application,2023-02-27 12:39:33.108000+00:00,2023-02-27 12:49:33.108000+00:00
194,Senior Officer-000002,Approve loan offer,2023-02-27 12:35:03.291000+00:00,2023-02-27 12:55:03.291000+00:00
198,Loan Officer-000001,Assess loan risk,2023-02-27 12:35:50.780000+00:00,2023-02-27 12:55:50.780000+00:00
201,AML Investigator-000002,AML check,2023-02-27 12:31:21.712000+00:00,2023-02-27 12:59:40.379000+00:00
194,Clerk-000006,Cancel application,2023-02-27 12:55:03.291000+00:00,2023-02-27 13:00:03.291000+00:00
200,Clerk-000002,Check credit history,2023-02-27 12:34:46.535000+00:00,2023-02-27 13:02:27.639000+00:00
201,Clerk-000005,Check credit history,2023-02-27 12:31:21.712000+00:00,2023-02-27 13:02:55.776000+00:00
198,Clerk-000003,Reject application,2023-02-27 12:55:50.780000+00:00,2023-02-27 13:05:50.780000+00:00
200,AML Investigator-000001,AML check,2023-02-27 12:35:50.780000+00:00,2023-02-27 13:09:16.502000+00:00
202,Clerk-000007,Check application form completeness,2023-02-27 13:00:00+00:00,2023-02-27 13:20:56.870000+00:00
202,Clerk-000001,Return application back to applicant,2023-02-27 13:20:56.870000+00:00,2023-02-27 13:25:56.870000+00:00
201,Appraiser-000001,Appraise property,2023-02-27 12:31:21.712000+00:00,2023-02-27 13:32:45.619000+00:00
203,Clerk-000004,Check application form completeness,2023-02-27 13:30:00+00:00,2023-02-27 13:40:24.110000+00:00
201,Loan Officer-000003,Assess loan risk,2023-02-27 13:32:45.619000+00:00,2023-02-27 13:52:45.619000+00:00
204,Clerk-000006,Check application form completeness,2023-02-27 14:00:00+00:00,2023-02-27 14:02:05.525000+00:00
201,Loan Officer-000004,Design loan offer,2023-02-27 13:52:45.619000+00:00,2023-02-27 14:02:22.714000+00:00
200,Appraiser-000002,Appraise property,2023-02-27 12:34:46.535000+00:00,2023-02-27 14:03:37.705000+00:00
204,Clerk-000002,Return application back to applicant,2023-02-27 14:02:05.525000+00:00,2023-02-27 14:07:05.525000+00:00
203,Appraiser-000001,Appraise property,2023-02-27 13:40:24.110000+00:00,2023-02-27 14:07:32.655000+00:00
203,AML Investigator-000002,AML check,2023-02-27 13:40:24.110000+00:00,2023-02-27 14:08:18.750000+00:00
201,Senior Officer-000001,Approve loan offer,2023-02-27 14:02:22.714000+00:00,2023-02-27 14:22:22.714000+00:00
200,Loan Officer-000002,Assess loan risk,2023-02-27 14:03:37.705000+00:00,2023-02-27 14:23:37.705000+00:00
203,Clerk-000008,Check credit history,2023-02-27 13:40:24.110000+00:00,2023-02-27 14:25:56.597000+00:00
202,Applicant-000001,Applicant completes form,2023-02-27 13:25:56.870000+00:00,2023-02-27 14:25:56.870000+00:00
200,Loan Officer-000001,Design loan offer,2023-02-27 14:23:37.705000+00:00,2023-02-27 14:26:05.363000+00:00
201,Clerk-000005,Approve application,2023-02-27 14:22:22.714000+00:00,2023-02-27 14:27:22.714000+00:00
203,Loan Officer-000003,Assess loan risk,2023-02-27 14:25:56.597000+00:00,2023-02-27 14:45:56.597000+00:00
200,Senior Officer-000002,Approve loan offer,2023-02-27 14:26:05.363000+00:00,2023-02-27 14:46:05.363000+00:00
203,Loan Officer-000004,Design loan offer,2023-02-27 14:45:56.597000+00:00,2023-02-27 14:49:11.472000+00:00
200,Clerk-000001,Cancel application,2023-02-27 14:46:05.363000+00:00,2023-02-27 14:51:05.363000+00:00
205,Clerk-000007,Check application form completeness,2023-02-27 14:30:00+00:00,2023-02-28 07:06:07.165000+00:00
203,Senior Officer-000001,Approve loan offer,2023-02-27 14:49:11.472000+00:00,2023-02-28 07:09:11.472000+00:00
202,Clerk-000003,Check application form completeness,2023-02-27 14:25:56.870000+00:00,2023-02-28 07:15:47.114000+00:00
204,Applicant-000001,Applicant completes form,2023-02-27 14:25:56.870000+00:00,2023-02-28 07:25:56.870000+00:00
206,Clerk-000004,Check application form completeness,2023-02-27 15:00:00+00:00,2023-02-28 07:36:33.966000+00:00
